50003307,061001005002,066007001005
50003308,065005008003,066011005008
50003309,065005008003,066011005008
50003314,065005004002,066011005004
50003310,065005008003,066011005008
50003311,065005008003,066011005008
50003312,065005008003,066011005008
50003313,065005008003,066011005008
50001066,065005011002,066011005011
50008228,065004004001,066011004004
50008208,065005003001,066011005003
50008188,065005004001,066011005004
50008848,065005004001,066011005004
50001060,065005011003,066011005011
50001064,065005011003,066011005011
50003321,065005006002,066011005006
50003315,065005006002,066011005006
50003316,065005006002,066011005006
50003317,065005006002,066011005006
50003318,065005006002,066011005006
50003319,065005006002,066011005006
50003320,065005006002,066011005006
50001061,065005005001,066011005005
50003328,065006011006,066011006011
50003327,065006011006,066011006011
50003325,065006011006,066011006011
50003324,065006011006,066011006011
50003326,065006011006,066011006011
50003323,065006011006,066011006011
50001062,065005008002,066011005008
50003691,065005011002,066011005011
50003690,065005011001,066011005011
50003694,065005011001,066011005011
50003693,065005011001,066011005011
50003696,065005011001,066011005011
50003329,065005010001,066011005010
50003692,065005011001,066011005011
50001067,065005010002,066011005010
50007146,065005010002,066011005010
50003322,065005010001,066011005010
50003684,065005010001,066011005010
50003685,065005010001,066011005010
50003686,065005010001,066011005010
50003687,065005010001,066011005010
50003688,065005010002,066011005010
50003689,065005010001,066011005010
50001063,065005010001,066011005010
50001065,065005010001,066011005010
50001310,065001004001,066011001004
50003242,065001001007,066011001001
50003245,065001001004,066011001001
50003248,065001001006,066011001001
50003250,060001005006,066006001005
50003247,065001001005,066011001001
50003249,065001001006,066011001001
50003243,065001001002,066011001001
50003246,065001001007,066011001001
50003244,065001001003,066011001001
50009000,065001001006,066011001001
50001311,065006007002,066011006007
50003251,065001002001,066011001002
50003253,065001002002,066011001002
50003254,065001002004,066011001002
50003304,064001010001,066010001009
50003306,065003004001,066011003004
50003298,065003004001,066011003004
50003300,065003006001,066011003006
50003299,065003005001,066011001003
50003296,065003002004,066011003002
50003297,065003002001,066011003002
50003302,065003006002,066011003006
50003301,065006007001,066011006007
50003305,065003004001,066011003004
50003303,065003003003,066011003003
50003294,065003005002,066011001003
50003683,065003005001,066011001003
50003266,065006011002,066011006011
50003291,065001003002,066011001003
50003295,065003005005,066011001003
50003682,065001003001,066011001003
50003264,065001003005,066011001003
50003265,065003005004,066011001003
50003293,065003005002,066011001003
50003292,065003005002,066011001003
50001347,065003002001,066011003002
50003677,065003002001,066011003002
50003263,065003002001,066011003002
50003680,065003002002,066011003002
50003681,065003002001,066011003002
50007169,065003003004,066011003003
50003675,065003002001,066011003002
50003676,065003002003,066011003002
50003695,065004006003,066011004006
50003678,065003002004,066011003002
50003679,065003002001,066011003002
50001346,065003003002,066011003003
50000980,065007004004,066011007004
50003503,065007004001,066011007004
50003504,065007004001,066011007004
50003502,065007004001,066011007004
50003501,065007004001,066011007004
50003505,065007004003,066011007004
50003506,065007004003,066011007004
50003509,065007004002,066011007004
50003510,065007004002,066011007004
50003508,065007004002,066011007004
50003507,065007004002,066011007004
50000979,065007004004,066011007004
50001325,065004005002,066011004005
50001323,065004005002,066011004005
50001322,065004006006,066011004006
50001324,065004005002,066011004005
50001321,065004002001,066011004002
50001330,065004006010,066011004006
50001320,065004003001,066011004003
50001326,065004005005,066011004005
50001327,065004006005,066011004006
50001328,065004006010,066011004006
50001329,065004005002,066011004005
50001319,065004005003,066011004005
50000851,061003009002,066007003009
50003658,061003008002,066007003008
50003657,065007010001,066007003009
50003660,061003009002,066007003009
50003659,061003009002,066007003009
50006874,061003009002,066007003009
50000850,061003009002,066007003009
50000849,061003009002,066007003009
50003661,061003009002,066007003009
50003663,061003009002,066007003009
50003665,061003009002,066007003009
50003662,065007009008,066011007009
50003664,061003009002,066007003009
50003666,061003009002,066007003009
50003669,061003009002,066007003009
50003667,061003009002,066007003009
50003668,061003009002,066007003009
50001339,065003006001,066011003006
50001342,065003001002,066011003001
50001344,065003004001,066011003004
50001340,060001005005,066006001005
50001345,065003001003,066011003001
50001337,065003007001,066011003007
50001341,065003005003,066011001003
50001336,065003004001,066011003004
50001332,065003002003,066011003002
50001333,065003005004,066011001003
50001334,065003004001,066011003004
50001335,065003002001,066011003002
50003671,060001005001,066006001005
50003672,060001005001,066006001005
50003673,060001005001,066006001005
50003262,065003001003,066011003001
50001338,065003007002,066011003007
50001059,056003001017,066002003001
50001058,056003001017,066002003001
50001055,056003001011,066002003001
50001054,056003001010,066002003001
50001056,056003001017,066002003001
50001057,056003001017,066002003001
50000968,065006013003,066011006013
50000965,065006013006,066011006013
50000963,056008002006,066002008001
50000964,065006012003,066011006012
50006788,065006012007,066011006012
50006313,068001008004,066012001008
50006312,065006005002,066011006005
50007190,065006013005,066011006013
50006311,065006012007,066011006012
50006310,065006012007,066011006012
50003330,065006002002,066011006002
50003331,065006002001,066011006002
50003343,065006004001,066011006004
50003345,065006004006,066011006004
50003344,065006004006,066011006004
50003357,065006003001,066011006003
50006876,065006003005,066011006003
50003355,065006003001,066011006003
50003356,065006003003,066011006003
50003353,065006003001,066011006003
50003354,065006003002,066011006003
50006875,065006003001,066011006003
50003347,065006005007,066011006005
50003352,065006005009,066011006005
50003349,065006005008,066011006005
50003346,065006005011,066011006005
50003348,065006005008,066011006005
50003350,065006005008,066011006005
50003351,065008001005,066011008001
50000966,065006013005,066011006013
50001076,065006013005,066011006013
50000962,065006013005,066011006013
50000961,065006013005,066011006013
50001074,065006012005,066011006012
50001075,065006013005,066011006013
50001073,065006013005,066011006013
50001072,065006013005,066011006013
50001070,065006013005,066011006013
50001069,065006013005,066011006013
50000967,065006013005,066011006013
50007247,065006001002,066011005007
50003334,065006001001,066011005007
50003332,065005007003,066011005007
50003336,065005007003,066011005007
50003333,065005007003,066011005007
50003335,065005007003,066011005007
50003338,065005003003,066011005003
50003340,065006001002,066011005007
50003341,065005007008,066011005007
50003337,065005007004,066011005007
50003339,065005007006,066011005007
50003342,065005007008,066011005007
50001071,065006010009,066011006010
50001317,065004005002,066011004005
50001318,065004005001,066011004005
50001313,065004005001,066011004005
50003258,065004005001,066011004005
50003255,065004001001,066011004001
50003260,065004001006,066011004001
50003256,065004001003,066011004001
50003257,065004001002,066011004001
50003261,065004001007,066011004001
50001315,065004003003,066011004003
50001316,065004003001,066011004003
50000976,065007007001,066011007007
50000973,065007001009,066011002006
50003473,065007001003,066011002006
50003471,065002002002,066011002002
50003472,065007001003,066011002006
50003470,065002002001,066011002002
50000974,065007001009,066011002006
50003474,060001001011,066006001001
50003475,065007003002,066011007003
50003476,065007008002,066011007008
50003477,065007005007,066011007005
50003478,065007001001,066011002006
50000969,065007001007,066011002006
50003481,065007002003,066011007002
50003482,065007001004,066011002006
50000972,065007005006,066011007005
50000975,065007001003,066011002006
50000970,065007007002,066011007007
50007048,065007001006,066011002006
50007049,065007005005,066011007005
50003480,065007002004,066011007002
50003479,065007005009,066011007005
50000971,065007001011,066011002006
50003489,065007002004,066011007002
50003488,065007002004,066011007002
50003487,065007002004,066011007002
50003490,065007002004,066011007002
50003499,065007002003,066011007002
50003500,065007002003,066011007002
50003493,065007002004,066011007002
50003492,065007002004,066011007002
50003491,065007002004,066011007002
50003494,065007002004,066011007002
50003497,065007001008,066011002006
50003496,065007002004,066011007002
50003495,065007002004,066011007002
50003498,065007002004,066011007002
50003485,065007002004,066011007002
50003484,065007002004,066011007002
50003483,065007002004,066011007002
50003486,065007002004,066011007002
50000977,065007002004,066011007002
50003237,065006006004,066011006006
50003240,065006006005,066011006006
50003238,065006006001,066011006006
50003239,065006006003,066011006006
50003224,065007005005,066011007005
50003223,065002003001,066011002003
50003222,065002003001,066011002003
50003225,065002003001,066011002003
50003226,065002003002,066011002003
50001308,065002005004,066011002005
50007189,065002005001,066011002005
50003231,065004005004,066011004005
50003229,065005002001,066011005002
50003227,065002001001,066011002001
50003228,065002001001,066011002001
50003230,065002005004,066011002005
50003212,065002002001,066011002002
50003219,065002002003,066011002002
50007069,065007001010,066011002006
50003221,065002005003,066011002005
50003211,065002002001,066011002002
50003217,065002002003,066011002002
50003216,065002002003,066011002002
50003218,065002002003,066011002002
50003215,065002002003,066011002002
50003213,065002002002,066011002002
50003214,065002002002,066011002002
50006200,065002002003,066011002002
50003220,065002002003,066011002002
50001309,065002005004,066011002005
50001307,065002005003,066011002005
50003232,065002005002,066011002005
50003234,065002005002,066011002005
50003233,065002005002,066011002005
50003236,065002005002,066011002005
50003235,065002005002,066011002005
50000983,065007005008,066011007005
50000981,065008003004,066011008003
50000982,065008003003,066011008003
50000984,065007005008,066011007005
50003511,065008003001,066011008003
50003513,065007005008,066011007005
50003512,065007005008,066011007005
50000852,065008003003,066011008003
50000864,065008001002,066011008001
50000857,065008001004,066011008001
50000861,065008002002,066011008002
50000862,065008001002,066011008001
50000860,065008002002,066011008002
50000859,065008002001,066011008002
50000865,065008001002,066011008001
50000853,065008001002,066011008001
50000866,065008001002,066011008001
50000863,065008001002,066011008001
50000858,065008001003,066011008001
50003514,065008001002,066011008001
50003515,065008001002,066011008001
50003516,065008001005,066011008001
50000867,065008001005,066011008001
50006168,065008002001,066011008002
50003641,065006013004,066011006013
50003526,065007009005,066011007009
50003524,061008003002,066007008003
50003522,061008003002,066007008003
50003523,061008003002,066007008003
50003527,065007009005,066011007009
50003525,061008003002,066007008003
50003640,061008003004,066007008003
50003521,065007001003,066011002006
50003517,065007009010,066011007009
50003518,065007009011,066011007009
50003520,065007009005,066011007009
50003643,065007009009,066011007009
50003644,065007009001,066011007009
50003647,065007009001,066011007009
50003649,065007009001,066011007009
50003648,060001005010,066006001005
50003651,065007009001,066011007009
50003652,065007009012,066011007009
50003645,065007009001,066011007009
50003642,065007009009,066011007009
50003646,065007009001,066011007009
50003656,065007004004,066011007004
50003655,065007009001,066011007009
50003654,065007009001,066011007009
50003653,065007009001,066011007009
50003650,065007009001,066011007009
50011581,068001004003,066012001004
50005803,068001004001,066012001004
50005801,068001004001,066012001004
50005802,068001004001,066012001004
50011600,068001004003,066012001004
50005817,068001004003,066012001004
50005819,068001004003,066012001004
50005816,068001004003,066012001004
50005818,068001004003,066012001004
50010100,068001004002,066012001004
50010081,068001004002,066012001004
50010400,068001004004,066012001004
50005814,068001004004,066012001004
50005812,068001004004,066012001004
50005813,068001004004,066012001004
50005804,068001004001,066012001004
50005805,068002008006,066012002001
50005809,068001004002,066012001004
50005808,068001020003,066012001015
50005810,068001009005,066012001009
50005811,068001004002,066012001004
50011620,068001010001,066012001010
50009961,068001010002,066012001010
50009941,068001010002,066012001010
50009980,068001010002,066012001010
50009981,068001010002,066012001010
50010000,068001010002,066012001010
50010080,068001010002,066012001010
50009960,068001010002,066012001010
50011640,068001010002,066012001010
50011320,068001001004,066012001001
50010060,068001009007,066012001009
50010022,068001009007,066012001009
50010025,068001009007,066012001009
50010061,068001009007,066012001009
50010020,068001009007,066012001009
50010062,068001009007,066012001009
50009982,068001009007,066012001009
50009962,068001009007,066012001009
50009942,068001009007,066012001009
50009983,068001009007,066012001009
50010021,068001009007,066012001009
50010040,068001009007,066012001009
50010024,068001009007,066012001009
50010023,068001009007,066012001009
50010480,068001005003,066012001005
50011420,068001005003,066012001005
50005829,068001002002,066012001002
50005826,068001002002,066012001002
50005827,068001002005,066012001002
50010520,068001005003,066012001005
50005822,068001002006,066012001002
50005821,068001002001,066012001002
50005824,068001002006,066012001002
50005825,068001002006,066012001002
50005820,068001002006,066012001002
50005823,068001002006,066012001002
50005832,068001002003,066012001002
50005830,068001002003,066012001002
50005831,068001002003,066012001002
50005833,068001002003,066012001002
50005834,068001002003,066012001002
50011341,068001005003,066012001005
50005836,068001002004,066012001002
50005835,068001002004,066012001002
50005837,068001002004,066012001002
50010560,068001014011,066012001013
50010223,068001014011,066012001013
50010222,068001014011,066012001013
50010142,068001014011,066012001013
50009963,068001014011,066012001013
50011520,068001029010,066012001020
50010741,068001020001,066012001015
50005945,068001020001,066012001015
50005946,068001020001,066012001015
50005947,068001020001,066012001015
50005948,068001020001,066012001015
50010683,068001020009,066012001015
50005968,068001029005,066012001020
50005964,068001020008,066012001015
50005966,068001020009,066012001015
50005967,068001020009,066012001015
50005965,068001020007,066012001015
50010684,068001029010,066012001020
50005951,068001029001,066012001020
50005955,068001029001,066012001020
50005952,068001029001,066012001020
50005954,068001029001,066012001020
50005949,068001020002,066012001015
50005953,068001029001,066012001020
50010682,068001029007,066012001020
50005950,068001029001,066012001020
50011540,068001029010,066012001020
50005958,068001023008,066012001018
50005959,068001029003,066012001020
50005956,068001020004,066012001015
50010621,068001029008,066012001020
50005957,068001029003,066012001020
50005963,068001029004,066012001020
50005962,068001029004,066012001020
50005960,068001020005,066012001015
50010720,068001029009,066012001020
50005961,068001029004,066012001020
50010740,068001029009,066012001020
50005727,068001013006,066012001012
50011660,068001013011,066012001012
50005730,068001013008,066012001012
50005722,068001013002,066012001012
50005733,068001013011,066012001012
50005723,068001013004,066012001012
50005729,068001013005,066012001012
50005724,068001013010,066012001012
50005725,068001013001,066012001012
50005726,068001013011,066012001012
50005728,068001013007,066012001012
50005735,068001013011,066012001012
50005732,068001013009,066012001012
50005734,068001013011,066012001012
50005731,068001013011,066012001012
50011460,068001005003,066012001005
50010201,068001005003,066012001005
50010240,068001005003,066012001005
50005846,068001021001,066012001016
50005847,068001021001,066012001016
50005853,068001021014,066012001016
50005854,068001021014,066012001016
50005850,068001021014,066012001016
50005849,068001021014,066012001016
50005851,068001021014,066012001016
50005852,068001021014,066012001016
50005862,068001021003,066012001016
50005859,068001021003,066012001016
50005860,068001021003,066012001016
50005863,068001021003,066012001016
50005861,068001021003,066012001016
50005864,068001021003,066012001016
50005857,068001021003,066012001016
50005856,068001021003,066012001016
50005855,068001021003,066012001016
50005867,068001005003,066012001005
50005866,068001005003,066012001005
50005865,068001005003,066012001005
50010200,068001005003,066012001005
50011461,068001005003,066012001005
50005841,068001007003,066012001007
50005842,068001007003,066012001007
50005840,068001007003,066012001007
50005845,068001005003,066012001005
50005844,068001005003,066012001005
50005843,068001005003,066012001005
50011340,068001001001,066012001001
50005763,068001001001,066012001001
50005762,068001023003,066012001018
50005761,068001001001,066012001001
50010262,068001001004,066012001001
50010261,068001001004,066012001001
50010340,068001001004,066012001001
50009921,068001001004,066012001001
50005760,068001001001,066012001001
50005759,068001001001,066012001001
50005757,068001001001,066012001001
50005754,068001001001,066012001001
50005755,068001001001,066012001001
50005756,068001001001,066012001001
50005758,068001001001,066012001001
50010440,068001005001,066012001005
50010421,068001006002,066012001006
50010263,068001006003,066012001006
50010460,068001006001,066012001006
50011360,068001001001,066012001001
50005764,068001001001,066012001001
50005769,068001001001,066012001001
50010362,068001001002,066012001001
50005767,068001001001,066012001001
50005768,068001001001,066012001001
50005766,068001001001,066012001001
50005765,068001013008,066012001012
50005772,068001001001,066012001001
50010381,068001013004,066012001012
50005773,068001001001,066012001001
50005771,068001001002,066012001001
50005770,068001001001,066012001001
50010002,068001001001,066012001001
50010401,068001001001,066012001001
50011680,068001022006,066012001017
50006005,068001022006,066012001017
50006006,068001022006,066012001017
50010523,068001022006,066012001017
50010584,068001022006,066012001017
50010820,068001022006,066012001017
50010662,068001022006,066012001017
50010622,068001022006,066012001017
50005989,068001027003,066012001019
50005992,068001022006,066012001017
50010780,068001022006,066012001017
50010701,068001022006,066012001017
50005987,068001027003,066012001019
50005988,068001027003,066012001019
50005976,068001022004,066012001017
50005978,068001022004,066012001017
50005977,068001022004,066012001017
50005981,068001022004,066012001017
50005983,068001022004,066012001017
50005979,068001012003,066012001011
50005986,068001022004,066012001017
50005982,068001022004,066012001017
50005980,068001022004,066012001017
50005985,068001022004,066012001017
50005984,068001022004,066012001017
50010841,068001022006,066012001017
50010762,068001022006,066012001017
50010800,068001022001,066012001017
50010522,068001022006,066012001017
50010585,068001022006,066012001017
50010880,068001022006,066012001017
50011200,068001022006,066012001017
50011260,068001022006,066012001017
50011220,068001022006,066012001017
50011240,068001022006,066012001017
50011180,068001022006,066012001017
50005972,068001022002,066012001017
50005973,068001022002,066012001017
50005974,068001022002,066012001017
50005975,068001022003,066012001017
50005970,068001022002,066012001017
50005971,068001022002,066012001017
50005969,068001022002,066012001017
50010601,068001022005,066012001017
50010861,068001022005,066012001017
50010900,068001022005,066012001017
50010685,068001022005,066012001017
50010764,068001022002,066012001017
50011380,068001001003,066012001001
50005579,068001001003,066012001001
50005577,068001001003,066012001001
50005574,068001007006,066012001007
50005578,068001001003,066012001001
50005581,068001001003,066012001001
50005576,068001001003,066012001001
50005575,068001001003,066012001001
50005580,068001003004,066012001003
50010500,068001001003,066012001001
50010264,068001001003,066012001001
50010361,068001023003,066012001018
50011400,068001001003,066012001001
50011300,068001023003,066012001018
50011740,068001023003,066012001018
50010360,068001004003,066012001004
50011280,068001001003,066012001001
50011720,068001001003,066012001001
50011343,068001014006,066012001013
50010884,068001014006,066012001013
50010842,068001014006,066012001013
50010980,068001014006,066012001013
50006124,068001014005,066012001013
50006127,068001014005,066012001013
50006126,068001014005,066012001013
50006125,068001029002,066012001020
50006123,068001014005,066012001013
50011423,068001014006,066012001013
50011161,068001014006,066012001013
50010144,068001014005,066012001013
50011642,068001006005,066012001006
50006009,068001009001,066012001009
50006011,068001009001,066012001009
50006014,068001009001,066012001009
50006008,068001009001,066012001009
50006012,068001009001,066012001009
50006013,068001009001,066012001009
50006010,068001009001,066012001009
50006028,068001009004,066012001009
50006027,068001009004,066012001009
50006029,068001009004,066012001009
50006026,068001009003,066012001009
50006024,068001009003,066012001009
50006023,068001009003,066012001009
50006022,068001009003,066012001009
50006025,068001009003,066012001009
50006021,068001009002,066012001009
50006017,068001009002,066012001009
50006015,068001009002,066012001009
50006016,068001009002,066012001009
50006020,068001009002,066012001009
50006018,068001009002,066012001009
50006019,068001009002,066012001009
50011500,068001006005,066012001006
50005877,068001006002,066012001006
50005876,068001006002,066012001006
50005875,068001013003,066012001012
50005874,068001006003,066012001006
50005872,068001006004,066012001006
50005873,068001006004,066012001006
50005871,068001006005,066012001006
50005868,068001006005,066012001006
50005869,068001006005,066012001006
50011381,068001006005,066012001006
50010341,068001006005,066012001006
50005879,068001006001,066012001006
50005880,068001006001,066012001006
50005881,068001006001,066012001006
50005878,068001006001,066012001006
50005882,068001007002,066012001007
50005911,068001008005,066012001008
50011580,068001008005,066012001008
50005898,068001008002,066012001008
50005897,068001008002,066012001008
50005896,068001008002,066012001008
50005899,068001027006,066012001019
50005900,068001027006,066012001019
50005901,068001027006,066012001019
50005890,068001008004,066012001008
50005891,068001008004,066012001008
50005888,068001008004,066012001008
50005889,068001008004,066012001008
50005904,068001008004,066012001008
50005902,068001008004,066012001008
50005903,068001008004,066012001008
50010540,068001008006,066012001008
50005907,068001008006,066012001008
50005905,068001008006,066012001008
50005906,068001008006,066012001008
50005908,068001008006,066012001008
50005910,068001008006,066012001008
50010221,068001008001,066012001008
50005885,068001008001,066012001008
50005884,068001008001,066012001008
50005886,068001023009,066012001018
50011521,068001008005,066012001008
50005895,068001008003,066012001008
50005893,068001008003,066012001008
50005894,068002008001,066012002001
50011700,068001023010,066012001018
50005743,068001023010,066012001018
50005739,068001008002,066012001008
50005738,068001023004,066012001018
50005749,068001023009,066012001018
50005736,068001023003,066012001018
50005751,068001023009,066012001018
50005744,068001023001,066012001018
50005741,068001023010,066012001018
50005737,068001014004,066012001013
50010564,068001023004,066012001018
50011020,068001015001,0
50010502,068001005002,066012001005
50005752,068001023008,066012001018
50005747,068001023010,066012001018
50005742,068001023010,066012001018
50005740,068001023006,066012001018
50005750,068001023009,066012001018
50011800,068001014006,066012001013
50006103,068001014006,066012001013
50006104,068001014006,066012001013
50006101,068001014006,066012001013
50006102,068001014006,066012001013
50006100,068001023002,066012001018
50006098,068001014003,066012001013
50006097,068001014006,066012001013
50006099,068001014006,066012001013
50006109,068001014006,066012001013
50006105,068001014006,066012001013
50006107,068001014005,066012001013
50006108,068001014005,066012001013
50006106,068001014005,066012001013
50011141,068001014006,066012001013
50011120,068001014006,066012001013
50011140,068001014006,066012001013
50011421,068001005003,066012001005
50005778,068001005002,066012001005
50005779,068001005002,066012001005
50005792,068001005001,066012001005
50005791,068001005001,066012001005
50011440,068001005003,066012001005
50005775,068001013002,066012001012
50005777,068001005001,066012001005
50005776,068001023004,066012001018
50010422,068001005001,066012001005
50005795,068001015001,066012001005
50005794,068001015001,066012001005
50005793,068001015001,066012001005
50005782,068001005002,066012001005
50005785,068001005002,066012001005
50005784,068001005002,066012001005
50005783,068001005002,066012001005
50005786,068001005002,066012001005
50011342,068001003006,066012001003
50005626,068001003006,066012001003
50005622,068001003001,066012001003
50005623,068001003006,066012001003
50011422,068001003006,066012001003
50005625,068001003003,066012001003
50005624,068001003002,066012001003
50010141,068001022002,066012001017
50011361,068001012004,066012001011
50005677,068001021010,066012001016
50010760,068001027004,066012001019
50010583,068001012004,066012001011
50005678,068001021010,066012001016
50005679,068001021013,066012001016
50005676,068001021010,066012001016
50005672,068001021010,066012001016
50005674,068001021010,066012001016
50005671,068001021010,066012001016
50011480,068001012004,066012001011
50005675,068001021010,066012001016
50005673,068001021010,066012001016
50011621,068001027010,066012001019
50010883,068001027008,066012001019
50010940,068001027008,066012001019
50010563,068001027002,066012001019
50010882,068001027002,066012001019
50006059,068001027010,066012001019
50006057,068001027010,066012001019
50006058,068001027010,066012001019
50006072,068001027009,066012001019
50006069,068001027003,066012001019
50006071,068001027003,066012001019
50006070,068001019006,066012001014
50010960,068001027010,066012001019
50010561,068001027001,066012001019
50006081,068001027005,066012001019
50006078,068001009007,066012001009
50006080,068001027005,066012001019
50006079,068001027005,066012001019
50006077,068001027010,066012001019
50006076,068001027010,066012001019
50006073,068001027010,066012001019
50010383,068001027005,066012001019
50010143,068001027010,066012001019
50006084,068001023009,066012001018
50006086,068001027007,066012001019
50006083,068001023009,066012001018
50006085,068001023009,066012001018
50006082,068001023009,066012001018
50010801,068001027010,066012001019
50006060,068001027004,066012001019
50006064,068001012004,066012001011
50006062,068001027004,066012001019
50006061,068001027004,066012001019
50006063,068001027004,066012001019
50010941,068001027010,066012001019
50006068,068001027004,066012001019
50006065,068001027004,066012001019
50006067,068001027004,066012001019
50006066,068001022005,066012001017
50011780,068001015001,066012001005
50005640,068001015002,066012001005
50005643,068001015007,066012001005
50005642,068001015004,066012001005
50005639,068001015001,066012001005
50005641,068001015003,066012001005
50010345,068001019011,066012001014
50010641,068001019011,066012001014
50010521,068001019011,066012001014
50010344,068001019011,066012001014
50010343,068001019011,066012001014
50010580,068001019011,066012001014
50010441,068001019011,066012001014
50010620,068001019011,066012001014
50010600,068001019011,066012001014
50010640,068001019011,066012001014
50011424,068001019011,066012001014
50010700,068001019005,066012001014
50010681,068001019005,066012001014
50010680,068001019005,066012001014
50011560,068001001004,066012001001
50005707,068001003006,066012001003
50005711,068001014011,066012001013
50005708,068001014010,066012001013
50005710,068001014013,066012001013
50005709,068001014011,066012001013
50005706,068001003005,066012001003
50010581,068001014007,066012001013
50010582,068001014007,066012001013
50010482,068001014007,066012001013
50010346,068001014007,066012001013
50010483,068001014008,066012001013
50010347,068001014008,066012001013
50010348,068001014008,066012001013
50010349,068001014008,066012001013
50010484,068001019005,066012001014
50006037,068001022005,066012001017
50006038,068001022005,066012001017
50006039,068001022005,066012001017
50006040,068001022005,066012001017
50006041,068001022005,066012001017
50006043,068001022005,066012001017
50006042,068001022005,066012001017
50006044,068001022005,066012001017
50001737,064003001006,066010003001
50001739,064003001006,066010003001
50001738,093001001001,066010003001
50001620,064003001001,066010003001
50003115,064003001005,066010003001
50003116,064003001005,066010003001
50003117,064003001005,066010003001
50003118,064003003006,066010003003
50003119,064003001005,066010003001
50003120,064003001005,066010003001
50003121,064003001005,066010003001
50003127,064003001005,066010003001
50003122,064003001005,066010003001
50003123,064003001005,066010003001
50003124,064003001005,066010003001
50003126,064003001005,066010003001
50003125,064003005006,066010003005
50001621,064003001005,066010003001
50003102,064003001002,066010003001
50003101,064003001006,066010003001
50003103,064003001003,066010003001
50003104,064003001003,066010003001
50003106,064003001003,066010003001
50003105,064003001003,066010003001
50003108,064003001004,066010003001
50003109,064003001004,066010003001
50003107,064003001004,066010003001
50003128,064003001005,066010003001
50003129,064003001005,066010003001
50003130,064003001005,066010003001
50003131,064003001005,066010003001
50003132,064003001005,066010003001
50003133,064003001005,066010003001
50003134,064003001011,066010003001
50003135,064003001011,066010003001
50003136,064003001011,066010003001
50003141,064003001011,066010003001
50003137,064003001011,066010003001
50003138,064003001011,066010003001
50003139,064003001011,066010003001
50003140,064003001011,066010003001
50003148,064003001005,066010003001
50003147,064003001005,066010003001
50003142,064003001005,066010003001
50003146,064003001005,066010003001
50003143,064003001005,066010003001
50003144,064003001005,066010003001
50003145,064003001005,066010003001
50003110,064003001005,066010003001
50003112,064003001005,066010003001
50003113,064003001013,066010003001
50003111,064003001005,066010003001
50003114,064003001015,066010003001
50003209,064003001005,066010003001
50001574,064003001005,066010003001
50001575,064003001005,066010003001
50002777,064003001005,066010003001
50002780,064003001005,066010003001
50002781,064003001005,066010003001
50002920,064001001002,066010001001
50002921,064003001005,066010003001
50002776,064003003003,066010003003
50002922,064003001005,066010003001
50001579,064003001005,066010003001
50001571,064003005013,066010003005
50001573,064003001005,066010003001
50001572,064003001005,066010003001
50001578,064003005017,066010003005
50001577,064003001005,066010003001
50001576,064003005003,066010003005
50001735,064003004001,066010003004
50001733,064003004002,066010003004
50002771,061002006005,066007002006
50002775,064003004001,066010003004
50002772,064003004001,066010003004
50002774,064003004001,066010003004
50002770,064003004005,066010003004
50002773,064003004001,066010003004
50001736,064003004004,066010003004
50001734,064003004003,066010003004
50006848,064001002007,066010001002
50002542,064001002007,066010001002
50002539,064001002007,066010001002
50002541,064001002007,066010001002
50002538,064001002007,066010001002
50002540,064001002007,066010001002
50002547,064001002008,066010001002
50002543,064001002008,066010001002
50008940,064001002008,066010001002
50002544,064001002008,066010001002
50006201,064001002008,066010001002
50002546,064001002008,066010001002
50001851,064001002005,066010001002
50002512,064001002005,066010001002
50002511,064001002005,066010001002
50001853,064001001005,066010001001
50002535,064001001005,066010001001
50002536,064001001005,066010001001
50002537,065005012001,066011005012
50002514,064001002003,066010001002
50008981,064001002003,066010001002
50002513,064001002003,066010001002
50002519,064001002003,066010001002
50002516,064001002003,066010001002
50002515,064001002003,066010001002
50002517,064001002003,066010001002
50002518,064001002002,066010001002
50006971,064001002012,066010001002
50001521,064001002004,066010001002
50002523,064001002004,066010001002
50002522,064001002004,066010001002
50002521,064001002004,066010001002
50002526,064001002004,066010001002
50002525,064001002004,066010001002
50002527,064001002004,066010001002
50002524,064001002004,066010001002
50003207,064001002004,066010001002
50006838,064001002013,066010001002
50006836,064001002004,066010001002
50006837,064001002004,066010001002
50002534,064001002014,066010001002
50002533,064001002014,066010001002
50009120,064001002014,066010001002
50002529,064001002012,066010001002
50002532,064001002012,066010001002
50002530,064001002012,066010001002
50002528,064001002011,066010001002
50002554,064001002010,066010001002
50002553,064001002010,066010001002
50009140,064001002010,066010001002
50002552,064001002010,066010001002
50002551,064001002010,066010001002
50002556,064001002009,066010001002
50002557,064001002009,066010001002
50009160,064001002009,066010001002
50002549,064001002006,066010001002
50002548,064001002006,066010001002
50006835,064001001005,066010001001
50009220,064001002011,066010001002
50009181,064001002011,066010001002
50009240,064001002011,066010001002
50009200,064001002011,066010001002
50002013,064003001005,066010003001
50002009,064003001005,066010003001
50002010,064003001005,066010003001
50002011,064003001005,066010003001
50002012,064003001005,066010003001
50001623,064003001005,066010003001
50001624,064001010001,066010001009
50001497,064001010001,066010001009
50003151,064003003001,066010003003
50003150,064003003001,066010003003
50003149,064003003001,066010003003
50001511,064003003007,066010003003
50001498,064003001005,066010003001
50001499,064003001005,066010003001
50001622,064003001005,066010003001
50003152,064003003002,066010003003
50003153,064003003002,066010003003
50001500,064003001005,066010003001
50001503,064003001005,066010003001
50001502,064003001005,066010003001
50001504,064003003004,066010003003
50001505,064003003007,066010003003
50001506,064003003003,066010003003
50001507,064003001005,066010003001
50001508,064003001005,066010003001
50001509,064003001005,066010003001
50001510,064003005005,066010003005
50000151,064003001007,066010003001
50001587,064003005015,066010003005
50001580,064003001007,066010003001
50001586,064003001009,066010003001
50001581,064003006001,066010003006
50001582,064003001009,066010003001
50002923,064003001009,066010003001
50002924,064003001009,066010003001
50001583,064003005016,066010003005
50001584,064003001009,066010003001
50001585,064003001009,066010003001
50002961,064001005005,066010001005
50002962,064001005005,066010001005
50002963,064001005005,066010001005
50001595,064001005005,066010001005
50001596,064006001002,066010006001
50002965,064001004005,066010001004
50002964,064001004005,066010001004
50002966,064001004005,066010001004
50001599,064001004003,066010001004
50002975,064003001017,066010003001
50002972,064003001017,066010003001
50002974,064001004008,066010001004
50002973,064003001017,066010003001
50002971,064001005005,066010001005
50002969,064001005005,066010001005
50002968,064001005005,066010001005
50002970,064001005005,066010001005
50002976,064003001017,066010003001
50002978,064003001017,066010003001
50002977,064003001017,066010003001
50002979,064001005005,066010001005
50001598,064001005007,066010001005
50001597,064001004005,066010001004
50000153,064003001008,066010003001
50001593,064003001008,066010003001
50001590,064003005014,066010003005
50001592,064001005005,066010001005
50006203,064001005005,066010001005
50001591,064001005005,066010001005
50002347,064001001005,066010001001
50002346,064001001005,066010001001
50002348,064001001005,066010001001
50002373,064001001005,066010001001
50002371,061003001011,066007003001
50002372,064001009001,066010001001
50002374,065011002001,066011009002
50002357,064001001003,066010001001
50002356,064001001003,066010001001
50002358,064001001004,066010001001
50002359,064001001004,066010001001
50002362,064001004007,066010001004
50002360,064001004007,066010001004
50002361,064001004007,066010001004
50001979,064001001005,066010001001
50002344,064001001001,066010001001
50002345,064001001001,066010001001
50007508,064001001001,066010001001
50002343,064001001001,066010001001
50001980,064001001005,066010001001
50002363,064001001005,066010001001
50002364,064001001005,066010001001
50002365,064001001005,066010001001
50002366,064001001005,066010001001
50002367,064001001005,066010001001
50006964,064001001005,066010001001
50001983,064001001005,066010001001
50007045,064001001005,066010001001
50001984,064001001005,066010001001
50001981,064001001005,066010001001
50001978,064001001005,066010001001
50007070,064001001005,066010001001
50002369,064001001005,066010001001
50006963,064001001005,066010001001
50002370,064001001005,066010001001
50002368,064001001005,066010001001
50007233,064001001005,066010001001
50007216,064001001007,066010001001
50002352,064001001002,066010001001
50002350,064001001002,066010001001
50006368,064001001002,066010001001
50002351,064001001002,066010001001
50002354,064001001002,066010001001
50002349,064001001002,066010001001
50002355,064001001002,066010001001
50002353,064001001002,066010001001
50001985,061003001005,066007003001
50001982,064001001006,066010001001
50001515,064003005001,066010003005
50001516,064003005001,066010003005
50001517,064003005001,066010003005
50001513,064003005001,066010003005
50001514,064003005001,066010003005
50001512,064003005001,066010003005
50001518,064003005001,066010003005
50002116,064001005001,066010001005
50002114,064001005001,066010001005
50002115,064001005001,066010001005
50002117,064001005001,066010001005
50009100,064001005001,066010001005
50002118,064001005001,066010001005
50002014,064001005004,066010001005
50007071,064001005001,066010001005
50002119,064001005005,066010001005
50002123,064003005008,066010003005
50002124,064001005005,066010001005
50002130,064001005005,066010001005
50002131,064001005005,066010001005
50002132,064001005005,066010001005
50005246,064001005005,066010001005
50002125,064001005005,066010001005
50002127,064001005005,066010001005
50002126,064001005005,066010001005
50002120,064003003007,066010003003
50002128,064001005005,066010001005
50002129,064001005006,066010001005
50002142,064001005003,066010001005
50002143,064001005003,066010001005
50002141,064001005003,066010001005
50002140,064001005003,066010001005
50002139,064001005003,066010001005
50002144,064001005003,066010001005
50002133,064001005002,066010001005
50002134,064001005002,066010001005
50002135,064001005002,066010001005
50002138,064001005002,066010001005
50002137,064001005002,066010001005
50002136,064001005002,066010001005
50001971,064001001005,066010001001
50001969,064001001005,066010001001
50001972,064001001005,066010001001
50001974,064001001005,066010001001
50002333,064001001005,066010001001
50002329,064001001005,066010001001
50002330,064001001005,066010001001
50002331,064001001005,066010001001
50002332,064001001005,066010001001
50001975,064001001005,066010001001
50001973,064001004009,066010001004
50001963,064001001005,066010001001
50001970,064001001005,066010001001
50001964,064001001005,066010001001
50002328,064006001001,066010006001
50002327,064006001002,066010006001
50002326,064006001002,066010006001
50006972,064006001002,066010006001
50007217,064006001001,066010006001
50001968,064001001005,066010001001
50002336,064003003004,066010003003
50002334,064001004010,066010001004
50002335,064001004004,066010001004
50002322,064001004005,066010001004
50002320,064001001005,066010001001
50002321,064001001005,066010001001
50007235,064006001001,066010006001
50002319,064001001005,066010001001
50003154,064001001005,066010001001
50002318,064001001005,066010001001
50002317,064001001005,066010001001
50001966,064001001005,066010001001
50001976,064001004001,066010001004
50002339,064001004001,066010001004
50002342,064005001002,066010005001
50002340,064001004001,066010001004
50002341,064001004001,066010001004
50002338,064001004001,066010001004
50002337,064005001001,066010005001
50002325,064001001005,066010001001
50002323,064001001005,066010001001
50002324,064001001005,066010001001
50003155,064001001005,066010001001
50001967,064001001005,066010001001
50001965,064001001005,066010001001
50001977,064001004003,066010001004
50002145,064001004002,066010001004
50002146,064001004002,066010001004
50002147,064001004002,066010001004
50001987,058003004004,066004003004
50001864,058003005005,066004003005
50001992,058003005005,066004003005
50001994,058003004007,066004003004
50001986,058003004001,066004003004
50001988,058003004003,066004003004
50002375,064001006001,066010001006
50002376,064001006001,066010001006
50002379,064001006001,066010001006
50002377,064001006001,066010001006
50002378,064001006001,066010001006
50001993,058003005003,066004003005
50001989,058003004002,066004003004
50001850,058003005005,066004003005
50001997,058003004006,066004003004
50001996,058003005002,066004003005
50001991,058003005004,066004003005
50001995,064001006004,066010001006
50001990,058003004005,066004003004
50007237,064001007001,066010001007
50002733,061001001002,066007001001
50002734,061001001002,066007001001
50015120,064001001005,066010001001
50002759,064001001005,066010001001
50015001,064001001005,066010001001
50002731,061001001001,066007001001
50002732,064001007001,066010001007
50002766,064001007002,066010001007
50002761,064001007002,066010001007
50002762,064001007002,066010001007
50002765,064001007002,066010001007
50002763,064001007002,066010001007
50002764,064001007002,066010001007
50002744,061001005002,066007001005
50002747,061001005002,066007001005
50002743,061001005002,066007001005
50002745,061001005002,066007001005
50002746,061001005002,066007001005
50002742,061001008002,066007001008
50002741,061001008002,066007001008
50002740,061001008002,066007001008
50002739,061001008002,066007001008
50002738,061001008002,066007001008
50002748,061001005001,066007001005
50002750,061001005001,066007001005
50002749,061001005001,066007001005
50002751,061001005001,066007001005
50002752,061001003006,066007001003
50002753,061001003006,066007001003
50002736,061001001003,066007001001
50002735,061001001003,066007001001
50002737,061001001003,066007001001
50001727,061001003006,066007001003
50002756,061001005001,066007001005
50002754,061001005001,066007001005
50002755,061001005001,066007001005
50002757,061001005001,066007001005
50001616,064003002008,066010003002
50001602,064003002009,066010003002
50003089,064003002007,066010003002
50003088,064003002007,066010003002
50003090,064003002007,066010003002
50003091,064003002007,066010003002
50003092,064003002007,066010003002
50003093,064003002007,066010003002
50001617,064003002003,066010003002
50001615,064003002004,066010003002
50003094,064003001005,066010003001
50003095,064003001005,066010003001
50003097,064003002209,066010003002
50003100,064003001005,066010003001
50003098,064003001005,066010003001
50003099,064003001005,066010003001
50003096,064003001005,066010003001
50001618,064003002509,066010003002
50001600,064003002001,066010003002
50001601,064003002002,066010003002
50001619,064003001005,066010003001
50002572,064001003004,066010001003
50002573,064001003004,066010001003
50002571,065004005001,066011004005
50001855,064001003007,066010001003
50001711,064001003007,066010001003
50001726,064001003007,066010001003
50007234,064001003007,066010001003
50002562,064001003002,066010001003
50002563,064001003002,066010001003
50002561,064001003002,066010001003
50002565,064001003002,066010001003
50001854,064001003007,066010001003
50002558,064001003002,066010001003
50002560,064001003002,066010001003
50002559,064001003002,066010001003
50001719,063002004002,066009002004
50001861,064001003007,066010001003
50001863,064001003008,066010001003
50001862,064001003007,066010001003
50001723,064001003007,066010001003
50001713,061008002005,066007008002
50002582,064001003007,066010001003
50002581,064001003007,066010001003
50002580,064001003007,066010001003
50006968,064001003007,066010001003
50006960,064001003007,066010001003
50001718,064001003007,066010001003
50001721,064001003007,066010001003
50006970,064001003007,066010001003
50006966,064001003007,066010001003
50006967,064001003007,066010001003
50006965,064001003007,066010001003
50006969,064001003007,066010001003
50006961,064001003007,066010001003
50007072,064001003007,066010001003
50006202,064001003007,066010001003
50002578,064001003007,066010001003
50002579,064001003007,066010001003
50002577,064001003007,066010001003
50001724,064001003007,066010001003
50001720,064001003007,066010001003
50001707,064001003008,066010001003
50001857,064001003003,066010001003
50001712,064001003010,066010001003
50002574,064001003005,066010001003
50002576,064001003005,066010001003
50002575,064001003005,066010001003
50002727,064001003007,066010001003
50002730,064001003007,066010001003
50002728,064001003007,066010001003
50002729,064001003007,066010001003
50001714,064001003007,066010001003
50002584,061003002012,066007003002
50002583,061003002012,066007003002
50002585,061003002012,066007003002
50002586,061003002012,066007003002
50002587,061003002012,066007003002
50002566,064001003002,066010001003
50006372,064001003002,066010001003
50002567,064001003002,066010001003
50002568,064001003002,066010001003
50006373,064001003002,066010001003
50002569,064001003002,066010001003
50002570,064001003002,066010001003
50001856,064001003001,066010001003
50002723,064001003009,066010001003
50002590,064001003009,066010001003
50002589,064001003009,066010001003
50002588,064001003009,066010001003
50002591,064001003009,066010001003
50002592,064001003009,066010001003
50001710,064001003007,066010001003
50001722,064001003007,066010001003
50001860,064001003007,066010001003
50001706,064001003011,066010001003
50006962,064001003006,066010001003
50002724,064001003006,066010001003
50002725,064001003006,066010001003
50007232,064001003006,066010001003
50001708,064001003006,066010001003
50001709,064001003006,066010001003
50001725,064001003007,066010001003
50003208,064001003007,066010001003
50002726,064001003007,066010001003
50001715,064001003007,066010001003
50001858,064001003003,066010001003
50007109,064001003007,066010001003
50001859,064001003007,066010001003
50001716,064001003007,066010001003
50001717,064001003007,066010001003
50002927,064003005002,066010003005
50002928,064003005002,066010003005
50002929,064003005002,066010003005
50002930,064003005002,066010003005
50002931,064003005002,066010003005
50005482,064003005005,066010003005
50002951,064003005005,066010003005
50002948,064003005005,066010003005
50002949,064003005005,066010003005
50002937,064003005004,066010003005
50002938,064003005004,066010003005
50002939,064003005004,066010003005
50006840,064003001005,066010003001
50002952,064003001005,066010003001
50002953,064003005012,066010003005
50002954,064003001005,066010003001
50002955,064003001005,066010003001
50002956,064003001005,066010003001
50002957,064003001005,066010003001
50001594,064003001005,066010003001
50002932,064003005003,066010003005
50002933,064003005003,066010003005
50002934,064003005003,066010003005
50002935,064003001005,066010003001
50002936,064003001005,066010003001
50005481,064003001014,066010003001
50002943,064003001014,066010003001
50002944,064003005011,066010003005
50002941,064003001014,066010003001
50002945,064003001014,066010003001
50002946,061004001008,066007004001
50002940,064003001014,066010003001
50007228,064003005009,066010003005
50002942,064003001014,066010003001
50002947,064003001014,066010003001
50000265,064001008001,066010001008
50002091,064001008006,066010001008
50002090,064001008006,066010001008
50002092,064001008006,066010001008
50002093,064001008006,066010001008
50004614,064001008004,066010001008
50004610,064001008006,066010001008
50004611,064001008006,066010001008
50004609,064001008006,066010001008
50004612,064001008006,066010001008
50004613,064001008006,066010001008
50004615,064001008006,066010001008
50004626,064001008006,066010001008
50004624,064001008006,066010001008
50004625,064001008006,066010001008
50004628,064001008006,066010001008
50004629,064001008006,066010001008
50004627,064001008006,066010001008
50000266,064001008002,066010001008
50002075,064001008006,066010001008
50002074,064001008006,066010001008
50002078,064001008006,066010001008
50002079,064001008006,066010001008
50002077,064001008006,066010001008
50002076,064001008006,066010001008
50007073,064001008005,066010001008
50000267,064001008003,066010001008
50004616,064001008006,066010001008
50004618,064001008006,066010001008
50004617,064001008006,066010001008
50002087,064001008006,066010001008
50002088,064001008006,066010001008
50002089,064001008006,066010001008
50002085,064001008006,066010001008
50002083,064001008006,066010001008
50002086,064001008006,066010001008
50002084,064001008006,066010001008
50004630,064003002006,066010003002
50004632,064003002006,066010003002
50004631,064003002006,066010003002
50002101,064001008006,066010001008
50002113,064001008005,066010001008
50002107,064001008006,066010001008
50002108,064001008006,066010001008
50002098,064001008006,066010001008
50002109,064001008006,066010001008
50002099,064001008006,066010001008
50002103,064001008006,066010001008
50002112,064001008006,066010001008
50002100,064001008006,066010001008
50002102,064001008006,066010001008
50002111,064001008006,066010001008
50002110,064001008006,066010001008
50002104,064001008006,066010001008
50002105,064001008006,066010001008
50002106,064001008006,066010001008
50004638,064001008006,066010001008
50004637,064001008006,066010001008
50004636,064001008006,066010001008
50004635,064001008006,066010001008
50004634,064001008006,066010001008
50004633,064001008006,066010001008
50004605,064001008004,066010001008
50004606,064001008004,066010001008
50004607,064001008004,066010001008
50004608,064001008004,066010001008
50004604,064001008004,066010001008
50004639,064001008006,066010001008
50004640,064001008006,066010001008
50002073,064001008006,066010001008
50000268,064001008005,066010001008
50002081,064001008006,066010001008
50002082,064001008006,066010001008
50002080,064001008006,066010001008
50002094,064001008006,066010001008
50002097,064001008006,066010001008
50002096,064001008006,066010001008
50002095,064001008006,066010001008
50004619,064001008006,066010001008
50004621,064001008006,066010001008
50004623,064001008006,066010001008
50004620,064001008006,066010001008
50004622,064001008006,066010001008
50000152,064001005005,066010001005
50001589,064001005005,066010001005
50001588,064003004003,066010003004
50002925,064001005005,066010001005
50002926,064001005005,066010001005
50007236,064002003005,066010002003
50001732,064001005005,066010001005
50001730,064001005005,066010001005
50001728,064001005005,066010001005
50001729,064001005005,066010001005
50002767,064001005005,066010001005
50002769,064002003004,066010002003
50002768,064001005005,066010001005
50001731,064001005005,066010001005
50000249,064002004001,066010002004
50001519,064002004007,066010002004
50000250,064002004002,066010002004
50000264,064002005003,066010002005
50006370,064002005003,066010002005
50000262,064002006001,066010002006
50006371,064002005003,066010002005
50006369,064002005003,066010002005
50000259,064002005003,066010002005
50000261,064002005003,066010002005
50000255,064002003003,066010002003
50000254,064002005003,066010002005
50004603,064002001002,066010002001
50004602,064002001001,066010002001
50004595,064002003001,066010002003
50004599,064002003006,066010002003
50004596,064002003001,066010002003
50004598,064002003001,066010002003
50004597,064002003001,066010002003
50000257,064002005003,066010002005
50000253,064002005003,066010002005
50000256,064002005003,066010002005
50004600,064002003002,066010002003
50004601,064002003002,066010002003
50000252,064002005003,066010002005
50004590,064002002002,066010002002
50004594,064002002006,066010002002
50004593,064002002005,066010002002
50004591,064002002003,066010002002
50006839,057001005001,066003001005
50004592,064002002004,066010002002
50000263,064002005003,066010002005
50000241,068001013002,066012001012
50000240,068001027003,066012001019
50004513,068001013004,066012001012
50004514,068001013004,066012001012
50000237,061001005002,066007001005
50000236,061001005002,066007001005
50004511,068001008006,066012001008
50004512,068001008006,066012001008
50000242,068001023002,066012001018
50000239,068001007003,066012001007
50000238,068001027005,066012001019
50002052,057007004008,066003007004
50002053,057007004007,066003007004
50002054,061005001004,066007005001
50002063,061005001006,066007005001
50002055,061005001004,066007005001
50009061,061005001004,066007005001
50002057,057001003010,066003001003
50006958,061005001004,066007005001
50002058,061005001004,066007005001
50002056,061005001004,066007005001
50009060,061005001004,066007005001
50006130,061005001004,066007005001
50006131,061005001004,066007005001
50002059,061005001004,066007005001
50002060,061005001004,066007005001
50002061,061005001004,066007005001
50002062,061005001004,066007005001
50002045,061005001005,066007005001
50002046,061005001005,066007005001
50002050,061005001005,066007005001
50002051,061005001005,066007005001
50002047,060001006008,066006001006
50002312,061005001005,066007005001
50002313,060001006008,066006001006
50002049,061005001005,066007005001
50003282,061003005008,066007003005
50003283,061003005008,066007003005
50003285,061003005008,066007003005
50003286,061003005008,066007003005
50003284,061003005008,066007003005
50003287,061003005008,066007003005
50003288,061003005014,066007003005
50003289,061003005008,066007003005
50003358,061003005008,066007003005
50003359,061003005008,066007003005
50003290,061003005008,066007003005
50003443,061003005006,066007003005
50003441,061003005008,066007003005
50003442,061003005008,066007003005
50003440,056008002028,066002008001
50003387,061003005004,066007003005
50003388,061003005004,066007003005
50003404,061003005004,066007003005
50003389,061003005004,066007003005
50003390,061003005004,066007003005
50003391,061003005004,066007003005
50003392,061003005004,066007003005
50003393,061003005004,066007003005
50003394,061003005004,066007003005
50003401,061003005004,066007003005
50003395,061003005004,066007003005
50003396,061003005004,066007003005
50003403,061003005004,066007003005
50003397,061003005004,066007003005
50003398,061003005004,066007003005
50003399,061003005004,066007003005
50003400,061003005004,066007003005
50003402,061003005004,066007003005
50003454,061003007001,066007003007
50003445,061003001016,066007003001
50003444,061001007002,066007001007
50003453,061003005007,066007003005
50003446,061003006001,066007003006
50003447,061003005007,066007003005
50003448,055005001010,066001004001
50003449,061003005007,066007003005
50003450,061003005007,066007003005
50003451,061003005007,066007003005
50003386,061003005011,066007003005
50003379,061003005008,066007003005
50003380,061003005008,066007003005
50003381,061003005008,066007003005
50003382,061003005008,066007003005
50003383,061003005008,066007003005
50003385,061003005008,066007003005
50003384,061003005008,066007003005
50003367,061003005010,066007003005
50003368,061003005010,066007003005
50003370,061003005010,066007003005
50003369,061003005010,066007003005
50003360,061003005008,066007003005
50003361,061003005008,066007003005
50003362,061003005008,066007003005
50003363,061003005008,066007003005
50003364,061003005008,066007003005
50003365,061003005008,066007003005
50003366,061003005008,066007003005
50003540,061003005006,066007003005
50006195,061003005006,066007003005
50003541,061003005006,066007003005
50003378,061002001008,066007002001
50006194,061003005010,066007003005
50003371,061003005010,066007003005
50003373,061003005010,066007003005
50003377,061003005010,066007003005
50003372,061003005010,066007003005
50003374,061003005010,066007003005
50003375,061003005010,066007003005
50003376,061003005010,066007003005
50003459,061003005002,066007003005
50003455,061003005002,066007003005
50003456,061003005002,066007003005
50003457,061003005002,066007003005
50005301,061003005002,066007003005
50003458,061003001018,066007003001
50003409,061003005001,066007003005
50003417,061003005001,066007003005
50003405,061003005001,066007003005
50003406,061003005001,066007003005
50003410,061003005012,066007003005
50003411,061003005001,066007003005
50003412,061003005001,066007003005
50003413,061003005001,066007003005
50003408,061003005001,066007003005
50003414,061003005001,066007003005
50003416,061003005001,066007003005
50003415,061003005001,066007003005
50003418,061003005008,066007003005
50003419,061003005008,066007003005
50003420,061003005008,066007003005
50003421,061003005008,066007003005
50003422,061003005008,066007003005
50003423,061003005008,066007003005
50003424,061003005008,066007003005
50003425,061003005008,066007003005
50003460,061003005008,066007003005
50003461,061003001028,066007003001
50003462,061003005008,066007003005
50006193,061003005008,066007003005
50003464,061003005008,066007003005
50003463,061003005008,066007003005
50003465,061003005008,066007003005
50003466,061003005008,066007003005
50003467,061003005008,066007003005
50003468,061003005008,066007003005
50003469,061003005008,066007003005
50003623,061003005008,066007003005
50003528,061003005008,066007003005
50003529,061003005008,066007003005
50003439,061003005003,066007003005
50003426,061003005003,066007003005
50003434,061003005003,066007003005
50003438,061003005003,066007003005
50003427,061003005003,066007003005
50003428,061003005003,066007003005
50003430,061003005003,066007003005
50003429,061003005003,066007003005
50003431,061003005003,066007003005
50003436,061003005003,066007003005
50003435,061003005003,066007003005
50003432,061003005003,066007003005
50003433,061003005003,066007003005
50003437,061003005003,066007003005
50003532,065005009002,066011005009
50003530,065005009002,066011005009
50003531,065005009002,066011005009
50003539,065005009003,066011005009
50003538,065005009004,066011005009
50003534,065005009004,066011005009
50006192,065005009004,066011005009
50003537,065005009004,066011005009
50003535,065005009004,066011005009
50003536,065005009004,066011005009
50003533,065005009004,066011005009
50003547,061003005005,066007003005
50003542,061003005005,066007003005
50006878,061003005005,066007003005
50003546,061003005005,066007003005
50003543,061003005005,066007003005
50003544,061003005005,066007003005
50007629,061004001018,066007004001
50003548,061003005005,066007003005
50000386,062003002001,066008003002
50000380,062003002001,066008003002
50000381,062003002001,066008003002
50000382,062003002001,066008003002
50000383,062003001006,066008003001
50000384,062003002001,066008003002
50000385,062003002001,066008003002
50000389,062003002001,066008003002
50000388,062003002001,066008003002
50000387,062003002001,066008003002
50001933,061005001008,066007005001
50001941,060001006016,066006001006
50001943,060001006016,066006001006
50001935,060001006016,066006001006
50001936,060001006016,066006001006
50001937,061003001013,066007003001
50001938,061003001014,066007003001
50001939,065011002004,066011009002
50001942,060001006016,066006001006
50001940,060001006016,066006001006
50001931,061005001002,066007005001
50001932,061005001002,066007005001
50001944,061005001004,066007005001
50001817,061005001004,066007005001
50001818,061005001004,066007005001
50001819,061005001004,066007005001
50002064,061005001004,066007005001
50002066,061005001004,066007005001
50002065,061005001004,066007005001
50003556,061004001006,066007004001
50003557,061004001006,066007004001
50003560,061004001016,066007004001
50003559,061004001006,066007004001
50003558,061004001006,066007004001
50003555,061004001001,066007004001
50003550,061004001001,066007004001
50003552,061004001001,066007004001
50003553,061004003008,066002009001
50003549,061004001001,066007004001
50003551,061004001010,066007004001
50006877,065004006003,066011004006
50003592,061004001015,066007004001
50003593,065006011004,066011006011
50003598,061004001015,066007004001
50007728,061004001012,066007004001
50007689,061004001005,066007004001
50003595,061004001015,066007004001
50003594,061004001015,066007004001
50007708,061004001005,066007004001
50003597,061004001015,066007004001
50007688,061004001005,066007004001
50008888,061004001005,066007004001
50007888,061004001005,066007004001
50007809,061004001005,066007004001
50007969,061004001005,066007004001
50008008,061004001005,066007004001
50007828,061004001005,066007004001
50007848,061004001005,066007004001
50007928,061004001005,066007004001
50007770,061004001005,066007004001
50007909,061004001005,066007004001
50007849,065006013006,066011006013
50007908,061004001005,066007004001
50007988,061004001005,066007004001
50007968,061004001005,066007004001
50007868,061004001005,066007004001
50007750,061004001005,066007004001
50003585,061004001013,066007004001
50003586,061004001013,066007004001
50003587,061004001013,066007004001
50003588,064003001010,066010003001
50003589,061004001013,066007004001
50003590,061004001013,066007004001
50003591,061004001013,066007004001
50003741,061004001008,066007004001
50005361,061004001008,066007004001
50003742,061004001008,066007004001
50003744,064001010002,066010001009
50003745,061004001008,066007004001
50003746,061004001008,066007004001
50003747,061004001008,066007004001
50003748,061004001008,066007004001
50003749,061004001008,066007004001
50003750,061004001008,066007004001
50003743,061004001008,066007004001
50003751,061004001008,066007004001
50003752,061004001008,066007004001
50003753,061004001008,066007004001
50003754,061004001008,066007004001
50003755,061004001008,066007004001
50003756,061004001008,066007004001
50003757,061004001008,066007004001
50003758,061004001008,066007004001
50003759,061004001008,066007004001
50008249,061004003008,066002009001
50008268,061004003003,066002009001
50008328,061004001012,066007004001
50008308,061004003004,066002009001
50008288,061004003009,066002009001
50007769,061004001005,066007004001
50007669,061004001009,066007004001
50007768,061004001009,066007004001
50007788,061004001009,066007004001
50007628,061004001005,066007004001
50007648,061004001018,066007004001
50007608,061004001005,066007004001
50003581,061004001007,066007004001
50003582,061004001007,066007004001
50003583,061004001007,066007004001
50003584,061004001007,066007004001
50003733,061004001003,066007004001
50003740,061004001003,066007004001
50003734,061004001003,066007004001
50003732,061004001003,066007004001
50003735,061004001003,066007004001
50003736,061004001003,066007004001
50003737,061004001003,066007004001
50003738,061004001003,066007004001
50003739,061004001003,066007004001
50003774,065006010021,066011006010
50003766,061004001004,066007004001
50003773,061004001004,066007004001
50003767,065006003003,066011006003
50003770,061003002007,066007003002
50003768,061004001004,066007004001
50007649,061004001004,066007004001
50007668,061004001004,066007004001
50003771,061004001004,066007004001
50003775,061004001004,066007004001
50003765,061004001005,066007004001
50003761,061004001005,066007004001
50003762,061004001005,066007004001
50003763,061004001005,066007004001
50003764,061004001005,066007004001
50008128,061004001015,066007004001
50008109,061004001015,066007004001
50008129,061004001015,066007004001
50008111,061004001011,066007004001
50008069,061004001011,066007004001
50008148,061004001011,066007004001
50008149,061004001011,066007004001
50008130,061004001011,066007004001
50008131,061004001011,066007004001
50008048,061004001014,066007004001
50008049,061004001014,066007004001
50008068,061004001014,066007004001
50008088,061004001014,066007004001
50003579,061004001002,066007004001
50003566,061004001018,066007004001
50003563,061004001018,066007004001
50003564,061004001017,066007004001
50003565,061004001018,066007004001
50003567,061004001018,066007004001
50003568,061004001018,066007004001
50003569,061004001018,066007004001
50007568,061004001002,066007004001
50003570,061004001018,066007004001
50003571,061004001018,066007004001
50003572,061004001018,066007004001
50003573,061004001018,066007004001
50003574,061004001018,066007004001
50003575,061004002001,066007004002
50003576,061004001018,066007004001
50003577,061004001018,066007004001
50007548,061004001002,066007004001
50003578,061004001018,066007004001
50001926,061005001001,066007005001
50001928,061005001001,066007005001
50001927,061005001001,066007005001
50001922,061005001001,066007005001
50001923,061005001003,066007005001
50001924,061005001001,066007005001
50001925,061005001003,066007005001
50006637,062001001002,066008001001
50006641,062001001002,066008001001
50006640,062001001002,066008001001
50008408,062001001002,066008001001
50006639,062001001002,066008001001
50006638,062001001002,066008001001
50006645,062001001002,066008001001
50006642,062001001002,066008001001
50006644,062001001002,066008001001
50006643,062001001002,066008001001
50006656,062001001013,066008001001
50006660,062001001011,066008001001
50006661,062001001011,066008001001
50006657,062001001005,066008001001
50006655,062001001013,066008001001
50006658,062001001004,066008001001
50006659,062001001004,066008001001
50006649,062001001006,066008001001
50006653,062001001006,066008001001
50006652,062001001006,066008001001
50006648,062001001006,066008001001
50006647,062001001006,066008001001
50006650,062001001014,066008001001
50006631,062001001001,066008001001
50008289,062001001002,066008001001
50006635,062001001001,066008001001
50006632,062001001001,066008001001
50006634,062001001001,066008001001
50006633,062001001001,066008001001
50006676,062001001009,066008001001
50006674,062001001009,066008001001
50008508,062003001005,066008003001
50006675,062001001009,066008001001
50006677,056014003002,066002011003
50000230,062003001002,066008003001
50006688,062002001002,066008002001
50006691,062002001002,066008002001
50008368,062003001006,066008003001
50006686,062002001002,066008002001
50006687,062002001002,066008002001
50006693,062002001002,066008002001
50006685,062002001002,066008002001
50006692,062002001002,066008002001
50006690,062002001002,066008002001
50006689,062002001002,066008002001
50006706,062002001009,066008002001
50006707,062002001008,066008002001
50008488,062003001007,066008003001
50006705,062002001009,066008002001
50006699,062002001003,066008002001
50006702,062002001003,066008002001
50006700,062002001003,066008002001
50006703,062002001003,066008002001
50006695,062002001005,066008002001
50006701,062002001011,066008002001
50006698,062002001003,066008002001
50006697,062002001003,066008002001
50006696,062002001005,066008002001
50006679,062002001001,066008002001
50006683,062002001001,066008002001
50006682,062002001001,066008002001
50006680,062002001001,066008002001
50006719,062002001007,066008002001
50006723,062002001007,066008002001
50006722,062002001007,066008002001
50006721,062002001007,066008002001
50006720,062002001007,066008002001
50006717,062002001013,066008002001
50000233,062002001010,066008002001
50006727,062003001005,066008003001
50006725,062003001005,066008003001
50006726,062001001007,066008001001
50006671,062001001004,066008001001
50006669,062001001003,066008001001
50006667,062001001003,066008001001
50006668,062001001003,066008001001
50006665,062001001003,066008001001
50006663,062001001003,066008001001
50006664,062001001003,066008001001
50006666,062001001003,066008001001
50006670,062001001003,066008001001
50006737,062001001008,066008001001
50006739,062001001008,066008001001
50006735,061003002002,066007003002
50006736,062001001008,066008001001
50006738,062001001008,066008001001
50006749,062003001005,066008003001
50006751,062003001005,066008003001
50006750,062003001005,066008003001
50006748,062001001010,066008001001
50006742,062003001005,066008003001
50006741,062002001006,066008002001
50006743,062003001005,066008003001
50000232,062003001004,066008003001
50000231,062003001003,066008003001
50006733,062001002003,066008001002
50007157,062001002007,066008001002
50007163,062001002001,066008001002
50006730,062001002005,066008001002
50006731,062001002004,066008001002
50006729,062001002006,066008001002
50006732,062004001001,066008004001
50007165,062002002001,066008002002
50000229,062003001001,066008003001
50001820,061005001004,066007005001
50001821,061005001001,066007005001
50001825,061005001004,066007005001
50001827,061005001004,066007005001
50001826,061005001004,066007005001
50001824,061005001004,066007005001
50001822,061005001004,066007005001
50001823,061005001004,066007005001
50001816,068001013002,066012001012
50001815,068001027003,066012001019
50002716,068001013004,066012001012
50002717,068001013004,066012001012
50001812,068001001004,066012001001
50001811,068001001004,066012001001
50001689,068001023002,066012001018
50001814,068001007003,066012001007
50001813,068001027005,066012001019
50002707,064001008007,066010001008
50002711,061003001007,066007003001
50002713,061003002013,066007003002
50002710,064001001004,066010001001
50002708,061003001007,066007003001
50002709,061003001007,066007003001
50002712,061003001007,066007003001
50002491,061003001009,066007003001
50002492,061003001009,066007003001
50001780,063002007001,066009002007
50002699,061003001027,066007003001
50002696,061008005002,066007008005
50002697,061003001006,066007003001
50002698,061003001006,066007003001
50002700,061003001006,066007003001
50002701,061003001006,066007003001
50002702,061003001006,066007003001
50002704,061003001003,066007003001
50002705,061003001006,066007003001
50002703,061003001006,066007003001
50002706,061003001006,066007003001
50002675,061003003010,066007003003
50002676,061003003010,066007003003
50002674,061003003010,066007003003
50002493,061003003010,066007003003
50002495,061003003010,066007003003
50002496,061003001010,066007003001
50002494,061003003010,066007003003
50002506,061003001028,066007003001
50002500,061003001028,066007003001
50002508,061003002020,066007003002
50002502,061003001028,066007003001
50002499,061003002019,066007003002
50002503,065011003001,066011009003
50002510,061003002020,066007003002
50002501,061003002020,066007003002
50002673,061003002020,066007003002
50002509,061003003008,066007003003
50002504,061003003009,066007003003
50006879,061003001017,066007003001
50002498,061003002020,066007003002
50002505,061003001028,066007003001
50002671,061003002020,066007003002
50002507,061003001028,066007003001
50002497,061003002020,066007003002
50002672,061003002020,066007003002
50002683,061003001004,066007003001
50002679,061003001004,066007003001
50002680,061003001004,066007003001
50002687,061003001004,066007003001
50002684,061003001004,066007003001
50002677,065006003005,066011006003
50002681,061003001004,066007003001
50002682,061003001004,066007003001
50002686,061003001004,066007003001
50014980,061001003001,066007001003
50015000,061003001004,066007003001
50002692,061003001005,066007003001
50002695,061003001005,066007003001
50002690,061003001005,066007003001
50002691,061003001005,066007003001
50002694,061003001005,066007003001
50002688,061003001005,066007003001
50006956,061003001005,066007003001
50002693,061003001005,066007003001
50002689,061003001005,066007003001
50002480,061003001005,066007003001
50002482,061003001005,066007003001
50002483,061003001008,066007003001
50002485,061003001005,066007003001
50002481,061003001005,066007003001
50002486,061003001005,066007003001
50002487,061003001005,066007003001
50002488,061003001005,066007003001
50002489,061003001005,066007003001
50002490,061003001005,066007003001
50002034,061003003004,066007003003
50002035,061003003004,066007003003
50002310,061003003001,066007003003
50002311,061003003001,066007003003
50002036,061003003002,066007003003
50002037,061003003005,066007003003
50002039,061003003006,066007003003
50002040,061003003007,066007003003
50002038,061003003009,066007003003
50002041,061003003003,066007003003
50002042,061003003009,066007003003
50002043,061003003009,066007003003
50002044,060001006015,066006001006
50005381,061003004008,066007003004
50001835,061003004004,066007003004
50002464,065006012001,066011006012
50005260,061003004001,066007003004
50002466,061003004001,066007003004
50002465,061003004001,066007003004
50001839,065007009002,066011007009
50001836,061003004005,066007003004
50001838,061003004007,066007003004
50002475,065004006001,066011004006
50002472,061003004003,066007003004
50001837,061003004006,066007003004
50002468,061003004006,066007003004
50002470,061003004002,066007003004
50002467,061003004006,066007003004
50002471,061003004006,066007003004
50002469,061003004006,066007003004
50004131,061002006003,066007002006
50004133,061002004002,066007002004
50004132,061002006001,066007002006
50000375,061003008003,066007003008
50004278,061003008002,066007003008
50004136,061003008002,066007003008
50004279,061003008002,066007003008
50007029,061002007001,066007002007
50004280,061003008002,066007003008
50006829,061003008002,066007003008
50007028,061002007001,066007002007
50004287,061002005002,066007002005
50006129,061002005001,066007002005
50004281,061002005002,066007002005
50004286,061002005002,066007002005
50004282,061002005002,066007002005
50004284,061002005002,066007002005
50004283,061002005002,066007002005
50004285,061002005002,066007002005
50004294,056014001011,066002011001
50004292,056014001011,066002011001
50004293,056014001011,066002011001
50000373,061004002001,066007004002
50007082,061004001014,066007004001
50004298,061004002001,066007004002
50004297,061004002001,066007004002
50000378,061004002001,066007004002
50004302,061002007001,066007002007
50004301,061002007001,066007002007
50004135,060008005001,066007002006
50004134,061002006004,066007002006
50000376,061004002003,066007004002
50004296,061002007001,066007002007
50004295,061002007001,066007002007
50002071,061006002002,066007006002
50001947,061006001005,066007006001
50001948,061006001003,066007006001
50002072,061006002004,066007006002
50001945,061006001001,066007006001
50001946,061006001002,066007006001
50001949,061006002004,066007006002
50001950,061006002004,066007006002
50002314,061006001004,066007006001
50002315,061006001004,066007006001
50002316,061006001004,066007006001
50004314,061002002006,066007002002
50004319,061002002006,066007002002
50004315,061002002006,066007002002
50004316,061002002006,066007002002
50004320,061002002006,066007002002
50004348,061007001001,066007007001
50004347,061002002006,066007002002
50004343,061002002006,066007002002
50004333,061002002006,066007002002
50004341,061002002006,066007002002
50004334,061002002006,066007002002
50004346,061002002006,066007002002
50004335,061002002006,066007002002
50004345,061002002006,066007002002
50004336,061002002006,066007002002
50004344,061002002006,066007002002
50004337,061002002006,066007002002
50004338,061002002006,066007002002
50004342,061002002006,066007002002
50004339,061002002006,066007002002
50004340,061002002006,066007002002
50004355,061002002009,066007002002
50004356,061002002009,066007002002
50004366,061002002009,066007002002
50004365,061002002009,066007002002
50004357,061002002009,066007002002
50004358,061002002009,066007002002
50004359,061002002009,066007002002
50004360,061002002009,066007002002
50004361,061002002009,066007002002
50004362,061002002009,066007002002
50004363,061002002009,066007002002
50004364,061002002009,066007002002
50004307,061007002005,066007007002
50004308,061002002001,066007002002
50004309,061007002003,066007007002
50004310,061007002007,066007007002
50004311,061007002004,066007007002
50004312,061007002002,066007007002
50004485,061002002006,066007002002
50004375,061007001005,066007007001
50004376,061007001005,066007007001
50004374,061007001005,066007007001
50004367,061002002002,066007002002
50004368,061002002002,066007002002
50004369,061002002002,066007002002
50004370,061002002002,066007002002
50004371,061007002006,066007007002
50004372,061002002002,066007002002
50004373,061002002002,066007002002
50004354,061002002003,066007002002
50004349,061007001007,066007007001
50004350,061007001005,066007007001
50004351,061007001002,066007007001
50004352,061007001001,066007007001
50004353,061007001006,066007007001
50004303,061002002005,066007002002
50004304,061002002005,066007002002
50004305,061002002005,066007002002
50004306,061002002005,066007002002
50004329,061002002007,066007002002
50004321,061002002007,066007002002
50004322,061002002007,066007002002
50004323,061002002007,066007002002
50004324,061002002007,066007002002
50004325,061002002007,066007002002
50004327,061002002007,066007002002
50004330,061002002007,066007002002
50004328,061002002007,066007002002
50004332,061002002007,066007002002
50004331,061002002007,066007002002
50001834,061005001001,066007005001
50001830,061005001001,066007005001
50001833,061005001001,066007005001
50001828,061005001001,066007005001
50001832,061005001001,066007005001
50002308,064001006001,066010001006
50002309,064001006001,066010001006
50004853,065005003003,066011005003
50004855,065005003003,066011005003
50002269,065005003003,066011005003
50008471,061003001001,066007003001
50008529,061003001001,066007003001
50008472,061003001001,066007003001
50008531,061003001001,066007003001
50008370,061003001001,066007003001
50008530,061003001001,066007003001
50008548,061003001001,066007003001
50002305,065005003003,066011005003
50002306,065005003003,066011005003
50002299,065005003003,066011005003
50002300,065005003003,066011005003
50002302,065005003003,066011005003
50002307,065011001002,066011009001
50008608,061003001001,066007003001
50008588,061003001001,066007003001
50008290,061003001001,066007003001
50008669,061003001001,066007003001
50008788,061003001001,066007003001
50008649,065005003003,066011005003
50008728,065005003003,066011005003
50008511,065005003003,066011005003
50008709,065011002004,066011009002
50008748,065005003003,066011005003
50008650,065005003003,066011005003
50008510,065005003003,066011005003
50002288,065005003003,066011005003
50002274,065005003003,066011005003
50002294,065005003003,066011005003
50002297,061003001006,066007003001
50002279,065011001001,066011009001
50002284,061006001005,066007006001
50002286,065011002002,066011009002
50008648,065005003003,066011005003
50008609,065005003003,066011005003
50008629,065005003003,066011005003
50008668,065005003003,066011005003
50008688,065005003003,066011005003
50002271,061003001006,066007003001
50002272,061003001006,066007003001
50008470,065005003003,066011005003
50002270,061003001006,066007003001
50008610,065005003003,066011005003
50008828,065005003003,066011005003
50001782,065006010001,066011006010
50001783,061002001001,066007002001
50001808,061002001001,066007002001
50001787,061002001001,066007002001
50001784,065006010003,066011006010
50001790,065006010010,066011006010
50001807,061002001001,066007002001
50001791,065006010005,066011006010
50001809,065006010020,066011006010
50001785,065006010007,066011006010
50001792,065006010008,066011006010
50001786,065006010001,066011006010
50001805,061002001015,066007002001
50001806,065006010019,066011006010
50001810,061002001001,066007002001
50001789,061002001001,066007002001
50006881,061002001010,066007002001
50001793,061002001001,066007002001
50006880,061002001010,066007002001
50001788,061002001001,066007002001
50000234,068002008001,066012002001
50000235,068002008002,066012002001
50002067,061005001007,066007005001
50002068,061005001007,066007005001
50002069,061005001007,066007005001
50005258,061005001007,066007005001
50002070,061005001007,066007005001
50003914,061005001007,066007005001
50003915,061005001007,066007005001
50003921,061003005008,066007003005
50003909,061005001007,066007005001
50003910,061003008001,066007003008
50015042,061005001007,066007005001
50003912,061005001007,066007005001
50003918,061005001007,066007005001
50003913,061005001007,066007005001
50015160,061005001007,066007005001
50003911,061005001007,066007005001
50015200,061005001007,066007005001
50014960,061001003002,066007001003
50003927,061001004012,066007001004
50003926,061001004012,066007001004
50003922,061001004012,066007001004
50003923,061001004013,066007001004
50003924,061001004012,066007001004
50003925,061001004012,066007001004
50014820,061001003003,066007001003
50003932,061001003003,066007001003
50003929,061001009001,066007001009
50003930,061001003003,066007001003
50003931,061001003003,066007001003
50003945,061001006004,066007001006
50003935,061001006008,066007001006
50003946,061001004018,066007001004
50003957,061001006004,066007001006
50003938,061001006004,066007001006
50003939,061001006004,066007001006
50003940,061001006008,066007001006
50003941,061001006008,066007001006
50003942,061001006008,066007001006
50003947,061001006004,066007001006
50003952,061001006004,066007001006
50003943,061001006004,066007001006
50003953,061001008001,066007001008
50003956,061001006004,066007001006
50003955,061001006003,066007001006
50003954,061001006004,066007001006
50003958,061001006004,066007001006
50003959,061001002004,066007001002
50003948,061001006004,066007001006
50003960,061001006004,066007001006
50003936,061001006004,066007001006
50003944,061001006004,066007001006
50003949,061001006004,066007001006
50003937,061001006004,066007001006
50003950,061001006004,066007001006
50004101,061001003017,066007001003
50004102,061001003017,066007001003
50004103,061001003017,066007001003
50004104,065004006001,066011004006
50004111,061003001021,066007003001
50004105,061001003017,066007001003
50004112,061001003017,066007001003
50004106,061001003011,066007001003
50004107,064002005002,066010002005
50004108,061001003017,066007001003
50004109,061001003017,066007001003
50015002,061001004003,066007001004
50015100,061001002005,066007001002
50004056,061001008001,066007001008
50004046,061001008001,066007001008
50004047,061001008001,066007001008
50004048,061001006006,066007001006
50004049,061001008001,066007001008
50004054,061001006005,066007001006
50004050,061001008001,066007001008
50004051,061001006007,066007001006
50004052,061001008001,066007001008
50004053,061001008001,066007001008
50004059,061001004011,066007001004
50004068,061001004004,066007001004
50004075,061001004009,066007001004
50004060,061001004007,066007001004
50004069,061001004019,066007001004
50004061,061001003014,066007001003
50004070,061001004019,066007001004
50004063,061001004008,066007001004
50004064,061001004004,066007001004
50004057,061001004019,066007001004
50004071,061001004015,066007001004
50004065,061001004019,066007001004
50004058,061001004006,066007001004
50014920,061001004001,066007001004
50014861,061001008001,066007001008
50004074,061001004017,066007001004
50004072,061001004019,066007001004
50004073,061001004019,066007001004
50004062,061001004016,066007001004
50004076,061001008002,066007001008
50004077,061001003020,066007001003
50004078,061001004016,066007001004
50004079,061001004016,066007001004
50004081,061001004007,066007001004
50004080,061001003014,066007001003
50004082,061001003008,066007001003
50004083,061001003012,066007001003
50004093,061001004019,066007001004
50004084,061001003015,066007001003
50004088,061001003015,066007001003
50004085,061001003015,066007001003
50004086,061001003013,066007001003
50014862,061001003015,066007001003
50004089,061001003015,066007001003
50004090,061001003015,066007001003
50004091,061001003015,066007001003
50004092,061001003015,066007001003
50004094,061001008002,066007001008
50004095,061001008002,066007001008
50004096,061001008002,066007001008
50004099,061001008002,066007001008
50004098,061001008002,066007001008
50004100,061001008002,066007001008
50015060,061001003004,066007001003
50015040,061001003004,066007001003
50015020,061001002001,066007001002
50015080,061001002003,066007001002
50014881,061001002003,066007001002
50004097,061001009001,066007001009
50003963,061001003010,066007001003
50003964,061001003010,066007001003
50003965,061001003010,066007001003
50003962,061001003010,066007001003
50003966,061001003010,066007001003
50003967,061001003010,066007001003
50003969,061001003010,066007001003
50004117,061001004002,066007001004
50004118,061001004002,066007001004
50004115,061001004003,066007001004
50004116,061001004003,066007001004
50004127,061001006008,066007001006
50004126,061001003009,066007001003
50004130,061001004014,066007001004
50004119,061001006008,066007001006
50004129,061001006008,066007001006
50004120,061001006008,066007001006
50004121,061001006008,066007001006
50004122,061001006008,066007001006
50004123,061001006008,066007001006
50015140,061001006008,066007001006
50015041,061001006008,066007001006
50004128,061001006008,066007001006
50003970,061001003017,066007001003
50003971,064001007001,066010001007
50003972,061001003017,066007001003
50003973,061001003017,066007001003
50003974,061001003017,066007001003
50003975,061001003017,066007001003
50004044,061001003017,066007001003
50004045,061001003017,066007001003
50004113,061001003005,066007001003
50004114,061001003005,066007001003
50001962,056011001004,066002009001
50001952,056011003004,066002009002
50007229,061005001004,066007005001
50001960,061005001007,066007005001
50001959,056011001004,066002009001
50001961,056011001004,066002009001
50007230,061005001004,066007005001
50001794,061002001010,066007002001
50001795,061002001010,066007002001
50001796,061002001010,066007002001
50001797,065006010015,066011006010
50001798,065006010012,066011006010
50001799,061002001010,066007002001
50001800,065006010014,066011006010
50001801,065006010010,066011006010
50001802,061002001007,066007002001
50001803,061002001006,066007002001
50001804,061002001004,066007002001
50000245,068001015002,0
50000243,068001015004,0
50000244,068001015003,0
50001929,061005001004,066007005001
50001930,061005001004,066007005001
50004765,061003002013,066007003002
50004766,065004001005,066011004001
50004767,061003002013,066007003002
50004768,061003002013,066007003002
50004544,061003002009,066007003002
50004545,061003002009,066007003002
50004546,061003002009,066007003002
50004547,061003002009,066007003002
50004548,061003002009,066007003002
50004549,061003002009,066007003002
50004550,061003002009,066007003002
50004551,061003002009,066007003002
50004552,061003002009,066007003002
50004553,061008002001,066007008002
50004554,061008002001,066007008002
50004555,061003002009,066007003002
50000216,061003002003,066007003002
50005257,065009001004,066007008001
50004564,061003002006,066007003002
50004565,061003002006,066007003002
50004566,061003002006,066007003002
50004567,061003002006,066007003002
50004568,061003002006,066007003002
50004569,061003002006,066007003002
50004578,060003004003,066006003004
50004570,061003002006,066007003002
50004571,061003002006,066007003002
50004572,061003002006,066007003002
50004573,061003002006,066007003002
50004574,061003002006,066007003002
50004575,061008001003,066007008001
50004576,061003002006,066007003002
50004577,061003002006,066007003002
50004515,061003001012,066007003001
50004517,061003001012,066007003001
50004518,061003001012,066007003001
50004516,061003001012,066007003001
50004519,061003001012,066007003001
50004520,061003001012,066007003001
50004521,061003001012,066007003001
50004522,061003001012,066007003001
50004523,061003001012,066007003001
50004524,061003001012,066007003001
50004525,061003001012,066007003001
50004526,061003001012,066007003001
50004534,061003001012,066007003001
50004527,061003001012,066007003001
50004535,061003001012,066007003001
50004528,061008001002,066007008001
50004529,061003001012,066007003001
50004530,061003001012,066007003001
50004532,061008003001,066007008003
50004531,061003001012,066007003001
50004533,061003001012,066007003001
50004799,061003001012,066007003001
50004800,061003001012,066007003001
50004801,065004003003,066011004003
50004802,061003001012,066007003001
50004803,061003001012,066007003001
50004804,061003001012,066007003001
50004536,061003002008,066007003002
50004537,061003002008,066007003002
50004543,061003002008,066007003002
50005256,061003002008,066007003002
50004542,061003002008,066007003002
50004538,061003002008,066007003002
50004539,061003002008,066007003002
50004540,061003001012,066007003001
50004541,061003002008,066007003002
50004805,061003002013,066007003002
50004807,061003002013,066007003002
50004806,061003002013,066007003002
50004816,061003002013,066007003002
50004809,061003002013,066007003002
50004818,061003002013,066007003002
50004811,061003002013,066007003002
50004820,061003002013,066007003002
50004810,061003002013,066007003002
50004815,061003002013,066007003002
50004812,061003002013,066007003002
50004813,061003002013,066007003002
50004817,061003002013,066007003002
50004814,061003002013,066007003002
50004821,061003002013,066007003002
50004819,061003002013,066007003002
50004808,061003002013,066007003002
50004822,061003002013,066007003002
50004850,061008005002,066007008005
50004844,061003002013,066007003002
50004852,061003002013,066007003002
50004845,061003002013,066007003002
50004846,061003002013,066007003002
50004847,061003002013,066007003002
50004848,061003002013,066007003002
50004851,061003002013,066007003002
50004849,061003002013,066007003002
50004785,061003002001,066007003002
50004772,061003002001,066007003002
50004773,061003002001,066007003002
50004784,061003002001,066007003002
50004774,061003002001,066007003002
50004788,061003002001,066007003002
50004791,061003002001,066007003002
50004775,061003002001,066007003002
50004776,061003002001,066007003002
50004777,061003002001,066007003002
50004778,061003002001,066007003002
50004787,061003002001,066007003002
50004790,061003002001,066007003002
50004786,061003002001,066007003002
50004789,061003002001,066007003002
50004779,061003002001,066007003002
50004780,061003002001,066007003002
50004781,061008002003,066007008002
50004782,061003002015,066007003002
50004783,061003002001,066007003002
50004769,061008003007,066007008003
50004770,061003004001,066007003004
50004771,065004005002,066011004005
50004824,061003004001,066007003004
50004843,061003002012,066007003002
50004825,061008003005,066007008003
50004829,061003002010,066007003002
50004830,061003004001,066007003004
50004832,061003004001,066007003004
50004826,061008003006,066007008003
50004833,061001003017,066007001003
50004823,061003004001,066007003004
50004835,061003002004,066007003002
50004841,061003002004,066007003002
50004834,061008005004,066007008005
50004836,061003002004,066007003002
50004828,065009003003,066007008003
50004838,061003002003,066007003002
50004839,061003002014,066007003002
50004831,061003002003,066007003002
50004837,061003002003,066007003002
50004827,061003002003,066007003002
50004840,061003002003,066007003002
50004842,061008003006,066007008003
50004561,061008002002,066007008002
50004562,061003002003,066007003002
50004563,061003002012,066007003002
50004756,061003002003,066007003002
50004757,061003002012,066007003002
50004758,061008002004,066007008002
50004759,061008002004,066007008002
50004760,061008002004,066007008002
50004761,061008002004,066007008002
50004762,061008002004,066007008002
50004763,061003002003,066007003002
50004764,061003002016,066007003002
50004795,061003002016,066007003002
50004794,061003002017,066007003002
50004797,061003002016,066007003002
50004796,061003002016,066007003002
50004792,061003002016,066007003002
50004793,061003002016,066007003002
50004798,061003002016,066007003002
50004556,061003002011,066007003002
50004557,061003002011,066007003002
50004558,061003002011,066007003002
50004559,061003002011,066007003002
50004560,061003002011,066007003002
50001842,061003001002,066007003001
50001849,061003001002,066007003001
50001848,061003001002,066007003001
50001843,061003001002,066007003001
50001840,061003001002,066007003001
50001841,061003001002,066007003001
50001844,061003001002,066007003001
50001845,061003001002,066007003001
50001846,061003001002,066007003001
50001847,064001001002,066010001001
50002477,065004006004,066011004006
50002479,065004006004,066011004006
50002476,065004006004,066011004006
50002478,065004006004,066011004006
50003892,061004002001,066007004002
50003889,061004002001,066007004002
50003891,061004002001,066007004002
50003890,061004002001,066007004002
50003893,061004002003,066007004002
50003786,061004002005,066007004002
50003784,061004002005,066007004002
50003785,061004002005,066007004002
50003792,061004002005,066007004002
50003789,061004002005,066007004002
50003794,061004002005,066007004002
50003793,061004002005,066007004002
50003787,061004002005,066007004002
50003790,061004002005,066007004002
50003791,061008003004,066007008003
50003788,061004002002,066007004002
50003884,061004002002,066007004002
50003888,061004002002,066007004002
50003885,061004002002,066007004002
50003887,061004002002,066007004002
50003886,061004002002,066007004002
50003777,061004002001,066007004002
50003778,061004002001,066007004002
50003783,061004002001,066007004002
50003781,061004002001,066007004002
50003779,061004002001,066007004002
50003780,061004002001,066007004002
50003782,061004002001,066007004002
50003899,061004002008,066007004002
50003894,061004002008,066007004002
50003895,061004002008,066007004002
50003898,061004002008,066007004002
50003896,061004002008,066007004002
50003900,061004002008,066007004002
50003897,061004002008,066007004002
50003901,061004002001,066007004002
50003902,061004002001,066007004002
50003904,061004002001,066007004002
50003903,061004002001,066007004002
50000636,061004002007,066007004002
50003802,061004002006,066007004002
50003801,061004002006,066007004002
50003798,061004002006,066007004002
50003803,061004002001,066007004002
50003797,061004002006,066007004002
50003796,061004002005,066007004002
50003799,061004002001,066007004002
50003800,061004002001,066007004002
50003905,061004002005,066007004002
50003906,061004002001,066007004002
50003907,061004002001,066007004002
50003908,061004002001,066007004002
50003882,061004002004,066007004002
50003883,061004002004,066007004002
50003881,061004002004,066007004002
50006844,056011001004,066002009001
50001276,056011001004,066002009001
50001270,056001001012,066002001001
50001267,056011001004,066002009001
50001268,056011001004,066002009001
50001269,056011001004,066002009001
50001741,056002006006,066002002006
50002795,056002005007,066002002005
50002794,056002005005,066002002005
50002790,056002005001,066002002005
50002791,056002005002,066002002005
50002792,056002005003,066002002005
50002793,056002005004,066002002005
50002811,056002007001,066002002007
50002813,056002007001,066002002007
50002810,056002007001,066002002007
50002797,056002002002,066002002002
50002801,056002002005,066002002002
50002802,056007002011,066002007002
50006377,056002002007,066002002002
50002799,056002001006,066002002001
50002798,056002001004,066002002001
50002800,056002001003,066002002001
50002796,056001002004,066002001002
50002805,056001008001,066002001008
50002807,056002003004,066002002003
50002808,056002005006,066002002005
50009340,056002003005,066002002003
50002809,056002006005,066002002006
50002806,056002003003,066002002003
50002804,056002003001,066002002003
50002668,056002006008,066002002006
50002670,056002006008,066002002006
50002786,056002006008,066002002006
50002783,056002006008,066002002006
50002787,056002006008,066002002006
50002784,056002006008,066002002006
50002785,056002006008,066002002006
50002669,056002006008,066002002006
50002788,056002006008,066002002006
50002789,056002006008,066002002006
50002782,056002006008,066002002006
50002814,056002006001,066002002006
50002817,056002006002,066002002006
50002818,056002006003,066002002006
50002820,056002003005,066002002003
50002816,056002006007,066002002006
50002815,056002006007,066002002006
50002819,056002006004,066002002006
50001740,056002004001,066002002004
50001742,056002006007,066002002006
50009300,056002003005,066002002003
50009320,056002003005,066002002003
50009280,056002003005,066002002003
50001279,056005005001,066002005005
50001280,056005005002,066002005005
50001281,056005005003,066002005005
50007149,056005005001,066002005005
50000022,056011001004,066002009001
50006890,061002003001,066007002003
50006895,061002003001,066007002003
50006894,061002003001,066007002003
50006893,061002003001,066007002003
50006892,061002003001,066007002003
50007078,061002003001,066007002003
50006891,061002003001,066007002003
50006889,061002003001,066007002003
50003002,056003002001,066002003002
50003003,056003002001,066002003002
50003004,056003002001,066002003002
50003005,056003002001,066002003002
50003043,056003002005,066002003002
50006916,056003002005,066002003002
50003033,056003002005,066002003002
50003034,056003002005,066002003002
50003037,056003002005,066002003002
50003042,056003002005,066002003002
50003035,056003002005,066002003002
50003036,056003002005,066002003002
50003039,056003002005,066002003002
50006917,056003002005,066002003002
50003038,056003002009,066002003002
50003040,056003002005,066002003002
50003041,056003002005,066002003002
50003044,056003002006,066002003002
50003046,056003002006,066002003002
50003047,056003002006,066002003002
50003048,056003002006,066002003002
50003045,056003002006,066002003002
50006914,056003002006,066002003002
50006915,056003002006,066002003002
50002997,056003002007,066002003002
50002998,056003002007,066002003002
50007050,056003002007,066002003002
50002999,056003002007,066002003002
50007052,056003002007,066002003002
50007051,056003002007,066002003002
50003000,056003002007,066002003002
50003001,056003002007,066002003002
50003006,056003002008,066002003002
50003007,056003002008,066002003002
50003009,056003002008,066002003002
50003008,056003002008,066002003002
50003012,056003002002,066002003002
50003015,056003002002,066002003002
50003014,056003002002,066002003002
50003013,056003002002,066002003002
50003011,056003002002,066002003002
50003010,056003002002,066002003002
50003016,056003002003,066002003002
50003018,056003002003,066002003002
50003020,056003002003,066002003002
50003019,056003002003,066002003002
50003021,056003002003,066002003002
50003022,056003002003,066002003002
50003023,056003002003,066002003002
50003024,056003002003,066002003002
50003026,056003002004,066002003002
50003027,056003002004,066002003002
50003029,056003002004,066002003002
50003028,056003002004,066002003002
50003030,056003002004,066002003002
50003031,056003002004,066002003002
50001442,056014005004,066002011005
50001440,056014005001,066002011005
50001441,056014005004,066002011005
50001439,056014005003,066002011005
50005249,056014005005,066002011005
50001438,056001006002,066002001006
50000021,056011001004,066002009001
50005461,056011001004,066002009001
50001278,056011001004,066002009001
50001303,056007005011,066002007005
50001769,056007004004,066002007005
50002634,056001001008,066002001001
50002631,056007001006,066002007001
50002632,056007001007,066002007001
50002630,056007002010,066002007002
50002633,056007001010,066002007001
50002627,056007002002,066002007002
50002628,056007001005,066002007001
50002629,056007001008,066002007001
50002635,056007006001,066002007006
50002637,056007006003,066002007006
50002636,056007006002,066002007006
50002643,056007005006,066002007005
50002641,056007005004,066002007005
50002642,056007005005,066002007005
50002647,056007005009,066002007005
50002645,056007005002,066002007005
50002640,056007005003,066002007005
50002639,056007005001,066002007005
50002646,056007005008,066002007005
50002648,056007005010,066002007005
50001768,056007003002,066002007003
50000020,056011001004,066002009001
50001290,056011001004,066002009001
50001288,056011001004,066002009001
50001289,056011001004,066002009001
50001447,056014006001,066002011006
50001443,056014006002,066002011006
50001444,056014006003,066002011006
50005250,056014006001,066002011006
50001445,056014006001,066002011006
50001354,056014002004,066002011002
50001357,056014002009,066002011002
50001351,056014002003,066002011002
50001355,056014002006,066002011002
50001349,056014002001,066002011002
50005252,056014002008,066002011002
50001350,056001006003,066002001006
50001352,056014002002,066002011002
50001353,056014002009,066002011002
50001356,056011001004,066002009001
50001284,056011001004,066002009001
50007240,056011003001,066002009002
50001282,056011001004,066002009001
50001283,056011001004,066002009001
50001285,056011001004,066002009001
50007241,056011003001,066002009002
50007242,056011003002,066002009002
50001286,056011001004,066002009001
50007239,056011003003,066002009002
50007244,056011003004,066002009002
50007238,056011003007,066002009002
50001287,056005004005,066002005004
50007243,056011003006,066002009002
50001251,056011001004,066002009001
50001247,056011001004,066002009001
50001248,056011001004,066002009001
50005254,056011001004,066002009001
50001249,056011001004,066002009001
50001250,056011001004,066002009001
50001294,056011001004,066002009001
50001296,056011001004,066002009001
50001293,056011001004,066002009001
50001291,056011001004,066002009001
50001292,056011001004,066002009001
50003049,056006001002,066002006001
50003050,055009006006,066001009006
50003051,056006001002,066002006001
50003052,056006001002,066002006001
50006379,056006001004,066002006001
50006381,056006001004,066002006001
50003058,056006001003,066002006001
50003057,056006001003,066002006001
50003063,056006001003,066002006001
50006380,056006001004,066002006001
50003068,056006002005,066002006002
50003066,056006002003,066002006002
50003075,056006002011,066002006002
50003069,056006002006,066002006002
50003071,056006002008,066002006002
50003065,056006002002,066002006002
50003070,056006002007,066002006002
50003064,056006002001,066002006002
50003072,056006002009,066002006002
50003073,056006002010,066002006002
50003074,056006002011,066002006002
50003067,056006002004,066002006002
50007016,056006001001,066002006001
50009322,056006001001,066002006001
50003056,056006001001,066002006001
50003055,056006001001,066002006001
50005462,056006001001,066002006001
50001543,056008006002,066002008005
50001541,056008004005,066002008003
50001538,056008004005,066002008003
50001540,056008004006,066002008003
50001542,056008006001,066002008005
50001544,056008004003,066002008003
50001545,056008004007,066002008003
50005286,056008004005,066002008003
50001368,056011001004,066002009001
50001366,056011001004,066002009001
50001365,056014009001,066002011009
50002881,060005005005,066006005005
50002876,056008005001,066002008004
50002877,056008005001,066002008004
50002878,056008005001,066002008004
50002880,056008005001,066002008004
50002879,056001001003,066002001001
50002882,056008005004,066002008004
50002883,056008005004,066002008004
50002980,056008005004,066002008004
50002981,056008005004,066002008004
50002982,056008005006,066002008004
50002985,056008005006,066002008004
50002986,056008005006,066002008004
50002987,056008005006,066002008004
50002988,056008005006,066002008004
50002989,056008005003,066002008004
50002991,056008005003,066002008004
50002992,056008005003,066002008004
50002993,056008005005,066002008004
50002994,056008005003,066002008004
50002996,056008005003,066002008004
50002995,056008006004,066002008005
50002869,056008005002,066002008004
50002871,056008005002,066002008004
50002870,056008005002,066002008004
50002872,056008005004,066002008004
50002875,056008005002,066002008004
50002873,056008005002,066002008004
50002874,056008005002,066002008004
50001257,056011001004,066002009001
50001256,056011001004,066002009001
50001258,056011001004,066002009001
50001266,056008006003,066002008005
50001265,056011001004,066002009001
50001252,056011001004,066002009001
50001255,056011001004,066002009001
50001259,056011001004,066002009001
50001260,056011001004,066002009001
50001253,056011001004,066002009001
50001254,056011001004,066002009001
50001261,056011001004,066002009001
50001262,056011001004,066002009001
50001263,056011001004,066002009001
50001264,056011001004,066002009001
50005302,056001010004,066002001010
50001177,056014005006,066002011005
50006375,056001010001,066002001010
50006374,056001010004,066002001010
50001297,056001009003,066002001009
50001302,056001010004,066002001010
50001301,056001010004,066002001010
50006376,056007006004,066002007006
50001179,056011001006,066002009001
50001556,056014001005,066002011001
50001437,056014001002,066002011001
50001436,056014001004,066002011001
50001434,056014001009,066002011001
50001559,056014001010,066002011001
50001433,056014001011,066002011001
50001435,056014001002,066002011001
50005248,056014001001,066002011001
50001560,056014001007,066002011001
50001558,056001006007,066002001006
50001180,056014001012,066002011001
50001557,056014001008,066002011001
50007249,056013002001,066002010002
50007250,056008007003,066002008006
50001546,056013002001,066002010002
50003280,056013002001,066002010002
50003177,056013002001,066002010002
50003178,056013002001,066002010002
50003179,056013002001,066002010002
50003182,061001007004,066007001007
50003181,061001007001,066007001007
50003180,056008002029,066002008001
50003186,056013002001,066002010002
50003183,056013002001,066002010002
50003185,061001007003,066007001007
50003184,056013002001,066002010002
50006189,056008004004,066002008003
50001528,056004003001,066002004003
50009481,056004002001,066002004002
50001527,056004004001,066002004004
50003171,056004001001,066002004001
50003173,056001002008,066002001002
50003172,056004001002,066002004001
50001529,056004007001,066002004007
50005463,056008004001,066002008003
50006768,056008004002,066002008003
50001534,056008004001,066002008003
50002822,056008001002,066002008003
50002824,056008001003,066002008003
50002825,056008001004,066002008003
50002823,056008001002,066002008003
50002821,056008001009,066002008003
50002826,056008001005,066002008003
50002827,056008001001,066002008003
50002828,056008001007,066002008003
50002862,056008002026,066002008001
50002850,056008002017,066002008001
50002851,056008002018,066002008001
50002852,056008002019,066002008001
50002853,056008002020,066002008001
50002854,056008002021,066002008001
50002855,056008002011,066002008001
50002856,056008002012,066002008001
50002857,056008002013,066002008001
50002858,056008002014,066002008001
50002859,056008002030,066002008001
50002860,056008002015,066002008001
50002861,056008002016,066002008001
50002830,056008002001,066002008001
50002831,056008002002,066002008001
50002849,056008002030,066002008001
50002832,056008002003,066002008001
50007148,056008002030,066002008001
50002834,056008002005,066002008001
50002835,056008002006,066002008001
50002836,056008002030,066002008001
50002837,056008002007,066002008001
50002841,056008002024,066002008001
50002838,056008002008,066002008001
50002840,056008002023,066002008001
50002842,056008002025,066002008001
50002839,056008002022,066002008001
50002843,056008002030,066002008001
50002844,056008002027,066002008001
50002833,056008002004,066002008001
50002845,056008002028,066002008001
50002846,056008002029,066002008001
50002848,056008002010,066002008001
50002868,056008003006,066002008002
50003281,056008003007,066002008002
50002863,056008003001,066002008002
50002865,056008003003,066002008002
50002866,056008003004,066002008002
50002867,056008003005,066002008002
50002864,056008003002,066002008002
50001246,056014007001,066002011007
50001241,056014007002,066002011007
50001242,056014007004,066002011007
50001243,056014007001,066002011007
50001244,056014007003,066002011007
50001555,056011001004,066002009001
50003188,056014007001,066002011007
50003189,056014003006,066002011003
50001550,056014003003,066002011003
50001552,056014007001,066002011007
50001553,056014003007,066002011003
50001554,056014003008,066002011003
50005247,056014003009,066002011003
50001551,056014003001,066002011003
50001548,056001006001,066002001006
50001549,056014003010,066002011003
50001304,056003001017,066002003001
50009281,056003001018,066002003001
50002656,056003001004,066002003001
50002657,056003001004,066002003001
50002658,056003001018,066002003001
50009740,061008005003,066007008005
50001771,056003001003,066002003001
50002667,056003001005,066002003001
50009420,056003001006,066002003001
50002662,056003001005,066002003001
50002663,056003001005,066002003001
50002660,056003001005,066002003001
50006384,056003001005,066002003001
50009480,056003001006,066002003001
50009460,056003001005,066002003001
50002665,056003001005,066002003001
50009440,056003001005,066002003001
50002664,056003001005,066002003001
50002659,056003001005,066002003001
50002666,056003001005,066002003001
50001775,056003001009,066002003001
50009342,056003001015,066002003001
50009540,056003001017,066002003001
50009421,056003001011,066002003001
50009361,056003001010,066002003001
50009520,056003001012,066002003001
50009341,056003001013,066002003001
50009343,056003001013,066002003001
50005341,056003001014,066002003001
50009182,056003001017,066002003001
50001770,056003001007,066002003001
50009402,056003001007,066002003001
50009380,056003001003,066002003001
50009401,056003001017,066002003001
50009400,056003001017,066002003001
50002649,056003001001,066002003001
50002650,056003001001,066002003001
50002651,056003001001,066002003001
50002652,056003001001,066002003001
50003279,056003001001,066002003001
50002653,056003001001,066002003001
50002654,056003001001,066002003001
50002655,056003001001,066002003001
50001348,056014008001,066002011008
50001449,056014008002,066002011008
50001450,056014008003,066002011008
50001448,056014008004,066002011008
50005251,056014008001,066002011008
50001451,056014008001,066002011008
50001362,056014004012,066002011004
50001364,056014004011,066002011004
50001363,056014004012,066002011004
50001361,056014004003,066002011004
50001360,056014004002,066002011004
50001358,056014004001,066002011004
50005253,056014004008,066002011004
50001359,056014004010,066002011004
50001524,056005003007,066002005003
50003077,056005001002,066002005001
50003076,056005001001,066002005001
50009321,056005003003,066002005003
50001525,056005004005,066002005004
50001523,056005003009,066002005003
50001608,056005004005,066002005004
50001526,056005004005,066002005004
50001604,056005003004,066002005003
50003160,056005003005,066002005003
50003157,056005003001,066002005003
50003162,056005003007,066002005003
50003161,056005003006,066002005003
50007246,056005003003,066002005003
50003158,056005003002,066002005003
50003159,056005003003,066002005003
50001607,056005004005,066002005004
50001605,056005004003,066002005004
50001522,056005004005,066002005004
50007245,056005003003,066002005003
50001610,056005004005,066002005004
50001609,056005004005,066002005004
50001603,056005002001,066002005002
50003170,056005003007,066002005003
50003166,056005004010,066002005004
50003167,056005004006,066002005004
50003168,056005004006,066002005004
50003169,056005004006,066002005004
50003163,056004005001,066002004005
50006382,056004006001,066002004006
50003164,056005004002,066002005004
50003165,056005004007,066002005004
50001606,056005004004,066002005004
50013421,063002010001,066009002010
50013440,063002010001,066009002010
50013380,063002010001,066009002010
50013400,063002010001,066009002010
50013480,063002010001,066009002010
50013500,063002010001,066009002010
50013420,063002010001,066009002010
50013460,063002010001,066009002010
50013321,063002010001,066009002010
50012841,063002010001,066009002010
50001900,063003008001,066009003008
50007007,063003003002,066009003003
50014460,063003008013,066009003008
50014480,063003008013,066009003008
50007004,063003008013,066009003008
50014400,063003008013,066009003008
50014380,063003008035,066009003008
50014440,063003008003,066009003008
50007001,063003008003,066009003008
50007002,063003008003,066009003008
50007005,063003008003,066009003008
50007006,063003008003,066009003008
50014420,063003008013,066009003008
50007003,063003008003,066009003008
50001899,063003008004,066009003008
50001905,063003007003,066009003007
50002429,063003008005,066009003008
50002425,063003008034,066009003008
50007044,063003008005,066009003008
50002426,063003008005,066009003008
50002427,063003008005,066009003008
50002428,063003008032,066009003008
50007042,063003008005,066009003008
50007043,063003008005,066009003008
50007036,063003008012,066009003008
50002448,063003008012,066009003008
50002446,063003008012,066009003008
50002615,063003008027,066009003008
50002439,063003008031,066009003008
50002608,063003008012,066009003008
50002444,063003008012,066009003008
50007031,063003008012,066009003008
50007033,063003008012,066009003008
50007034,063003008012,066009003008
50002609,063003008012,066009003008
50002620,063003008012,066009003008
50002610,063003008012,066009003008
50002441,063003008012,066009003008
50002616,063003008012,066009003008
50002440,063003008012,066009003008
50002447,063003008012,066009003008
50002442,063003008012,066009003008
50007035,063003008012,066009003008
50002443,063003008012,066009003008
50002617,063003008012,066009003008
50007528,063003008012,066009003008
50002621,063003008012,066009003008
50002612,063003008012,066009003008
50007032,063003008012,066009003008
50007030,063003008017,066009003008
50002445,063003008012,066009003008
50007218,063003008030,066009003008
50002614,063003008012,066009003008
50001902,063003008007,066009003008
50002430,063003008008,066009003008
50002431,063003008008,066009003008
50002432,063003008008,066009003008
50002433,063003008008,066009003008
50002622,063003008029,066009003008
50002434,063003008008,066009003008
50002435,063003008008,066009003008
50002436,063003008008,066009003008
50002437,063003008008,066009003008
50002438,063003008008,066009003008
50011841,063003008006,066009003008
50012100,063003008006,066009003008
50012101,063003008006,066009003008
50012120,063003008006,066009003008
50012080,063003008006,066009003008
50011861,063003008012,066009003008
50001920,063001007006,066009001007
50001919,063003006006,066009003006
50001921,063003006006,066009003006
50002002,063003006002,066009003006
50013161,063003007004,066009003007
50013260,063003007001,066009003007
50002001,063003006002,066009003006
50001998,063003006001,066009003006
50013181,063003006003,066009003006
50013081,063003005002,066009003005
50013240,063003005002,066009003005
50001762,063003006002,066009003006
50002004,063003006006,066009003006
50001763,063003006002,066009003006
50002000,063003006005,066009003006
50001765,063003006002,066009003006
50013280,063003007001,066009003007
50001999,063003006006,066009003006
50001918,063003006006,066009003006
50001764,063003006006,066009003006
50002003,063003006006,066009003006
50002005,063003006001,066009003006
50002020,063002001006,066009002001
50002023,063002001008,066009002001
50002022,063002001004,066009002001
50002024,063002001008,066009002001
50002025,063002001008,066009002001
50002026,063002001008,066009002001
50002027,063002001005,066009002001
50002030,063002001008,066009002001
50002028,063002001003,066009002001
50014081,063002001008,066009002001
50002031,063002001008,066009002001
50002021,063002001002,066009002001
50002029,063002001006,066009002001
50002019,063002001008,066009002001
50001878,063002005006,066009002005
50012400,063002002005,066009002002
50006199,063002005006,066009002005
50001870,063002005001,066009002005
50012340,063002005004,066009002005
50001871,063002005001,066009002005
50012380,063002004001,066009002004
50001873,063002004002,066009002004
50012303,063002002004,066009002002
50001874,063002004001,066009002004
50012440,063002002004,066009002002
50001876,063002003007,066009002003
50012420,063002002001,066009002002
50001872,063002005006,066009002005
50012302,063002009008,066009002009
50001877,063002005005,066009002005
50001867,063002005003,066009002005
50012360,063002005006,066009002005
50001868,063002005006,066009002005
50001869,063002005006,066009002005
50002449,063001004001,066009001004
50002450,063001004002,066009001004
50002451,063001004003,066009001004
50002452,063001004004,066009001004
50002453,063001004005,066009001004
50002454,063001004006,066009001004
50002455,063001004002,066009001004
50002249,063001003002,066009001003
50002238,063001002012,066009001002
50002236,063001003003,066009001003
50002244,063001003013,066009001003
50002237,063001003004,066009001003
50002240,063001003002,066009001003
50002239,063001003006,066009001003
50002241,063001003005,066009001003
50002242,063001003008,066009001003
50002245,063001003009,066009001003
50002246,063001003013,066009001003
50002243,063001003010,066009001003
50002235,063001003001,066009001003
50002247,063001003011,066009001003
50011981,063001003013,066009001003
50002167,063001002023,066009001002
50002163,063001002003,066009001002
50002195,063001002015,066009001002
50002193,063001002003,066009001002
50002164,063001002024,066009001002
50014182,063001002023,066009001002
50002186,063001002014,066009001002
50002187,063001002017,066009001002
50002169,063001002009,066009001002
50002170,063001002020,066009001002
50014300,063001002023,066009001002
50002188,063001002021,066009001002
50002161,063001002002,066009001002
50002172,063001002014,066009001002
50002183,063001002013,066009001002
50002173,063001002014,066009001002
50002160,063001002001,066009001002
50002189,063001002007,066009001002
50002175,063001002010,066009001002
50007220,063001002023,066009001002
50002190,063001002018,066009001002
50002181,063001002013,066009001002
50002191,063001002016,066009001002
50002177,063001002008,066009001002
50002178,063001002014,066009001002
50002185,063001002019,066009001002
50002176,063001002005,066009001002
50002162,063001002004,066009001002
50002192,063001002022,066009001002
50002180,063001002011,066009001002
50002179,063001002003,066009001002
50004754,063001001004,066009001001
50004749,063001001001,066009001001
50004750,063001001011,066009001001
50004751,063001001003,066009001001
50004752,063001001002,066009001001
50014320,063001001006,066009001001
50002155,063001001006,066009001001
50002159,063001001001,066009001001
50002149,063001001008,066009001001
50002150,063001001007,066009001001
50002152,063001001008,066009001001
50004755,063001001009,066009001001
50002154,063001001009,066009001001
50002148,063001001008,066009001001
50002151,063001001007,066009001001
50002156,063001001012,066009001001
50002157,063001001010,066009001001
50002158,063001001005,066009001001
50002199,063001005011,066009001005
50002215,063001005002,066009001005
50002461,063001005008,066009001005
50002214,063001005001,066009001005
50002204,063001005006,066009001005
50002234,063001005009,066009001005
50012880,063001005008,066009001005
50012920,063001005008,066009001005
50002198,063001005011,066009001005
50002216,063001005011,066009001005
50002201,063001005009,066009001005
50002217,063001005008,066009001005
50002218,063001005008,066009001005
50011900,063002004002,066009002004
50002224,063001005009,066009001005
50002203,063001005009,066009001005
50002222,063001005009,066009001005
50011880,063001005008,066009001005
50002207,063001005003,066009001005
50002205,063001005007,066009001005
50002226,063001005009,066009001005
50002460,063001005009,066009001005
50012940,063001005008,066009001005
50002462,063001005008,066009001005
50002463,063001005008,066009001005
50002209,063001005004,066009001005
50002228,063001005013,066009001005
50002206,063001005009,066009001005
50011860,063001005008,066009001005
50002212,063001005008,066009001005
50002211,063001005009,066009001005
50002229,063001005009,066009001005
50002233,063001005010,066009001005
50002197,063001005011,066009001005
50002208,063001005010,066009001005
50002200,063001005009,066009001005
50002220,063001005009,066009001005
50002223,063001005009,066009001005
50002196,063001005005,066009001005
50012900,063001005008,066009001005
50002221,063001005009,066009001005
50002202,063001005009,066009001005
50011840,063001005008,066009001005
50002227,063001005011,066009001005
50001912,063003008020,066009003008
50001911,063003008019,066009003008
50006954,063003008021,066009003008
50006955,063003008021,066009003008
50006957,063003008021,066009003008
50001767,063003008008,066009003008
50001910,063003008018,066009003008
50001907,063003008015,066009003008
50012241,063003008024,066009003008
50012161,063003008024,066009003008
50012221,063003008024,066009003008
50012300,063003008024,066009003008
50012141,063003008024,066009003008
50012280,063003008024,066009003008
50007219,063003008024,066009003008
50001915,063003008023,066009003008
50012320,063003008024,066009003008
50012301,063003008024,066009003008
50001908,063003008016,066009003008
50007038,063003008024,066009003008
50007039,063003008024,066009003008
50007040,063003008024,066009003008
50007037,063003008024,066009003008
50007041,063003008024,066009003008
50013941,063002008001,066009002008
50014000,063002008001,066009002008
50014021,063002008005,066009002008
50014080,063002008005,066009002008
50014040,063002008004,066009002008
50014160,063002008005,066009002008
50014061,063002008005,066009002008
50014060,063002008002,066009002008
50014140,063002008003,066009002008
50014041,063002008003,066009002008
50014120,063002008005,066009002008
50014100,063002008005,066009002008
50014001,063002005006,066009002005
50013781,063002002006,066009002002
50014201,063002008002,066009002008
50014260,063002002001,066009002002
50014280,063002005005,066009002005
50014042,063002005006,066009002005
50014101,063002007006,066009002007
50013821,063002003006,066009002003
50002018,063002004009,066009002004
50014340,063002004008,066009002004
50002017,063002004008,066009002004
50014360,063002002006,066009002002
50001916,063002004004,066009002004
50001917,063002004012,066009002004
50002015,063002004006,066009002004
50002016,063002004012,066009002004
50013340,063002009010,066009002009
50013262,063002009010,066009002009
50013221,063002009010,066009002009
50013162,063002009010,066009002009
50014500,063002009010,066009002009
50013121,063002009010,066009002009
50013320,063002009010,066009002009
50013021,063002009010,066009002009
50013261,063002009010,066009002009
50013241,063002009010,066009002009
50013300,063002009010,066009002009
50004742,063001007004,066009001007
50004743,063001007004,066009001007
50004748,063001007004,066009001007
50004744,063001007004,066009001007
50004737,063001007004,066009001007
50004741,063001007004,066009001007
50004739,063001007006,066009001007
50004738,063001007004,066009001007
50004746,063001007004,066009001007
50004740,063001007004,066009001007
50004747,063001007004,066009001007
50013880,063001007002,066009001007
50004700,063001007004,066009001007
50004695,063002004003,066009002004
50004696,063001007002,066009001007
50004697,063001007002,066009001007
50004698,063001007002,066009001007
50004699,063001007002,066009001007
50004682,063001007001,066009001007
50004683,063001007001,066009001007
50004684,063001007001,066009001007
50004694,063001007001,066009001007
50004689,063001007001,066009001007
50013860,063001007001,066009001007
50004692,063001007001,066009001007
50004693,063001007001,066009001007
50004686,063001007001,066009001007
50004685,063001007001,066009001007
50004687,063001007001,066009001007
50004688,063001007001,066009001007
50004690,063001007001,066009001007
50004691,063001007001,066009001007
50013901,063002002006,066009002002
50013861,063002002006,066009002002
50013920,063002002006,066009002002
50013940,063002002006,066009002002
50004734,063002004004,066009002004
50004736,063001007005,066009001007
50004730,063002004008,066009002004
50002458,063002004008,066009002004
50004727,063002004008,066009002004
50004728,063002004008,066009002004
50013840,063002004004,066009002004
50004729,063002004008,066009002004
50004735,063002004008,066009002004
50004731,063002004008,066009002004
50004732,063002004008,066009002004
50004733,063002004008,066009002004
50007077,063001007003,066009001007
50004704,063001007003,066009001007
50004714,063001007003,066009001007
50004726,063001007003,066009001007
50004715,063001007003,066009001007
50004711,063001007003,066009001007
50004706,063001007003,066009001007
50004720,063001007003,066009001007
50007076,063001007003,066009001007
50004717,063001007003,066009001007
50004707,063001007003,066009001007
50004713,063001007003,066009001007
50004702,063001007003,066009001007
50004703,063001007003,066009001007
50004710,063001007006,066009001007
50004701,063001007003,066009001007
50004709,063001007003,066009001007
50004708,063001007003,066009001007
50004712,063001007003,066009001007
50004719,063001007003,066009001007
50004716,063001007003,066009001007
50012761,063002009006,066009002009
50012640,063002009006,066009002009
50012740,063002009013,066009002009
50012780,063002009006,066009002009
50012660,063002009002,066009002009
50012760,063002009004,066009002009
50012680,063002009003,066009002009
50012700,063002009001,066009002009
50012720,063002009006,066009002009
50001758,063003004005,066009003004
50001759,063003004005,066009003004
50001757,063003007003,066009003007
50013180,063003004006,066009003004
50002398,063003004004,066009003004
50013140,063003004004,066009003004
50013120,063003004004,066009003004
50002395,063003004004,066009003004
50002397,063003004004,066009003004
50013160,063003004004,066009003004
50002396,063003004004,066009003004
50013200,063003004006,066009003004
50012041,063003003008,066009003003
50012180,063003008025,066009003008
50012160,063003003006,066009003003
50012800,063003004002,066009003004
50002032,063003003001,066009003003
50012742,063003004001,066009003004
50012741,063003004001,066009003004
50012240,063003002007,066009003002
50012002,063003002005,066009003002
50012001,063003002002,066009003002
50012220,063003002007,066009003002
50002258,063003003003,066009003003
50002265,063003008003,066009003008
50012860,063003003003,066009003003
50002261,063003003003,066009003003
50012681,063003003003,066009003003
50002260,063003003003,066009003003
50002259,063003003003,066009003003
50002262,063003003003,066009003003
50012840,063003003003,066009003003
50002263,063003003003,066009003003
50002264,063003003003,066009003003
50013060,063003002008,066009003002
50002384,063003002007,066009003002
50013100,063003002008,066009003002
50002268,063003002002,066009003002
50013000,063003002004,066009003002
50013080,063003002008,066009003002
50012980,063003002007,066009003002
50002382,063003002007,066009003002
50013020,063003002004,066009003002
50012781,063003002005,066009003002
50002594,063003002007,066009003002
50013040,063003002007,066009003002
50006197,063003002001,066009003002
50002595,063003002007,066009003002
50002596,063003002007,066009003002
50002381,063003002003,066009003002
50002380,063003002007,066009003002
50002250,063003003004,066009003003
50002257,063003003004,066009003003
50002252,063003003008,066009003003
50002253,063003003004,066009003003
50002255,063003003008,066009003003
50002251,063003003008,066009003003
50002256,063003003006,066009003003
50002254,063003003004,066009003003
50005541,063003001002,066009003001
50011920,063003001002,066009003001
50002266,063003001004,066009003001
50009600,063003001005,066009003001
50002606,063003001001,066009003001
50002605,063003001006,066009003001
50002607,063003001001,066009003001
50012960,063003001008,066009003001
50002033,063003003004,066009003003
50012701,063003003008,066009003003
50014121,063002004006,066009002004
50014141,063002004005,066009002004
50014181,063002004012,066009002004
50013841,063002004007,066009002004
50013621,063002004005,066009002004
50013882,063002004005,066009002004
50014200,063002004005,066009002004
50014220,063002004006,066009002004
50014180,063002004007,066009002004
50013501,063002009009,066009002009
50013441,063002009009,066009002009
50013560,063002009009,066009002009
50012981,063002009009,066009002009
50013540,063002009009,066009002009
50013580,063002009009,066009002009
50013521,063002009009,066009002009
50013561,063002009009,066009002009
50012500,063003007003,066009003007
50012480,063003007003,066009003007
50012201,063003007003,066009003007
50012441,063003007003,066009003007
50012560,063002010003,066009002010
50012442,063002010003,066009002010
50012540,063002010003,066009002010
50012421,063002010003,066009002010
50011944,063002010003,066009002010
50012581,063002010003,066009002010
50012580,063002010003,066009002010
50012461,063002010003,066009002010
50012521,063002010003,066009002010
50012600,063002010003,066009002010
50012304,063002010003,066009002010
50000215,063001006004,066009001006
50013760,063001006006,066009001006
50013800,063001006006,066009001006
50013780,063001006006,066009001006
50004656,063002006010,066009002006
50004657,063001006006,066009001006
50004651,063001006004,066009001006
50013700,063001006003,066009001006
50013720,063001006003,066009001006
50004652,063001006004,066009001006
50004653,063001006002,066009001006
50013740,063001006005,066009001006
50004655,063001006003,066009001006
50004654,063001006001,066009001006
50004660,063001006006,066009001006
50004658,063001006006,066009001006
50004659,063001006006,066009001006
50002457,063001006006,066009001006
50000280,063001006003,066009001006
50013620,063002006008,066009002006
50013680,063002006008,066009002006
50013660,063002006008,066009002006
50013640,063002006008,066009002006
50004661,063002006005,066009002006
50004681,063002006001,066009002006
50004662,063002006001,066009002006
50004668,063002006005,066009002006
50004669,063002006001,066009002006
50004678,063002003004,066009002003
50004674,063002004001,066009002004
50004676,063002006007,066009002006
50004670,063002006006,066009002006
50004673,063002004001,066009002004
50011980,063002007006,066009002007
50012040,063002007006,066009002007
50011960,063002007006,066009002007
50012020,063002007006,066009002007
50012000,063002007006,066009002007
50011941,063002007006,066009002007
50011921,063002007006,066009002007
50011943,063002007006,066009002007
50011942,063002007006,066009002007
50007254,068001009001,066012001009
50007253,068001009008,066012001009
50007284,068001009007,066012001009
50007283,068001009001,066012001009
50007275,068001009001,066012001009
50007279,068001009001,066012001009
50007278,068001009001,066012001009
50007285,068001009001,066012001009
50007280,068001009001,066012001009
50007263,068001009008,066012001009
50007262,068001009008,066012001009
50007296,068001009008,066012001009
50007349,068001009008,066012001009
50007297,068001009008,066012001009
50007294,068001009008,066012001009
50007295,068001009008,066012001009
50007288,068001009008,066012001009
50007301,068001009008,066012001009
50007292,068001009008,066012001009
50007298,068001009008,066012001009
50007302,068001009008,066012001009
50007290,068001009008,066012001009
50007303,068001009008,066012001009
50007291,068001009008,066012001009
50007299,068001009008,066012001009
50007344,061002001013,066007002001
50007345,068001009008,066012001009
50007304,068001009008,066012001009
50007316,068001009008,066012001009
50007351,068001009008,066012001009
50007312,068001009008,066012001009
50007313,068001009008,066012001009
50007309,068001009008,066012001009
50007308,068001009008,066012001009
50007310,068001009008,066012001009
50007311,068001009008,066012001009
50007321,068001009007,066012001009
50007322,068001009007,066012001009
50007332,068001009007,066012001009
50007327,068001009007,066012001009
50007320,068001009007,066012001009
50007329,068001009007,066012001009
50007328,068001009007,066012001009
50007326,068001009007,066012001009
50007325,068001009007,066012001009
50007324,068001009007,066012001009
50007330,068001009007,066012001009
50007331,068001009007,066012001009
50007260,064002005001,066010002005
50000222,061001005002,066007001005
50006398,068001014004,066012001013
50006397,068001014004,066012001013
50006394,068001014004,066012001013
50006395,068001014004,066012001013
50006396,068001014004,066012001013
50006393,068001014004,066012001013
50000221,061002006001,066007002006
50000625,061005001008,066007005001
50000623,060001006016,066006001006
50000621,060001006016,066006001006
50000622,060001006016,066006001006
50000620,060001006011,066006001006
50000619,060001006011,066006001006
50000729,060003001001,066006003001
50003701,060003001001,066006003001
50003700,060003001001,066006003001
50003699,060003001001,066006003001
50003698,060003001001,066006003001
50003697,060003001001,066006003001
50000730,060003001002,066006003001
50000716,061003001001,066007003001
50000715,061003004002,066007003004
50000707,060001006005,066006001006
50000706,060001006016,066006001006
50000710,060001006016,066006001006
50000714,060001006004,066006001006
50000708,060001006005,066006001006
50000709,060001006006,066006001006
50000711,060001006016,066006001006
50000705,060001006001,066006001006
50000713,060001006008,066006001006
50009640,060003002001,066006003002
50009660,060003002005,066006003002
50005402,060003002002,066006003002
50009700,060003002001,066006003002
50005401,060003002001,066006003002
50009680,060003002004,066006003002
50005405,060003002003,066006003002
50005403,060003002002,066006003002
50000854,060003005001,066006003005
50000855,060003005002,066006003005
50000856,060003003010,066006003003
50000634,060003003002,066006003003
50000633,060003003002,066006003003
50000630,060001006012,066006001006
50000629,060003003002,066006003003
50000631,060003003004,066006003003
50000632,060003003004,066006003003
50000361,060005005004,066006005005
50000363,056006002003,066002006002
50000365,056006002007,066002006002
50000362,056006001005,066002006001
50000685,060003003010,066006003003
50000746,060003003001,066006003003
50000677,060003003009,066006003003
50000675,060003003010,066006003003
50000674,060003003003,066006003003
50000680,060003003008,066006003003
50000679,060003003008,066006003003
50000681,060003003007,066006003003
50000684,060003003010,066006003003
50000673,060003003006,066006003003
50000745,060003003001,066006003003
50000743,060003003001,066006003003
50000717,060004001004,066006004001
50000728,058001006001,066004001006
50006148,058002002012,066004002002
50007108,060006004003,066006006004
50000719,060004001001,066006004001
50000723,060001007002,066006001007
50000726,060004002003,066006004002
50000724,060004002001,066006004002
50000721,060004001003,066006004001
50000720,060004001002,066006004001
50000727,060004001003,066006004001
50000718,060004001003,066006004001
50000722,060004003001,066006004003
50005411,060001007006,066006001007
50005306,060001001008,066006001001
50000526,060005001005,066006005001
50000528,060001001005,066006001001
50000529,060005001001,066006005001
50005307,060005001008,066006005001
50000530,060005001002,066006005001
50000531,060001001009,066006001001
50000532,060001001004,066006001001
50000739,063003006006,066009003006
50000738,063003004002,066009003004
50005467,063003004006,066009003004
50005468,063003003008,066009003003
50000582,060001006003,066006001006
50000578,060001005009,066006001005
50000583,061003001005,066007003001
50000577,060001005009,066006001005
50000579,056011003001,066002009002
50000580,060001005007,066006001005
50000576,060001005007,066006001005
50000584,060001005012,066006001005
50000586,065005007009,066011005007
50004643,060008001001,066006007001
50004219,060008007002,066006007007
50004220,060008007002,066006007007
50004221,060008007002,066006007007
50004224,060008007002,066006007007
50004225,060008007002,066006007007
50004227,060008007002,066006007007
50004228,060008007002,066006007007
50004229,060008001004,066006007001
50004230,060008007002,066006007007
50004231,060008001005,066006007001
50004232,060008001003,066006007001
50000371,060002005005,066006002005
50004233,056006002012,066002006002
50004234,056006002004,066002006002
50004242,056006002011,066002006002
50004236,056006002008,066002006002
50004237,056006002004,066002006002
50004243,056006002011,066002006002
50004235,056006002009,066002006002
50004240,056006002004,066002006002
50004239,056006002011,066002006002
50004249,060008011002,066006007011
50004250,060008011002,066006007011
50004251,061004002003,066007004002
50004252,061004001005,066007004001
50004253,060008011002,066006007011
50004254,061004001005,066007004001
50006999,060008011002,066006007011
50004255,061004002005,066007004002
50006998,060008011002,066006007011
50004256,061004002005,066007004002
50004257,061004002005,066007004002
50004246,061004002005,066007004002
50004248,061004002005,066007004002
50005309,060008005001,066006007011
50004258,060008005001,066006007011
50004259,060008005001,066006007011
50004260,060008005001,066006007011
50004261,060008005001,066006007011
50004262,060008005001,066006007011
50004263,060008005001,066006007011
50004264,060008005001,066006007011
50004265,056002006007,066002002006
50004266,060008006001,066006007006
50004644,060008006001,066006007006
50004273,056014005003,066002011005
50004267,056014005007,066002011005
50004269,060008006001,066006007006
50004270,056008005003,066002008004
50004271,056014001006,066002011001
50004272,056014003002,066002011003
50004274,060008006001,066006007006
50004275,056005005003,066002005005
50004276,056005004005,066002005004
50004277,056005004001,066002005004
50004645,060008001002,066006007001
50004405,060008001002,066006007001
50004406,060008001002,066006007001
50004407,060008001002,066006007001
50004409,060008001002,066006007001
50004410,056008007002,066002008006
50004412,060008001002,066006007001
50004413,060008001002,066006007001
50004414,060008001002,066006007001
50004415,060008001002,066006007001
50004646,060008007001,066006007007
50004419,060003003005,066006003003
50004420,065006012004,066011006012
50004425,065004005004,066011004005
50004427,060008007001,066006007007
50004422,060001001012,066006001001
50004421,060001001012,066006001001
50004423,060001001012,066006001001
50004424,060002006001,066006002006
50004426,060001001012,066006001001
50004429,060008008002,066006007008
50004430,060008009001,066006007009
50004431,060008008001,066006007008
50004435,060008008002,066006007008
50004436,060008008002,066006007008
50004437,060008008002,066006007008
50004428,060008008002,066006007008
50004443,060008011002,066006007011
50004444,060008011002,066006007011
50004438,060008008002,066006007008
50004647,060008011002,066006007011
50004439,060008001002,066006007001
50004440,060008011002,066006007011
50004441,060008011002,066006007011
50004442,060008011002,066006007011
50004445,060008011002,066006007011
50004446,060008011002,066006007011
50004447,060008011002,066006007011
50004448,060008011002,066006007011
50004449,068001014004,066012001013
50004450,065006011005,066011006011
50004451,065006011005,066011006011
50004452,065006011005,066011006011
50004453,065006011005,066011006011
50004454,065006011005,066011006011
50004455,065006011005,066011006011
50004456,065006011005,066011006011
50004416,056008001001,066006007007
50005415,056008001001,066006007007
50004417,056008001001,066006007007
50004418,056008001001,066006007007
50004467,061002006004,066007002006
50004475,061002006004,066007002006
50004648,060008005002,066006007011
50004468,060008005002,066006007011
50004474,060008005002,066006007011
50004469,060008005002,066006007011
50004470,060008005002,066006007011
50004471,060008005002,066006007011
50004473,060008005002,066006007011
50004484,060008010002,066006007010
50004476,060008010002,066006007010
50004477,060008010002,066006007010
50004478,060008010002,066006007010
50004479,060008010002,066006007010
50004480,060008010002,066006007010
50004481,060008010002,066006007010
50004649,060008010002,066006007010
50004482,060008010001,066006007010
50004464,060008007002,066006007007
50004457,060008007002,066006007007
50004459,060008007002,066006007007
50004460,060008003001,066006007003
50004458,060008007002,066006007007
50004461,060008007002,066006007007
50004462,060008003003,066006007003
50004463,060008008002,066006007008
50004466,060008008002,066006007008
50004209,060008004001,066006007004
50004642,060008001002,066006007001
50004208,060008001002,066006007001
50004210,060008003001,066006007003
50004211,060008003001,066006007003
50009362,060008003001,066006007003
50004213,060008004001,066006007004
50004216,060008004001,066006007004
50004212,060008004001,066006007004
50004217,060008003002,066006007003
50006843,060008007002,066006007007
50004218,060008007002,066006007007
50000343,061004001005,066007004001
50000695,060001002005,066006001002
50000704,060003004010,066006003004
50000702,060002004004,066006002004
50000703,060001005011,066006001005
50000701,060002004003,066006002004
50000692,060002004001,066006002004
50000694,060002004004,066006002004
50000693,065007006002,066011007006
50000698,060002004003,066006002004
50000697,060002004002,066006002004
50000610,065004006004,066011004006
50000611,060004003001,066006004003
50000608,065011003002,066011009003
50000603,060001006010,066006001006
50000601,060001006002,066006001006
50000606,060001006014,066006001006
50000604,060001006010,066006001006
50000612,058003004006,066004003004
50000624,058001006001,066004001006
50000613,058001006001,066004001006
50000614,060001006009,066006001006
50000615,060001005012,066006001005
50000616,060001005012,066006001005
50000617,060002004003,066006002004
50005406,060002001005,066006002001
50005407,060002001006,066006002001
50003875,060002003001,066006002003
50003868,060002003001,066006002003
50003873,060002003001,066006002003
50003866,060002003001,066006002003
50003864,060002003001,066006002003
50003871,060002003001,066006002003
50003867,060002003001,066006002003
50003865,060002003001,066006002003
50003870,060002003001,066006002003
50005303,060002003001,066006002003
50003872,060002003001,066006002003
50000687,060002001001,066006002001
50000686,060002001003,066006002001
50000473,060001002004,066006001002
50000476,065006011005,066011006011
50000590,065003004002,066011003004
50000592,065003001002,066011003001
50000598,061003004003,066007003004
50000591,060001005004,066006001005
50000593,065003001001,066011003001
50000589,065003002001,066011003002
50000587,060001005002,066006001005
50000600,061003004002,066007003004
50007129,060006003003,066006006003
50007128,057007006002,066003007006
50007132,060006003003,066006006003
50007133,060006003003,066006006003
50007134,060006003003,066006006003
50007130,060006003003,066006006003
50007131,060006003003,066006006003
50007138,055009010008,066001009010
50007139,060005003017,066006005003
50007142,060005002017,066006005002
50007145,060005002017,066006005002
50007141,055009007003,066001009007
50007143,055009007002,066001009007
50007144,060005002013,066006005002
50007137,060005002013,066006005002
50007136,055009007001,066001009007
50007140,055009007004,066001009007
50007123,060005002016,066006005002
50007118,060005002004,066006005002
50000409,060005003003,066006005003
50000413,060005005003,066006005005
50007116,060005006002,066006005006
50007125,060005002012,066006005002
50000411,060005004008,066006005004
50007121,060005005001,066006005005
50000536,060005002002,066006005002
50000271,060005009001,066006005009
50007114,060005003002,066006005003
50000412,060005003006,066006005003
50007120,060005002004,066006005002
50000414,060005002007,066006005002
50000418,060005001010,066006005001
50000419,060005002011,066006005002
50007117,060005003009,066006005003
50000415,060005004015,066006005004
50000270,060005008001,066006005008
50007115,060005002008,066006005002
50000410,060005002003,066006005002
50007122,060005005002,066006005005
50000420,060005002012,066006005002
50000416,060005009002,066006005009
50000535,060005002001,066006005002
50007124,060005002004,066006005002
50007119,060005005003,066006005005
50004206,060005001016,066006005001
50004203,060006002001,066006006002
50004201,060006002001,066006006002
50004205,060006002001,066006006002
50004204,060006002003,066006006002
50004202,060006002004,066006006002
50000351,060006004003,066006006004
50000269,060006003003,066006006003
50000357,060005002018,066006005002
50000349,060006003002,066006006003
50000352,060006003001,066006006003
50000227,060006003004,066006006003
50000358,060006003006,066006006003
50000353,060006003001,066006006003
50004040,060006001004,066006006001
50004039,060005001013,066006005001
50004041,056001005006,066002001005
50004042,060006001002,066006006001
50005465,056001005004,066002001005
50004199,065007009004,066011007009
50004200,056001005005,066002001005
50004198,060006001003,066006006001
50005466,060006001005,066006006001
50006383,060006001002,066006006001
50000356,060005002018,066006005002
50000223,060005001014,066006005001
50000226,060006004002,066006006004
50000350,060006004001,066006006004
50000348,060006004003,066006006004
50007126,055009007009,066001009007
50007113,057007008005,066003007008
50007111,057007008005,066003007008
50007112,057007008005,066003007008
50000367,060001005012,066006001005
50000368,060006001001,066006006001
50000369,060001005012,066006001005
50000370,060001005012,066006001005
50000628,060001006014,066006001006
50000626,060001006013,066006001006
50000627,060001006013,066006001006
50005412,060001006013,066006001006
50005413,060001006013,066006001006
50000516,060001004005,066006001004
50000510,060001004008,066006001004
50000517,060001004005,066006001004
50005305,060001004008,066006001004
50000514,060001004002,066006001004
50000513,060001004001,066006001004
50000509,060001004008,066006001004
50000512,060001004003,066006001004
50005304,060001004006,066006001004
50009344,060003004001,066006003004
50009720,060003004001,066006003004
50009345,060003004001,066006003004
50000485,060003004004,066006003004
50000486,060003004010,066006003004
50000481,060003004008,066006003004
50000479,060003004002,066006003004
50000478,060003004007,066006003004
50000477,060003004003,066006003004
50000483,060003004006,066006003004
50000482,060003004005,066006003004
50000218,060008002002,066006007002
50000344,060008002002,066006007002
50000217,060008002001,066006007002
50000501,060001003006,066006001003
50000496,060001003006,066006001003
50000487,060001003006,066006001003
50000499,060001003006,066006001003
50000500,060001003006,066006001003
50000488,060001003006,066006001003
50004030,055009002013,066001009002
50004032,055009008003,066001009008
50004033,060001003005,066006001003
50004031,060001003005,066006001003
50004034,060001003005,066006001003
50000502,060001003005,066006001003
50000497,060001003006,066006001003
50000498,060001003006,066006001003
50000277,060004004002,066006004004
50006841,060001003008,066006001003
50000503,060001003002,066006001003
50000276,060001003002,066006001003
50000508,060001003004,066006001003
50000507,058001006002,066004001006
50000505,060001003008,066006001003
50004035,060001003001,066006001003
50004036,060001003001,066006001003
50000518,063003007004,066009003007
50000524,060001008003,066006001008
50006997,060001008001,066006001008
50006995,060001008003,066006001008
50006994,060001008002,066006001008
50006996,060001008001,066006001008
50000522,060001008003,066006001008
50006989,060001008001,066006001008
50006992,060001008001,066006001008
50006991,060001008001,066006001008
50000520,060001008003,066006001008
50006988,060001008001,066006001008
50000521,060001008003,066006001008
50000519,060001008003,066006001008
50005408,060002003002,066006002003
50005410,060002003002,066006002003
50005409,060002003002,066006002003
50003880,060001005008,066006001005
50003879,060002003002,066006002003
50003877,060002003002,066006002003
50000846,055009006008,066001009006
50000847,055009006009,066001009006
50003804,055009006010,066001009006
50003805,055009009001,066001009009
50003807,055009009001,066001009009
50003808,055009010002,066001009010
50003810,055009011001,066001009011
50000848,055009010001,066001009010
50000845,055009006003,066001009006
50000831,055005007001,066001001003
50000844,061003001022,066007003001
50000836,055004009006,066001001011
50000833,055005008006,066001004008
50000843,056001001009,066002001001
50000838,055005001004,066001004001
50000837,055004002001,066001001006
50008960,055002011011,066001001011
50000840,055005011005,066001004011
50000834,055005007001,066001001003
50000835,055005010002,066001004010
50000832,055005007001,066001001003
50006328,055008009001,066001007009
50000839,055005003003,066001001007
50000841,055007007006,066001001011
50000830,055008003004,066001001002
50000842,055005012002,066001002013
50000828,055009004001,066001009004
50003627,055009005004,066001009005
50003631,055009008005,066001009008
50003624,055009005001,066001009005
50003630,055009005002,066001009005
50003626,055009005006,066001009005
50003625,055009009001,066001009009
50000823,055009002001,066001009002
50000825,055009001007,066001009001
50000829,055009009013,066001009009
50000827,055009004003,066001009004
50003632,055009010005,066001009010
50003635,055009009001,066001009009
50003634,055009011006,066001009011
50003636,055009009001,066001009009
50003816,055009009001,066001009009
50003639,055009009001,066001009009
50003637,055009009001,066001009009
50003638,055009009001,066001009009
50000826,055009009009,066001009009
50000824,055009003004,066001009003
50000805,055002004001,066001001004
50000812,055009012006,066001009012
50000822,055002007009,066001001007
50000810,055002012003,066001001012
50000804,055001001004,066001001001
50000808,055002010010,066001001010
50000807,055002009006,066001001009
50000821,056001002009,066002001002
50000815,055002005002,066001001005
50000814,055002006002,066001001006
50000811,055001011011,066001001011
50000816,055002012005,066001001012
50000817,055002008001,066001001008
50000809,055002011007,066001001011
50000806,055001003004,066001001003
50000778,055002012002,066001001012
50000813,055002007002,066001001007
50000818,055002012007,066001001012
50000803,055002012004,066001001012
50000820,057008001002,066003008001
50000819,055002013001,066001002013
50000651,057001001007,066003001001
50000650,057001001008,066003001001
50000646,056001007002,066002001007
50000648,057001001016,066003001001
50000649,057001001009,066003001001
50000647,059001002002,066005001002
50000652,056001007004,066002001007
50000787,057005002001,066003005002
50003863,056001006006,066002001006
50003860,056001006005,066002001006
50003861,057005003006,066003005003
50003862,057005005002,066003005005
50000784,057005004002,066003005004
50000785,057005002002,066003005002
50000792,057005002004,066003005002
50000789,057005002003,066003005002
50000788,057005003006,066003005003
50000790,057005002003,066003005002
50000783,056001003004,066002001003
50000666,056001003005,066002001003
50003854,057005003003,066003005003
50003855,057005003002,066003005003
50003857,057005003004,066003005003
50003858,057005003002,066003005003
50003859,057005003002,066003005003
50003856,057005003002,066003005003
50000791,057005002004,066003005002
50000665,057005002002,066003005002
50000541,057001003001,066003001003
50000548,057001003001,066003001003
50000550,057001003001,066003001003
50000545,057001003001,066003001003
50000549,057001003001,066003001003
50006868,057001003001,066003001003
50000543,056001008004,066002001008
50000546,057001003001,066003001003
50000542,056001008003,066002001008
50003993,057001003001,066003001003
50003992,057001003001,066003001003
50003991,057001003001,066003001003
50003990,056001008002,066002001008
50000544,057002002003,066003001002
50000547,057001003001,066003001003
50003988,057001002004,066003001002
50003989,057001002004,066003001002
50000540,057001002004,066003001002
50000539,057001002003,066003001002
50000554,057001004001,066003001004
50000555,057001004001,066003001004
50000558,057001004002,066003001004
50000559,057001004002,066003001004
50000557,057001004002,066003001004
50000556,057001004002,066003001004
50000432,057007007001,066003007007
50000433,057007007002,066003007007
50006911,057007007001,066003007007
50004147,057007013001,066003007012
50004146,057003001010,066003003001
50000435,057003001010,066003003001
50000426,057007011002,066003007011
50000425,057003001008,066003003001
50004140,057007010001,066003007010
50004142,057007010003,066003007010
50006188,057003001006,066003003001
50004141,057007009001,066003007009
50004143,057003001008,066003003001
50005245,057007010003,066003007010
50004144,057007010003,066003007010
50004145,057007010003,066003007010
50000671,057005005002,066003005005
50000672,057005005002,066003005005
50000669,057005005001,066003005005
50000670,057005005002,066003005005
50000667,057005005001,066003005005
50000668,057005005002,066003005005
50004005,055009012012,066001009012
50004002,055009012002,066001009012
50004006,055009012005,066001009012
50004004,056001010003,066002001010
50004003,055009012004,066001009012
50003997,055009012001,066001009012
50003994,055009012014,066001009012
50004001,057001003006,066003001003
50003999,055009012012,066001009012
50003995,055009012003,066001009012
50004000,055009012005,066001009012
50003998,056001010003,066002001010
50003996,055009012003,066001009012
50003976,061003004005,066007003004
50003977,057001005002,066003001005
50000644,057001001006,066003001001
50000639,057001001003,066003001001
50000641,057001001005,066003001001
50000642,057001001004,066003001001
50000640,057001001015,066003001001
50000643,057001001012,066003001001
50000645,057001001014,066003001001
50003852,057005003006,066003005003
50003853,057005003006,066003005003
50003848,057005003006,066003005003
50003849,057005003006,066003005003
50003850,057005003006,066003005003
50003851,057005003006,066003005003
50003818,059001006003,066005001006
50003820,057005004001,066003005004
50003822,059001003001,066005001003
50003821,057005003001,066003005003
50003819,057005003001,066003005003
50003817,057005001002,066003005001
50003834,057005001006,066003005001
50004190,057005001006,066003005001
50004191,057005004001,066003005004
50000779,057005001005,066003005001
50003844,057005001003,066003005001
50003847,057005001003,066003005001
50003842,057005001003,066003005001
50003841,057005001003,066003005001
50003846,057005003004,066003005003
50003843,057005001003,066003005001
50003845,057005001003,066003005001
50000780,057005001004,066003005001
50000781,057005003004,066003005003
50003835,056001004001,066002001004
50003836,057005003002,066003005003
50003838,056001004006,066002001004
50003839,056001004002,066002001004
50003840,057005003002,066003005003
50003837,057005003002,066003005003
50003833,057005001005,066003005001
50003832,057005001005,066003005001
50003824,057005001001,066003005001
50003825,057005001001,066003005001
50003826,057005001001,066003005001
50003831,057005001001,066003005001
50003827,057005001001,066003005001
50003828,057005001001,066003005001
50003829,057005001001,066003005001
50003830,057005001001,066003005001
50003823,057005001001,066003005001
50007808,057001001001,066003001001
50000659,057001001001,066003001001
50000653,057001001001,066003001001
50000654,057001001001,066003001001
50000656,057001001001,066003001001
50000657,057001001001,066003001001
50000658,057001001001,066003001001
50000655,057001001001,066003001001
50000660,057001001001,066003001001
50007948,057001001001,066003001001
50005464,057001001001,066003001001
50006908,057001001001,066003001001
50000552,057001003004,066003001003
50000553,057001003004,066003001003
50000551,057001003004,066003001003
50004158,057007001004,066003007001
50004159,057007001004,066003007001
50006873,057007001006,066003007001
50004157,057007002001,066003007002
50004160,057007007005,066003007007
50004162,057007001002,066003007001
50004161,057007001005,066003007001
50004165,057003001002,066003003001
50004163,057007001003,066003007001
50004164,057003001002,066003003001
50004166,057007001007,066003007001
50004168,057007002004,066003007002
50004169,057007002004,066003007002
50004167,057007002001,066003007002
50006871,057007001006,066003007001
50004170,057007002004,066003007002
50004172,057007002002,066003007002
50004171,057007002005,066003007002
50004175,057003001001,066003003001
50004173,057007002003,066003007002
50004174,057003001001,066003003001
50004149,057007003004,066003007003
50004150,057007003004,066003007003
50004148,057007003001,066003007003
50006870,057007001006,066003007001
50004151,057007003004,066003007003
50004153,057007003002,066003007003
50004152,057007003007,066003007003
50004156,057003001007,066003003001
50004154,057007003003,066003007003
50004155,057003001007,066003003001
50006176,057003001011,066003003001
50006175,057003001011,066003003001
50004181,057007005004,066003007005
50004182,057007005004,066003007005
50004180,057007005001,066003007005
50006171,057007005004,066003007005
50004184,057007005002,066003007005
50004183,057007005005,066003007005
50004185,057007005003,066003007005
50004186,057003001009,066003003001
50006910,057003001011,066003003001
50004187,065006011003,066011006011
50004189,057007004006,066003007004
50004188,057007004006,066003007004
50004192,057007004002,066003007004
50006169,057007007007,066003007007
50004193,057007004003,066003007004
50006872,057007001006,066003007001
50004194,057003001004,066003003001
50004176,057007002008,066003007002
50006170,057007007006,066003007007
50004178,057007002008,066003007002
50004177,057007007008,066003007007
50004179,057007002008,066003007002
50003985,057001002002,066003001002
50003987,057001002002,066003001002
50003986,057001002002,066003001002
50000664,057001003005,066003001003
50000661,057001002007,066003001002
50003982,057001002001,066003001002
50003984,057001002001,066003001002
50003983,057001002001,066003001002
50000663,057001002006,066003001002
50000538,057001002005,066003001002
50000662,057001002006,066003001002
50000537,057001001001,066003001001
50000434,057005005002,066003005005
50000566,056011001005,066002009001
50000568,057007004006,066003007004
50004014,057001003005,066003001003
50004015,057001003005,066003001003
50004016,057001003005,066003001003
50004139,057001003007,066003001003
50004138,057001003007,066003001003
50004137,057001003007,066003001003
50000565,057001003003,066003001003
50000571,057001003007,066003001003
50004027,057003001003,066003003001
50004029,057003001003,066003003001
50004028,057003001003,066003003001
50004012,057001003003,066003001003
50004013,057001003003,066003001003
50000567,060006003001,066006006003
50004010,057001003003,066003001003
50004011,057001003003,066003001003
50004021,055009012009,066001009012
50004023,055009012009,066001009012
50004026,055009012001,066001009012
50004025,055009012013,066001009012
50004022,055009012009,066001009012
50004024,055009012012,066001009012
50004019,057001003004,066003001003
50004020,057001003004,066003001003
50000572,057001003011,066003001003
50004017,057001003002,066003001003
50004018,057001003002,066003001003
50000564,057001003005,066003001003
50000573,057007004006,066003007004
50000570,057007004006,066003007004
50000574,057007004006,066003007004
50000569,057007004006,066003007004
50004008,058003003008,066004003003
50004009,057001003009,066003001003
50000562,057007008003,066003007008
50000560,057007008001,066003007008
50000563,057001003009,066003001003
50000561,057001003009,066003001003
50000333,058001005013,066004001005
50000334,058001001009,066004001001
50000322,058001005002,066004001005
50000330,058001005009,066004001005
50000331,058001005007,066004001005
50000327,058001005008,066004001005
50000332,058001005011,066004001005
50000329,058001005012,066004001005
50000321,058001005001,066004001005
50000325,058001005005,066004001005
50000323,058001005003,066004001005
50000326,058001005006,066004001005
50000324,058001005004,066004001005
50000328,058001005010,066004001005
50000405,058002003004,066004002003
50000403,058002003002,066004002003
50000404,058002003003,066004002003
50000406,058002003005,066004002003
50000407,058002003006,066004002003
50000402,058002003001,066004002003
50000468,058001002007,066004001002
50000469,058001002006,066004001002
50000463,058001002001,066004001002
50000467,058001002004,066004001002
50000465,058001002002,066004001002
50000466,058001002005,066004001002
50000464,058001002003,066004001002
50000293,058003001012,066004003001
50000288,058003001015,066004003001
50000408,058003001003,066004003001
50000283,058003001007,066004003001
50000286,058003001002,066004003001
50000295,058003001008,066004003001
50000282,058003001006,066004003001
50000296,058003001009,066004003001
50000281,058003001004,066004003001
50000285,058003001001,066004003001
50000284,058003001005,066004003001
50005287,058003001014,066004003001
50000292,058003001013,066004003001
50000287,058003001018,066004003001
50000291,060001006007,066006001006
50000294,058003001017,066004003001
50000290,058003001010,066004003001
50000289,058003001011,066004003001
50000470,058002001003,066004002001
50000471,058002001004,066004002001
50000345,058002001002,066004002001
50000390,058002001009,066004002001
50000347,058002001006,066004002001
50000346,058002001007,066004002001
50004196,058002001008,066004002001
50004580,058002001008,066004002001
50004197,058002001005,066004002001
50004581,058002001005,066004002001
50005288,058002001005,066004002001
50004582,058002001005,066004002001
50000472,058002001001,066004002001
50005289,058002004007,066004002004
50004402,058002004002,066004002004
50004589,058002004002,066004002004
50004587,058002004002,066004002004
50004588,058002004002,066004002004
50000316,058002004006,066004002004
50004386,058002004003,066004002004
50004383,058002004003,066004002004
50004382,058002004003,066004002004
50004379,058002004003,066004002004
50004385,058002004003,066004002004
50004380,058002004003,066004002004
50004381,058002004003,066004002004
50004384,058002004003,066004002004
50000317,058002004006,066004002004
50004387,058002004001,066004002004
50004395,058003005001,066004003005
50004391,058002004001,066004002004
50004586,065011003003,066011009003
50004392,058002004001,066004002004
50004393,058002004001,066004002004
50004389,058002004001,066004002004
50004394,058002004001,066004002004
50004388,058002004001,066004002004
50004401,058002004004,066004002004
50004397,058002004004,066004002004
50004399,065011001004,066011009001
50004398,058002004004,066004002004
50004396,058002004004,066004002004
50004400,065011002003,066011009002
50000319,058002004005,066004002004
50000393,058002002009,066004002002
50000395,058002002010,066004002002
50000391,058002002007,066004002002
50000392,058002002011,066004002002
50000394,058002002008,066004002002
50000397,058002002003,066004002002
50000399,058002002006,066004002002
50000401,058002002012,066004002002
50004377,058002002002,066004002002
50004583,058002002002,066004002002
50004584,058002002002,066004002002
50000398,058002002001,066004002002
50000396,058002002004,066004002002
50000400,058002002005,066004002002
50000447,058001004003,066004001004
50000446,058001004004,066004001004
50000450,058001004005,066004001004
50000445,058001004001,066004001004
50000448,058001004002,066004001004
50000449,058001004006,066004001004
50004195,058001004007,066004001004
50004403,058001004007,066004001004
50004404,058001004007,066004001004
50004641,058001004007,066004001004
50000342,058001001006,066004001001
50000438,058001001002,066004001001
50000442,058001001007,066004001001
50000437,058001001001,066004001001
50000441,058001001005,066004001001
50000439,058001001003,066004001001
50000440,058001001004,066004001001
50008980,058002001002,066004002001
50000443,058001001008,066004001001
50000444,058001001009,066004001001
50000460,058001003010,066004001003
50000461,058001003011,066004001003
50000454,058001003004,066004001003
50000458,058001003007,066004001003
50000462,058001003012,066004001003
50000452,058001003003,066004001003
50000456,058001003006,066004001003
50000455,058001003002,066004001003
50000453,058001003005,066004001003
50000457,058001003008,066004001003
50000459,058001003009,066004001003
50000451,058001003001,066004001003
50000314,058002005001,066004002005
50000313,058002005003,066004002005
50000312,058002005002,066004002005
50000315,058002005004,066004002005
50000311,058003003001,066004003003
50004378,058003003002,066004003003
50004585,058003003002,066004003003
50000310,058003003003,066004003003
50000308,058003003004,066004003003
50000307,058003003005,066004003003
50000306,058003003006,066004003003
50000309,058003003007,066004003003
50000303,058003002001,066004003002
50000298,058003002002,066004003002
50000297,058003002003,066004003002
50000304,058003002004,066004003002
50000299,058003002005,066004003002
50000302,058003003010,066004003003
50000300,058003003009,066004003003
50000305,058003003011,066004003003
50000301,058003002005,066004003002