101211000,1
101219000,2
101291000,3
101299000,4
101300000,5
101900000,6
102211000,7
102212000,8
102219000,9
102291000,10
102292000,11
102299000,12
102310000,13
102391000,14
102392000,15
102399000,16
102901000,17
1029090,18
102909010,19
102909020,20
102909090,21
103100000,22
103910000,23
103920000,24
104101000,25
104109000,26
104201000,27
104209000,28
105111000,29
105119000,30
105120000,31
105131000,32
105139000,33
105140000,34
105150000,35
105941000,36
105949000,37
1059910,38
105991010,39
105991090,40
105992000,41
105999000,42
106110000,43
106121000,44
106122000,45
106130000,46
106141000,47
106149000,48
106191000,49
106193000,50
106194000,51
1061950,52
106195010,53
106195090,54
1061960,55
106196010,56
106196090,57
106199000,58
106201000,59
106202000,60
106203000,61
106209000,62
106310000,63
106320000,64
106330000,65
106390000,66
106410000,67
106490000,68
106901000,69
1069030,70
106903010,71
106903020,72
106903090,73
106909000,74
201100000,75
201201000,76
201209000,77
201300000,78
202100000,79
202201000,80
202209000,81
202300000,82
203110000,83
203120000,84
203191000,85
203199000,86
203210000,87
203220000,88
203291000,89
203299000,90
204100000,91
204210000,92
204220000,93
204230000,94
204300000,95
204410000,96
204420000,97
204430000,98
204500000,99
205000000,100
206100000,101
206210000,102
206220000,103
206291000,104
206292000,105
206299000,106
206300000,107
206410000,108
206491000,109
206499000,110
206800000,111
206900000,112
207110000,113
207120000,114
207131000,115
2071320,116
207132010,117
207132090,118
2071410,119
207141010,120
207141020,121
207141030,122
207141090,123
2071420,124
207142010,125
207142090,126
207240000,127
207250000,128
207261000,129
2072620,130
207262010,131
207262090,132
207271000,133
2072720,134
207272010,135
207272090,136
207410000,137
207420000,138
207430000,139
207441000,140
2074420,141
207442010,142
207442090,143
207451000,144
2074520,145
207452010,146
207452090,147
207510000,148
207520000,149
207530000,150
207541000,151
2075420,152
207542010,153
207542090,154
207551000,155
2075520,156
207552010,157
207552090,158
207601000,159
207602000,160
207603,161
207603100,162
2076032,163
207603210,164
207603290,165
207604,166
207604100,167
2076042,168
207604210,169
207604290,170
208100000,171
208300000,172
208401000,173
208402000,174
208500000,175
208600000,176
208901000,177
2089090,178
208909010,179
208909090,180
209100000,181
209900000,182
210110000,183
210120000,184
210190000,185
210201000,186
210209000,187
210910000,188
210921000,189
210922000,190
210930000,191
2109910,192
210991010,193
210991090,194
2109990,195
210999020,196
210999090,197
301111000,198
301119000,199
301190000,200
301910000,201
301921000,202
301922000,203
3019290,204
301929010,205
301929090,206
301931000,207
301939000,208
301940000,209
301950000,210
301992000,211
3019940,212
301994010,213
30199409,214
301994091,215
301994099,216
301995000,217
301996000,218
301997000,219
301998000,220
3019990,221
301999010,222
301999020,223
301999040,224
30199905,225
301999051,226
301999059,227
301999060,228
301999070,229
301999080,230
30199909,231
301999091,232
301999092,233
301999095,234
301999099,235
302110000,236
302130000,237
302140000,238
302190000,239
302210000,240
302220000,241
302230000,242
302240000,243
302290000,244
302310000,245
302320000,246
302330000,247
302340000,248
302351000,249
302352000,250
302360000,251
302390000,252
302410000,253
302420000,254
302430000,255
302440000,256
302450000,257
302460000,258
302470000,259
302491000,260
302492000,261
302493000,262
302499000,263
302510000,264
302520000,265
302530000,266
302540000,267
302550000,268
302560000,269
302590000,270
302710000,271
302720000,272
302730000,273
302740000,274
302790000,275
302810000,276
302820000,277
302830000,278
302840000,279
302850000,280
302891000,281
302892000,282
302893000,283
302894000,284
302895000,285
302896000,286
3028990,287
302899020,288
302899040,289
302899090,290
302911000,291
302912000,292
302920000,293
302990000,294
303110000,295
303120000,296
303130000,297
303140000,298
303190000,299
303230000,300
303240000,301
303250000,302
303260000,303
303290000,304
303310000,305
303320000,306
303330000,307
303340000,308
303391000,309
303399000,310
303410000,311
303420000,312
303430000,313
303440000,314
303451000,315
303452000,316
303460000,317
303490000,318
303510000,319
303530000,320
303540000,321
303550000,322
303560000,323
303570000,324
303591000,325
303592000,326
303599000,327
303630000,328
303640000,329
303650000,330
303660000,331
303670000,332
303680000,333
303691000,334
303699000,335
303810000,336
303821000,337
303822000,338
303830000,339
303840000,340
303891000,341
303892000,342
3038930,343
303893010,344
303893020,345
303893090,346
303894000,347
3038950,348
303895010,349
303895020,350
303895090,351
303896000,352
303898000,353
3038990,354
303899010,355
303899020,356
303899030,357
303899040,358
303899050,359
303899060,360
303899070,361
303899080,362
30389909,363
303899091,364
303899092,365
303899093,366
303899099,367
303911000,368
3039120,369
303912010,370
303912090,371
303920000,372
303990000,373
304310000,374
304320000,375
304330000,376
304390000,377
304410000,378
304420000,379
304431000,380
304439000,381
304440000,382
304450000,383
304460000,384
304470000,385
304480000,386
304491000,387
304492000,388
304499000,389
304511000,390
304519000,391
304520000,392
304530000,393
304540000,394
304550000,395
304560000,396
304573000,397
304579000,398
304591000,399
304592000,400
3045930,401
304593010,402
304593090,403
3045990,404
304599010,405
304599090,406
304610000,407
304620000,408
304630000,409
304690000,410
304710000,411
304720000,412
304730000,413
304740000,414
304750000,415
304790000,416
304810000,417
304820000,418
304831000,419
304839000,420
304840000,421
304850000,422
304860000,423
304871000,424
304879000,425
304881000,426
304889000,427
304891000,428
304892000,429
304893000,430
304894000,431
304895000,432
304899000,433
304911000,434
304919000,435
304921000,436
304929000,437
304931000,438
304939000,439
304941000,440
304949000,441
304951000,442
304959000,443
304960000,444
304970000,445
304991000,446
304999000,447
305201000,448
305202000,449
305203000,450
3052040,451
305204010,452
305204020,453
305204030,454
305204090,455
305311000,456
305312000,457
305321000,458
305322000,459
305391000,460
305392000,461
305410000,462
305420000,463
305430000,464
305440000,465
305491000,466
305492000,467
305499000,468
305510000,469
305520000,470
305531000,471
305539000,472
305541000,473
305549000,474
305594000,475
305595000,476
305596000,477
305597000,478
305598000,479
305599000,480
305610000,481
305620000,482
305631000,483
305639000,484
305640000,485
305691000,486
305692000,487
305693000,488
305694000,489
305695000,490
305696000,491
305698000,492
305699000,493
305711000,494
305712000,495
305713000,496
305720000,497
305790000,498
306111000,499
306119000,500
306121000,501
306129000,502
3061410,503
306141010,504
306141090,505
306142000,506
3061430,507
306143010,508
306143090,509
3061490,510
306149010,511
306149090,512
306151000,513
306159000,514
3061610,515
306161010,516
306161090,517
3061690,518
306169010,519
306169090,520
3061710,521
306171010,522
306171090,523
3061790,524
306179010,525
30617909,526
306179091,527
306179099,528
306191000,529
306199000,530
306310000,531
306320000,532
306331000,533
306332000,534
306339000,535
306340000,536
306350000,537
306360000,538
306390000,539
306910000,540
306920000,541
306930000,542
306940000,543
3069510,544
306951020,545
306951030,546
306951040,547
3069590,548
306959020,549
306959030,550
306959040,551
306992000,552
306993000,553
306994000,554
3071110,555
307111010,556
307111090,557
307119000,558
307120000,559
307192000,560
307193000,561
307194000,562
307211000,563
307219000,564
307221000,565
307229000,566
307291000,567
307299000,568
307310000,569
307320000,570
307392000,571
307399000,572
3074210,573
307421010,574
307421090,575
3074220,576
307422010,577
307422090,578
3074310,579
307431010,580
307431090,581
3074320,582
307432010,583
307432090,584
3074920,585
307492010,586
307492090,587
3074930,588
307493010,589
307493090,590
3074940,591
307494010,592
307494090,593
307511000,594
307512000,595
307519000,596
307521000,597
307522000,598
307523000,599
307529000,600
307592000,601
307599000,602
307600000,603
307711000,604
3077120,605
307712010,606
307712090,607
307713000,608
307714000,609
307715000,610
307719000,611
307721000,612
307722000,613
307723000,614
307724000,615
307725000,616
307729000,617
3077920,618
307792010,619
307792020,620
307792090,621
3077930,622
307793010,623
307793020,624
307793090,625
3077940,626
307794010,627
307794090,628
307810000,629
307820000,630
307830000,631
307840000,632
307871000,633
307872000,634
307873000,635
307881000,636
307882000,637
307883000,638
307911000,639
3079120,640
307912010,641
307912090,642
307913000,643
307914000,644
307919000,645
307921000,646
307922000,647
307929000,648
307992,649
307992100,650
307992900,651
307993000,652
307994,653
3079941,654
307994110,655
307994120,656
307994900,657
308110000,658
308120000,659
308192000,660
308193000,661
308194000,662
308210000,663
308220000,664
308292000,665
308293000,666
308294000,667
308301000,668
308302000,669
308303000,670
308304000,671
308305000,672
3089010,673
30890101,674
308901011,675
308901019,676
308901090,677
3089020,678
308902010,679
308902090,680
308903000,681
308904000,682
308905000,683
309100000,684
309901000,685
309902000,686
309909000,687
401100000,688
401200000,689
401401000,690
401409000,691
401501000,692
401509000,693
4021010,694
402101010,695
402101090,696
402109000,697
402211000,698
402219000,699
402290000,700
402911000,701
402919000,702
402991000,703
402999000,704
403201000,705
403202000,706
403209000,707
403901000,708
403909000,709
4041010,710
40410101,711
404101011,712
404101019,713
40410109,714
404101091,715
404101099,716
404102,717
4041021,718
40410211,719
404102111,720
404102119,721
40410212,722
404102121,723
404102129,724
40410213,725
404102131,726
404102139,727
40410219,728
404102191,729
404102199,730
4041029,731
404102910,732
404102990,733
404901000,734
404902000,735
405100000,736
405200000,737
405900000,738
4061010,739
406101010,740
406101020,741
406101090,742
406102000,743
406200000,744
406300000,745
406400000,746
406901000,747
406902000,748
406903000,749
406904000,750
406909000,751
407110000,752
407190000,753
407210000,754
407290000,755
407900000,756
408110000,757
408190000,758
408910000,759
408991000,760
408999000,761
409000000,762
410100000,763
410901000,764
410902000,765
410909000,766
501000000,767
502100000,768
502900000,769
5040010,770
504001010,771
50400102,772
504001021,773
504001029,774
50400103,775
504001031,776
504001039,777
504001090,778
504002000,779
504003000,780
505100000,781
505901000,782
505909000,783
506100000,784
5069010,785
506901020,786
506901090,787
506902000,788
506909000,789
507101000,790
507109000,791
507901,792
5079011,793
507901110,794
507901190,795
507901200,796
5079020,797
507902010,798
507902020,799
507902090,800
508001000,801
5080020,802
508002010,803
508002020,804
508002030,805
508002040,806
508002050,807
508002060,808
508002070,809
508002090,810
508009000,811
510003000,812
510004000,813
510009000,814
511100000,815
5119110,816
511911010,817
511911090,818
511912000,819
511919000,820
511991000,821
5119920,822
511992010,823
511992090,824
5119930,825
511993010,826
511993020,827
511993090,828
511994000,829
5119950,830
511995030,831
511995090,832
511996000,833
5119990,834
511999010,835
511999020,836
511999030,837
511999040,838
511999090,839
601101000,840
601102000,841
601104000,842
601105000,843
601106000,844
601107000,845
601108000,846
601109000,847
601201000,848
601202000,849
601207000,850
601208000,851
6012090,852
601209010,853
601209090,854
602100000,855
602201000,856
602202000,857
602203000,858
602204000,859
602206000,860
602209000,861
602300000,862
602400000,863
6029010,864
602901010,865
602901020,866
602901030,867
602901040,868
602901050,869
602901060,870
602901090,871
6029020,872
602902010,873
60290202,874
602902021,875
602902029,876
602902090,877
6029090,878
602909010,879
602909030,880
602909040,881
602909050,882
602909090,883
603110000,884
603120000,885
603131000,886
603132000,887
603139000,888
603140000,889
603150000,890
603191000,891
603199000,892
603900000,893
604201000,894
604202000,895
604209000,896
604901000,897
604909000,898
701100000,899
701900000,900
702001000,901
702009000,902
7031010,903
703101010,904
703101090,905
703103000,906
703201000,907
703209000,908
703901000,909
703902000,910
703903000,911
703909000,912
704100000,913
704200000,914
704901000,915
704902000,916
704909000,917
705110000,918
705190000,919
705210000,920
705290000,921
706101000,922
706102000,923
706901000,924
706902000,925
706903000,926
706904000,927
706909000,928
707000000,929
708100000,930
708200000,931
708900000,932
709200000,933
709300000,934
709400000,935
709517000,936
709519000,937
709520000,938
709530000,939
709540000,940
709550000,941
709560000,942
709593000,943
7095940,944
709594010,945
709594090,946
709595000,947
709599000,948
709601000,949
709609000,950
709700000,951
709910000,952
709920000,953
709930000,954
709991000,955
709992000,956
709993000,957
709999000,958
710100000,959
710210000,960
710220000,961
710290000,962
710300000,963
710400000,964
710801000,965
710802000,966
710804000,967
710805000,968
710806000,969
710807000,970
7108080,971
710808010,972
710808020,973
7108090,974
710809010,975
710809090,976
710900000,977
711200000,978
711400000,979
711510000,980
711591000,981
711599000,982
711901000,983
711903000,984
711904000,985
7119050,986
711905010,987
711905020,988
71190509,989
711905091,990
711905099,991
711909000,992
712200000,993
712311000,994
712319000,995
712320000,996
712330000,997
712340000,998
7123910,999
712391010,1000
712391030,1001
712391040,1002
712391050,1003
712391090,1004
712392000,1005
712901000,1006
7129020,1007
712902010,1008
712902020,1009
712902030,1010
712902040,1011
712902050,1012
712902060,1013
712902070,1014
712902080,1015
71290209,1016
712902091,1017
712902092,1018
712902093,1019
712902094,1020
712902095,1021
712902096,1022
712902097,1023
712902099,1024
712909000,1025
713101000,1026
713102000,1027
713109000,1028
713200000,1029
713311000,1030
713319000,1031
713321000,1032
713329000,1033
713331000,1034
713339000,1035
713340000,1036
713350000,1037
713390000,1038
713400000,1039
713500000,1040
713600000,1041
713900000,1042
714101000,1043
7141020,1044
714102010,1045
714102020,1046
714102090,1047
714103000,1048
714104000,1049
714201000,1050
714202000,1051
714203000,1052
714204000,1053
714301000,1054
714309000,1055
714401000,1056
714409000,1057
714501000,1058
714509000,1059
7149010,1060
714901010,1061
714901090,1062
7149090,1063
714909010,1064
714909090,1065
801110000,1066
801120000,1067
801190000,1068
801210000,1069
801220000,1070
801310000,1071
801320000,1072
802110000,1073
802120000,1074
802210000,1075
802220000,1076
802310000,1077
802320000,1078
802410000,1079
802420000,1080
802510000,1081
802520000,1082
802610000,1083
802620000,1084
802700000,1085
802800000,1086
802910000,1087
802920000,1088
8029910,1089
802991010,1090
802991020,1091
802999000,1092
803100000,1093
803900000,1094
804100000,1095
804200000,1096
804300000,1097
804400000,1098
804501000,1099
804502000,1100
804503000,1101
805100000,1102
805211000,1103
805219000,1104
805220000,1105
805290000,1106
805400000,1107
805501000,1108
8055020,1109
805502010,1110
805502020,1111
805900000,1112
806100000,1113
806200000,1114
807110000,1115
807191000,1116
807199000,1117
807200000,1118
808100000,1119
808300000,1120
808400000,1121
809100000,1122
809210000,1123
809290000,1124
809300000,1125
809401000,1126
809402000,1127
810100000,1128
810200000,1129
810300000,1130
810400000,1131
810500000,1132
810600000,1133
810701000,1134
810709000,1135
810903000,1136
810905000,1137
810909000,1138
811100000,1139
811200000,1140
811901000,1141
811902000,1142
811903000,1143
811909000,1144
812100000,1145
812901000,1146
812909000,1147
813100000,1148
813200000,1149
813300000,1150
813401000,1151
813402000,1152
813409000,1153
813500000,1154
814001000,1155
814002000,1156
901110000,1157
901120000,1158
901210000,1159
901220000,1160
901901000,1161
901902000,1162
902100000,1163
902200000,1164
902300000,1165
902400000,1166
903000000,1167
904110000,1168
904120000,1169
904210000,1170
904220000,1171
905100000,1172
905200000,1173
906110000,1174
906190000,1175
906200000,1176
907100000,1177
907200000,1178
908110000,1179
908120000,1180
908210000,1181
908220000,1182
908310000,1183
908320000,1184
909210000,1185
909220000,1186
909310000,1187
909320000,1188
909611000,1189
909612000,1190
909613000,1191
909621000,1192
909622000,1193
909623000,1194
910111000,1195
910112000,1196
910119000,1197
910121000,1198
910122000,1199
910129000,1200
910200000,1201
910300000,1202
910911000,1203
910919000,1204
910991000,1205
910999000,1206
1001110000,1207
1001190000,1208
1001911000,1209
1001919000,1210
10019910,1211
1001991010,1212
1001991090,1213
10019920,1214
1001992010,1215
1001992090,1216
10019990,1217
1001999010,1218
1001999090,1219
1002100000,1220
1002900000,1221
1003101000,1222
1003102000,1223
1003103000,1224
1003109000,1225
1003901000,1226
1003902000,1227
1003903000,1228
1003909000,1229
1004100000,1230
1004900000,1231
1005100000,1232
1005901000,1233
1005902000,1234
1005909000,1235
1006100000,1236
1006201000,1237
1006202000,1238
1006301000,1239
1006302000,1240
1006400000,1241
1007100000,1242
1007900000,1243
1008100000,1244
1008211000,1245
1008219000,1246
1008291000,1247
1008299000,1248
1008300000,1249
1008400000,1250
1008500000,1251
1008600000,1252
1008900000,1253
1101001000,1254
1101002000,1255
1102200000,1256
1102901000,1257
1102902000,1258
1102903000,1259
1102909000,1260
1103110000,1261
1103130000,1262
1103191000,1263
1103192000,1264
1103193000,1265
1103199000,1266
1103201000,1267
1103202000,1268
1103203000,1269
1103209000,1270
1104120000,1271
1104191000,1272
1104192000,1273
1104199000,1274
1104220000,1275
1104230000,1276
1104291000,1277
1104292000,1278
1104299000,1279
1104301000,1280
1104309000,1281
1105100000,1282
1105200000,1283
1106100000,1284
1106201000,1285
1106209000,1286
1106300000,1287
1107100000,1288
1107201000,1289
1107209000,1290
1108110000,1291
1108121000,1292
1108129000,1293
1108130000,1294
1108141000,1295
1108149000,1296
1108191000,1297
1108199000,1298
1108200000,1299
1109000000,1300
1201101000,1301
1201109000,1302
1201901000,1303
1201902000,1304
1201903000,1305
1201909000,1306
1202301000,1307
1202302000,1308
1202410000,1309
1202420000,1310
1203000000,1311
1204000000,1312
1205101000,1313
1205109000,1314
1205901000,1315
1205909000,1316
1206000000,1317
1207100000,1318
1207210000,1319
1207291000,1320
1207299000,1321
1207300000,1322
1207400000,1323
1207500000,1324
1207600000,1325
1207700000,1326
1207910000,1327
1207991000,1328
1207992000,1329
1207999000,1330
1208100000,1331
1208901000,1332
1208909000,1333
1209100000,1334
1209210000,1335
1209220000,1336
1209230000,1337
1209240000,1338
1209250000,1339
1209291000,1340
1209292000,1341
1209293000,1342
1209294000,1343
1209299000,1344
1209300000,1345
12099110,1346
1209911010,1347
1209911090,1348
1209912000,1349
1209913000,1350
1209914000,1351
1209915000,1352
1209919000,1353
12099910,1354
1209991010,1355
1209991090,1356
1209992000,1357
1209993000,1358
1209994000,1359
1209999000,1360
1210100000,1361
1210201000,1362
1210202000,1363
1211201,1364
12112011,1365
1211201110,1366
1211201120,1367
1211201190,1368
12112012,1369
121120121,1370
1211201211,1371
1211201219,1372
121120129,1373
1211201291,1374
1211201299,1375
12112013,1376
121120131,1377
1211201311,1378
1211201319,1379
121120139,1380
1211201391,1381
1211201399,1382
1211202,1383
12112021,1384
1211202110,1385
1211202120,1386
1211202190,1387
12112022,1388
1211202210,1389
1211202220,1390
1211202290,1391
1211203,1392
1211203100,1393
1211203200,1394
1211209,1395
1211209300,1396
1211209900,1397
1211301000,1398
1211309000,1399
1211401000,1400
1211409000,1401
1211501000,1402
1211509000,1403
1211601000,1404
1211609000,1405
1211901,1406
1211901100,1407
1211901200,1408
1211901300,1409
1211901400,1410
1211901500,1411
1211901600,1412
1211901700,1413
1211901800,1414
12119019,1415
1211901910,1416
1211901920,1417
1211901930,1418
1211901940,1419
1211901950,1420
1211901960,1421
1211901970,1422
1211901980,1423
121190199,1424
1211901991,1425
1211901992,1426
1211901993,1427
1211901999,1428
12119090,1429
1211909010,1430
1211909090,1431
12122110,1432
1212211010,1433
1212211020,1434
1212211030,1435
1212211090,1436
12122120,1437
1212212010,1438
1212212020,1439
1212212030,1440
1212212040,1441
1212212090,1442
12122130,1443
1212213010,1444
1212213020,1445
1212213030,1446
1212213090,1447
12122140,1448
1212214010,1449
1212214020,1450
1212214030,1451
1212214090,1452
12122150,1453
1212215010,1454
1212215020,1455
1212215030,1456
1212215090,1457
12122160,1458
1212216010,1459
1212216090,1460
12122170,1461
121221701,1462
1212217011,1463
1212217019,1464
121221702,1465
1212217021,1466
1212217029,1467
121221703,1468
1212217031,1469
1212217039,1470
12122180,1471
121221801,1472
1212218011,1473
1212218019,1474
121221802,1475
1212218021,1476
1212218029,1477
121221803,1478
1212218031,1479
1212218039,1480
12122190,1481
121221901,1482
1212219011,1483
1212219019,1484
121221909,1485
1212219091,1486
1212219099,1487
12122910,1488
1212291010,1489
1212291090,1490
12122920,1491
1212292010,1492
1212292090,1493
12122930,1494
1212293010,1495
1212293090,1496
12122940,1497
1212294010,1498
1212294090,1499
12122950,1500
1212295010,1501
1212295090,1502
12122960,1503
1212296010,1504
1212296090,1505
12122970,1506
121229701,1507
1212297011,1508
1212297019,1509
121229702,1510
1212297021,1511
1212297029,1512
121229703,1513
1212297031,1514
1212297039,1515
12122980,1516
121229801,1517
1212298011,1518
1212298019,1519
121229802,1520
1212298021,1521
1212298029,1522
121229803,1523
1212298031,1524
1212298039,1525
12122990,1526
121229901,1527
1212299011,1528
1212299019,1529
121229909,1530
1212299091,1531
1212299099,1532
1212910000,1533
1212920000,1534
1212930000,1535
1212940000,1536
1212992000,1537
1212993000,1538
1212996000,1539
1212999000,1540
1213000000,1541
1214101000,1542
1214109000,1543
1214901000,1544
12149090,1545
121490901,1546
1214909011,1547
1214909019,1548
1214909090,1549
1301200000,1550
1301901000,1551
13019020,1552
1301902010,1553
1301902090,1554
1301909000,1555
1302110000,1556
1302120000,1557
1302130000,1558
1302140000,1559
1302191,1560
13021911,1561
1302191110,1562
1302191120,1563
1302191190,1564
13021912,1565
1302191210,1566
1302191220,1567
1302191290,1568
1302191900,1569
1302192000,1570
1302193000,1571
13021990,1572
1302199010,1573
1302199020,1574
130219903,1575
1302199031,1576
1302199032,1577
1302199033,1578
1302199034,1579
1302199035,1580
1302199039,1581
130219909,1582
1302199091,1583
1302199099,1584
1302200000,1585
1302311000,1586
1302312000,1587
1302319000,1588
1302320000,1589
1302390000,1590
1401102000,1591
1401109000,1592
1401200000,1593
1401900000,1594
1404200000,1595
1404901000,1596
14049020,1597
1404902010,1598
1404902090,1599
14049030,1600
1404903010,1601
1404903020,1602
1404903090,1603
1404904000,1604
1404905000,1605
14049060,1606
1404906010,1607
1404906020,1608
1404906090,1609
1404909000,1610
1501101000,1611
1501109000,1612
1501200000,1613
1501900000,1614
15021010,1615
1502101010,1616
1502101090,1617
1502109000,1618
1502901000,1619
1502909000,1620
1503002000,1621
1503009000,1622
1504101000,1623
1504109000,1624
1504200000,1625
1504301000,1626
1504309000,1627
1505001000,1628
1505009000,1629
1506001000,1630
1506009000,1631
1507101000,1632
1507102000,1633
1507109000,1634
15079010,1635
1507901010,1636
1507901020,1637
1507901090,1638
1507909000,1639
1508100000,1640
1508901000,1641
1508909000,1642
1509200000,1643
1509300000,1644
1509400000,1645
1509900000,1646
1510100000,1647
1510900000,1648
1511100000,1649
1511901000,1650
1511902000,1651
1511909000,1652
1512111000,1653
1512112000,1654
15121910,1655
1512191010,1656
1512191020,1657
15121990,1658
1512199010,1659
1512199020,1660
1512210000,1661
1512291000,1662
1512299000,1663
1513110000,1664
1513191000,1665
1513199000,1666
1513211000,1667
1513212000,1668
15132910,1669
1513291010,1670
1513291020,1671
1513299000,1672
1514110000,1673
1514191000,1674
1514199000,1675
1514911000,1676
1514912000,1677
15149910,1678
1514991010,1679
1514991020,1680
1514999000,1681
1515110000,1682
1515190000,1683
1515210000,1684
1515290000,1685
1515300000,1686
1515500000,1687
1515600000,1688
1515901000,1689
15159090,1690
1515909010,1691
1515909020,1692
1515909030,1693
1515909040,1694
1515909090,1695
1516101000,1696
1516102000,1697
1516109000,1698
15162010,1699
1516201010,1700
1516201020,1701
1516201030,1702
1516201040,1703
1516201050,1704
15162020,1705
1516202010,1706
1516202020,1707
1516202030,1708
1516202040,1709
1516202050,1710
1516202090,1711
1516300000,1712
1517100000,1713
1517901000,1714
1517902000,1715
1517909000,1716
1518001000,1717
1518002000,1718
15180090,1719
1518009010,1720
1518009090,1721
1520000000,1722
1521101000,1723
1521102000,1724
1521109000,1725
1521901000,1726
1521902000,1727
1521909000,1728
1522000000,1729
1601001000,1730
1601009000,1731
1602100000,1732
1602201000,1733
1602209000,1734
1602311000,1735
1602319000,1736
16023210,1737
1602321010,1738
1602321090,1739
1602329000,1740
1602391000,1741
1602399000,1742
1602411000,1743
1602419000,1744
1602421000,1745
1602429000,1746
1602491000,1747
1602499000,1748
1602501000,1749
1602509000,1750
1602901000,1751
1602909000,1752
1603001000,1753
1603002000,1754
1603003000,1755
1603004000,1756
1603009000,1757
1604111000,1758
1604119000,1759
1604121000,1760
1604129000,1761
1604131000,1762
1604139000,1763
16041410,1764
160414101,1765
1604141011,1766
1604141012,1767
1604141019,1768
160414102,1769
1604141021,1770
1604141029,1771
160414103,1772
1604141031,1773
1604141039,1774
1604149000,1775
1604151000,1776
1604159000,1777
1604161000,1778
1604169000,1779
1604171000,1780
1604179000,1781
1604180000,1782
16041910,1783
1604191010,1784
1604191020,1785
1604191090,1786
16041990,1787
1604199010,1788
1604199090,1789
1604201000,1790
1604202000,1791
1604203000,1792
16042040,1793
1604204010,1794
1604204090,1795
1604209000,1796
1604310000,1797
1604320000,1798
16051010,1799
1605101010,1800
160510109,1801
1605101091,1802
1605101099,1803
1605109000,1804
1605211000,1805
1605219000,1806
1605290000,1807
1605301000,1808
1605309000,1809
1605401000,1810
1605409000,1811
1605511000,1812
1605519000,1813
1605520000,1814
1605531000,1815
1605539000,1816
1605541000,1817
16055420,1818
1605542010,1819
160554209,1820
1605542091,1821
1605542099,1822
1605550000,1823
16055610,1824
1605561010,1825
1605561090,1826
16055620,1827
1605562010,1828
1605562090,1829
16055690,1830
1605569010,1831
1605569090,1832
1605571000,1833
1605579000,1834
1605581000,1835
1605589000,1836
16055910,1837
1605591010,1838
1605591090,1839
16055920,1840
1605592010,1841
1605592090,1842
16055990,1843
1605599010,1844
1605599090,1845
1605611000,1846
1605619000,1847
1605621000,1848
1605629000,1849
1605631000,1850
1605639000,1851
1605690000,1852
1701121000,1853
1701122000,1854
1701130000,1855
1701141000,1856
1701142000,1857
1701910000,1858
1701990000,1859
1702111000,1860
1702119000,1861
1702191000,1862
1702199000,1863
1702201000,1864
1702202000,1865
1702301000,1866
1702302000,1867
1702401000,1868
1702402000,1869
1702500000,1870
1702601000,1871
1702602000,1872
1702901000,1873
1702902000,1874
1702903000,1875
1702909000,1876
1703101000,1877
1703109000,1878
1703901000,1879
1703909000,1880
1704100000,1881
1704901000,1882
17049020,1883
1704902010,1884
1704902020,1885
1704902090,1886
1704909000,1887
1801001000,1888
1801002000,1889
1802001000,1890
1802009000,1891
1803100000,1892
1803200000,1893
1804000000,1894
1805000000,1895
1806100000,1896
1806201000,1897
18062090,1898
1806209010,1899
1806209090,1900
1806311000,1901
1806319000,1902
1806321000,1903
1806329000,1904
1806901000,1905
1806902,1906
18069021,1907
180690211,1908
1806902111,1909
1806902119,1910
180690219,1911
1806902191,1912
1806902199,1913
18069022,1914
1806902210,1915
1806902290,1916
18069029,1917
1806902910,1918
1806902920,1919
180690299,1920
1806902991,1921
1806902992,1922
1806902999,1923
18069030,1924
1806903010,1925
180690309,1926
1806903091,1927
1806903099,1928
18069090,1929
1806909010,1930
1806909090,1931
19011010,1932
1901101010,1933
1901101090,1934
19011090,1935
1901109010,1936
1901109090,1937
1901201000,1938
1901202000,1939
1901209000,1940
1901901000,1941
19019020,1942
1901902010,1943
1901902020,1944
19019090,1945
1901909010,1946
190190909,1947
1901909091,1948
1901909092,1949
1901909099,1950
1902111000,1951
1902112000,1952
1902119000,1953
1902191000,1954
1902192000,1955
1902193000,1956
1902199000,1957
1902200000,1958
19023010,1959
1902301010,1960
1902301090,1961
1902309000,1962
1902400000,1963
1903001000,1964
1903009000,1965
1904101000,1966
1904102000,1967
1904103000,1968
1904109000,1969
1904201000,1970
1904209000,1971
1904300000,1972
19049010,1973
1904901010,1974
1904901090,1975
1904909000,1976
1905100000,1977
1905200000,1978
1905310000,1979
1905320000,1980
1905400000,1981
19059010,1982
1905901010,1983
1905901020,1984
1905901030,1985
1905901040,1986
1905901050,1987
1905901090,1988
19059090,1989
1905909010,1990
1905909020,1991
1905909090,1992
2001100000,1993
2001901000,1994
20019090,1995
2001909010,1996
2001909020,1997
2001909030,1998
2001909040,1999
2001909050,2000
2001909060,2001
2001909070,2002
2001909090,2003
2002100000,2004
2002901000,2005
2002909000,2006
2003104000,2007
2003109000,2008
2003901000,2009
2003902000,2010
2003903000,2011
2003909000,2012
2004100000,2013
2004901000,2014
2004909000,2015
2005101000,2016
2005109000,2017
2005201000,2018
2005209000,2019
2005400000,2020
2005511000,2021
2005512000,2022
2005519000,2023
2005591000,2024
2005592000,2025
2005599000,2026
2005600000,2027
2005700000,2028
2005800000,2029
2005910000,2030
2005991000,2031
2005992000,2032
2005994000,2033
2005999000,2034
2006001000,2035
2006002000,2036
2006003000,2037
2006004000,2038
2006005000,2039
20060060,2040
2006006010,2041
2006006090,2042
2006007000,2043
2006008000,2044
20060090,2045
2006009010,2046
2006009020,2047
2006009030,2048
2006009090,2049
2007100000,2050
2007911000,2051
2007919000,2052
2007991000,2053
2007999000,2054
2008111000,2055
2008119000,2056
2008191000,2057
2008192000,2058
2008193000,2059
2008199000,2060
2008200000,2061
2008301000,2062
2008309000,2063
2008400000,2064
2008500000,2065
2008600000,2066
2008701000,2067
2008709000,2068
2008800000,2069
2008910000,2070
2008930000,2071
20089710,2072
2008971010,2073
2008971090,2074
2008972000,2075
2008979000,2076
2008991000,2077
2008992000,2078
2008993000,2079
2008994000,2080
20089950,2081
2008995010,2082
2008995090,2083
2008999000,2084
2009110000,2085
2009120000,2086
2009190000,2087
2009210000,2088
2009290000,2089
2009311000,2090
2009312000,2091
2009319000,2092
2009391000,2093
2009392000,2094
2009399000,2095
2009410000,2096
2009490000,2097
2009500000,2098
2009610000,2099
2009690000,2100
2009710000,2101
2009790000,2102
2009810000,2103
20098910,2104
2009891010,2105
2009891020,2106
2009891030,2107
2009891090,2108
2009892000,2109
20099010,2110
2009901010,2111
2009901020,2112
2009901030,2113
2009901090,2114
2009902000,2115
2009909000,2116
2101111000,2117
2101119000,2118
2101121000,2119
21011290,2120
2101129010,2121
2101129090,2122
2101201000,2123
21012090,2124
210120901,2125
2101209011,2126
2101209019,2127
2101209090,2128
2101301000,2129
2101309000,2130
2102101000,2131
2102102000,2132
2102103000,2133
2102104000,2134
2102109000,2135
2102201000,2136
2102202000,2137
21022030,2138
2102203010,2139
2102203090,2140
21022040,2141
2102204010,2142
2102204090,2143
2102209000,2144
2102300000,2145
2103100000,2146
2103201000,2147
2103202000,2148
2103301000,2149
2103302000,2150
21039010,2151
2103901010,2152
2103901020,2153
2103901030,2154
2103901090,2155
21039090,2156
2103909010,2157
2103909020,2158
2103909030,2159
2103909040,2160
2103909090,2161
2104101000,2162
2104102000,2163
2104103000,2164
2104109000,2165
2104200000,2166
21050010,2167
2105001010,2168
2105001090,2169
21050090,2170
2105009010,2171
2105009090,2172
2106101000,2173
21061090,2174
2106109020,2175
2106109030,2176
21069010,2177
2106901010,2178
2106901020,2179
2106901090,2180
2106902000,2181
21069030,2182
210690301,2183
2106903011,2184
2106903019,2185
210690302,2186
2106903021,2187
2106903029,2188
21069090,2189
2106909010,2190
210690902,2191
2106909021,2192
2106909022,2193
2106909023,2194
2106909030,2195
2106909040,2196
2106909050,2197
2106909060,2198
2106909070,2199
2106909080,2200
210690909,2201
2106909091,2202
2106909099,2203
2201100000,2204
2201901000,2205
2201909000,2206
2202101000,2207
2202109000,2208
2202910000,2209
2202991000,2210
2202992000,2211
2202993000,2212
2202999000,2213
2203000000,2214
2204100000,2215
2204211000,2216
2204212000,2217
2204219000,2218
2204221000,2219
2204222000,2220
2204229000,2221
2204291000,2222
2204292000,2223
2204299000,2224
2204300000,2225
2205100000,2226
2205900000,2227
22060010,2228
2206001010,2229
2206001020,2230
2206001090,2231
22060020,2232
2206002010,2233
2206002020,2234
2206002030,2235
2206002090,2236
22060090,2237
2206009010,2238
2206009090,2239
2207101000,2240
22071090,2241
2207109010,2242
2207109090,2243
2207200000,2244
2208201000,2245
2208209000,2246
2208301000,2247
2208302000,2248
2208303000,2249
2208309000,2250
2208400000,2251
2208500000,2252
2208600000,2253
2208701000,2254
2208702000,2255
2208709000,2256
2208901000,2257
2208904000,2258
2208906000,2259
2208907000,2260
2208909000,2261
2209001000,2262
2209009000,2263
2301101000,2264
2301102000,2265
2301201000,2266
2301209000,2267
2302100000,2268
2302300000,2269
2302401000,2270
2302409000,2271
2302500000,2272
2303100000,2273
2303200000,2274
2303301000,2275
2303309000,2276
2304000000,2277
2305000000,2278
2306100000,2279
2306200000,2280
2306300000,2281
2306410000,2282
2306490000,2283
2306500000,2284
2306600000,2285
2306901000,2286
2306902000,2287
2306903000,2288
2306909000,2289
2307000000,2290
2308001000,2291
2308002000,2292
2308003000,2293
2308009000,2294
2309101000,2295
2309102000,2296
23099010,2297
2309901010,2298
2309901020,2299
2309901030,2300
2309901040,2301
230990109,2302
2309901091,2303
2309901099,2304
23099020,2305
2309902010,2306
2309902020,2307
230990209,2308
2309902091,2309
2309902099,2310
23099030,2311
2309903010,2312
2309903020,2313
2309903030,2314
2309903090,2315
23099090,2316
2309909010,2317
2309909090,2318
2401101000,2319
2401102000,2320
2401103000,2321
2401109000,2322
2401201000,2323
2401202000,2324
2401203000,2325
2401209000,2326
2401301000,2327
2401302000,2328
2401309000,2329
2402101000,2330
2402102000,2331
2402103000,2332
2402201000,2333
2402209000,2334
2402900000,2335
2403110000,2336
2403191000,2337
2403199000,2338
2403911000,2339
2403919000,2340
2403991000,2341
2403992000,2342
2403993000,2343
2403994000,2344
2403999000,2345
2404110000,2346
2404121000,2347
2404129000,2348
2404191000,2349
24041990,2350
2404199010,2351
2404199090,2352
2404910000,2353
2404920000,2354
2404990000,2355
2424000000,2356
25010010,2357
2501001010,2358
2501001020,2359
25010090,2360
2501009010,2361
2501009020,2362
2501009090,2363
2502000000,2364
2503000000,2365
2504101000,2366
2504102000,2367
2504109000,2368
2504900000,2369
2505100000,2370
25059010,2371
2505901010,2372
2505901020,2373
2505901090,2374
2505909000,2375
2506101000,2376
2506102000,2377
2506103000,2378
2506200000,2379
25070010,2380
2507001010,2381
2507001090,2382
2507002000,2383
2507009000,2384
2508100000,2385
2508300000,2386
2508401000,2387
2508402000,2388
2508409000,2389
2508501000,2390
2508502000,2391
2508503000,2392
2508600000,2393
2508701000,2394
2508702000,2395
2509000000,2396
2510101000,2397
2510109000,2398
2510201000,2399
2510202000,2400
2510209000,2401
2511100000,2402
2511200000,2403
2512000000,2404
2513101000,2405
2513109000,2406
25132010,2407
2513201010,2408
2513201020,2409
2513201030,2410
2513201090,2411
25132020,2412
2513202010,2413
2513202020,2414
2513202030,2415
2513202090,2416
2514001000,2417
2514009000,2418
2515111000,2419
2515112000,2420
2515121000,2421
2515122000,2422
2515200000,2423
2516110000,2424
2516120000,2425
2516201000,2426
2516209000,2427
2516901000,2428
2516909000,2429
2517101000,2430
2517102000,2431
2517109000,2432
2517200000,2433
2517300000,2434
2517410000,2435
2517491000,2436
2517492000,2437
2517499000,2438
2518100000,2439
2518200000,2440
2519100000,2441
2519901000,2442
2519902000,2443
2519909000,2444
2520101000,2445
2520102000,2446
2520201000,2447
2520209000,2448
2521001000,2449
2521009000,2450
2522100000,2451
2522200000,2452
2522300000,2453
2523100000,2454
2523210000,2455
2523290000,2456
2523300000,2457
2523901000,2458
2523909000,2459
2524100000,2460
2524901000,2461
2524902000,2462
2524909000,2463
2525100000,2464
2525200000,2465
2525300000,2466
2526100000,2467
2526200000,2468
2528001000,2469
2528002000,2470
2528003000,2471
2528004000,2472
2528009000,2473
2529100000,2474
2529211000,2475
2529219000,2476
2529221000,2477
2529229000,2478
2529301000,2479
2529302000,2480
2529303000,2481
2530101000,2482
2530102000,2483
2530200000,2484
2530901000,2485
2530902000,2486
2530903000,2487
2530904000,2488
2530905000,2489
2530906000,2490
2530907000,2491
2530908000,2492
25309090,2493
2530909010,2494
2530909020,2495
2530909030,2496
2530909040,2497
2530909050,2498
253090909,2499
2530909091,2500
2530909099,2501
2601111000,2502
2601112000,2503
2601119000,2504
2601121000,2505
2601122000,2506
2601129000,2507
2601200000,2508
2602000000,2509
2603000000,2510
2604000000,2511
2605000000,2512
2606000000,2513
2607000000,2514
2608000000,2515
2609000000,2516
2610000000,2517
2611001000,2518
2611002000,2519
2611009000,2520
2612100000,2521
2612200000,2522
2613100000,2523
2613900000,2524
2614001000,2525
2614009000,2526
2615100000,2527
2615901000,2528
2615902000,2529
2615903000,2530
2616100000,2531
2616901000,2532
2616902000,2533
2617100000,2534
2617901000,2535
2617902000,2536
2617904000,2537
2617909000,2538
2618000000,2539
26190010,2540
2619001010,2541
2619001090,2542
2619002000,2543
2619003000,2544
2619009000,2545
2620110000,2546
2620190000,2547
2620210000,2548
2620290000,2549
2620300000,2550
2620400000,2551
2620600000,2552
2620910000,2553
2620990000,2554
2621100000,2555
2621901000,2556
2621902000,2557
2621909000,2558
2701110000,2559
2701121000,2560
2701122000,2561
27011290,2562
2701129010,2563
2701129090,2564
2701190000,2565
2701201000,2566
2701202000,2567
2701209000,2568
2702100000,2569
2702200000,2570
2703001000,2571
2703002000,2572
27040010,2573
2704001010,2574
2704001090,2575
2704002000,2576
2704003000,2577
2705000000,2578
2706001000,2579
2706009000,2580
2707100000,2581
2707200000,2582
2707300000,2583
2707400000,2584
2707500000,2585
2707910000,2586
2707991000,2587
2707992000,2588
2707993000,2589
2707999000,2590
2708100000,2591
2708200000,2592
27090010,2593
2709001010,2594
2709001020,2595
2709001030,2596
2709001040,2597
2709001050,2598
2709001060,2599
2709001070,2600
2709001080,2601
2709001090,2602
2709002000,2603
2710121000,2604
2710122000,2605
2710123000,2606
2710124000,2607
2710125000,2608
2710129000,2609
27101910,2610
2710191010,2611
2710191090,2612
27101920,2613
2710192010,2614
2710192020,2615
2710192030,2616
2710192090,2617
2710193000,2618
27101940,2619
2710194010,2620
2710194020,2621
2710194030,2622
2710194090,2623
27101950,2624
2710195010,2625
2710195020,2626
2710196000,2627
2710197,2628
27101971,2629
2710197110,2630
2710197120,2631
2710197130,2632
2710197190,2633
27101972,2634
2710197210,2635
2710197220,2636
2710197230,2637
2710197240,2638
2710197250,2639
27101973,2640
2710197310,2641
2710197320,2642
2710197330,2643
27101974,2644
2710197410,2645
2710197420,2646
2710197430,2647
2710197440,2648
2710197450,2649
27101975,2650
2710197510,2651
2710197520,2652
2710197530,2653
2710197540,2654
2710197900,2655
27101980,2656
2710198010,2657
2710198020,2658
2710198030,2659
2710198040,2660
2710198090,2661
2710199000,2662
27102010,2663
2710201010,2664
2710201020,2665
2710201030,2666
2710201040,2667
2710201050,2668
2710201090,2669
2710209,2670
27102091,2671
2710209110,2672
2710209190,2673
27102092,2674
2710209210,2675
2710209220,2676
2710209230,2677
2710209290,2678
2710209300,2679
27102094,2680
2710209410,2681
2710209420,2682
2710209430,2683
2710209490,2684
27102095,2685
2710209510,2686
2710209520,2687
2710209600,2688
27102097,2689
271020971,2690
2710209711,2691
2710209712,2692
2710209713,2693
2710209719,2694
271020972,2695
2710209721,2696
2710209722,2697
2710209723,2698
2710209724,2699
2710209725,2700
271020973,2701
2710209731,2702
2710209732,2703
2710209733,2704
271020974,2705
2710209741,2706
2710209742,2707
2710209743,2708
2710209744,2709
2710209745,2710
271020975,2711
2710209751,2712
2710209752,2713
2710209753,2714
2710209754,2715
2710209790,2716
27102098,2717
2710209810,2718
2710209820,2719
2710209830,2720
2710209840,2721
2710209890,2722
2710209900,2723
27109110,2724
2710911010,2725
2710911020,2726
2710911090,2727
27109120,2728
2710912010,2729
2710912090,2730
2710913000,2731
27109140,2732
2710914010,2733
2710914090,2734
2710915000,2735
2710919000,2736
27109910,2737
2710991010,2738
2710991020,2739
2710991090,2740
27109920,2741
2710992010,2742
2710992090,2743
2710993000,2744
27109940,2745
2710994010,2746
2710994090,2747
2710995000,2748
2710999000,2749
2711110000,2750
2711120000,2751
2711130000,2752
2711141000,2753
2711142000,2754
2711143000,2755
2711144000,2756
2711190000,2757
2711210000,2758
2711290000,2759
2712101000,2760
2712109000,2761
2712200000,2762
27129010,2763
2712901010,2764
2712901020,2765
2712901090,2766
27129090,2767
2712909010,2768
2712909020,2769
2712909030,2770
2712909040,2771
2712909090,2772
2713110000,2773
2713120000,2774
2713200000,2775
2713900000,2776
2714100000,2777
2714901000,2778
2714902000,2779
2714903000,2780
2715001000,2781
2715002000,2782
2715003000,2783
2715009000,2784
2716000000,2785
2801100000,2786
2801200000,2787
2801301000,2788
2801302000,2789
2802001000,2790
2802002000,2791
2802003000,2792
2803001000,2793
28030090,2794
280300901,2795
2803009011,2796
2803009019,2797
2803009090,2798
2804100000,2799
2804210000,2800
2804291000,2801
2804292000,2802
2804293000,2803
2804294000,2804
2804299000,2805
2804300000,2806
2804400000,2807
2804501000,2808
2804502000,2809
28046110,2810
2804611010,2811
2804611090,2812
2804619000,2813
2804690000,2814
2804701000,2815
2804709000,2816
2804800000,2817
2804900000,2818
2805110000,2819
2805120000,2820
2805190000,2821
2805301000,2822
2805302000,2823
2805303000,2824
2805304000,2825
2805305000,2826
2805309000,2827
2805400000,2828
2806100000,2829
2806200000,2830
28070010,2831
2807001010,2832
2807001090,2833
2807002000,2834
28080010,2835
2808001010,2836
2808001090,2837
2808002000,2838
2809100000,2839
28092010,2840
2809201010,2841
2809201090,2842
2809202000,2843
28100010,2844
2810001010,2845
2810001090,2846
2810002000,2847
2810009000,2848
2811111000,2849
2811119000,2850
2811120000,2851
2811192000,2852
2811193000,2853
2811196000,2854
2811199000,2855
2811210000,2856
2811221000,2857
28112290,2858
2811229010,2859
2811229090,2860
2811291000,2861
2811292000,2862
2811299000,2863
2812110000,2864
2812120000,2865
2812130000,2866
2812140000,2867
2812150000,2868
2812160000,2869
2812170000,2870
2812190000,2871
2812901000,2872
2812902000,2873
28129030,2874
2812903010,2875
2812903090,2876
2812909000,2877
2813100000,2878
2813900000,2879
2814100000,2880
2814200000,2881
2815110000,2882
2815120000,2883
2815200000,2884
2815300000,2885
2816101000,2886
2816102000,2887
2816400000,2888
2817001000,2889
2817002000,2890
2818101000,2891
2818109000,2892
2818201000,2893
2818209000,2894
2818301000,2895
2818309000,2896
2819100000,2897
28199010,2898
2819901010,2899
2819901090,2900
2819902000,2901
2820100000,2902
2820900000,2903
2821101000,2904
2821102000,2905
2821200000,2906
28220010,2907
2822001010,2908
282200109,2909
2822001091,2910
2822001099,2911
28220020,2912
2822002010,2913
2822002090,2914
2823001000,2915
2823009000,2916
2824100000,2917
2824901000,2918
2824909000,2919
2825101000,2920
2825102000,2921
2825109000,2922
2825201000,2923
2825202000,2924
2825301000,2925
2825309000,2926
2825401000,2927
2825402000,2928
2825501000,2929
28255020,2930
2825502010,2931
2825502090,2932
2825601000,2933
2825602000,2934
2825701000,2935
2825702000,2936
2825800000,2937
28259010,2938
2825901010,2939
2825901020,2940
2825901030,2941
2825901040,2942
2825901090,2943
28259020,2944
2825902010,2945
2825902050,2946
2825902090,2947
2825903000,2948
2825909000,2949
2826120000,2950
2826191000,2951
28261930,2952
2826193010,2953
2826193090,2954
2826194000,2955
2826195000,2956
2826199000,2957
2826300000,2958
2826901000,2959
2826902000,2960
2826903000,2961
2826904000,2962
2826905000,2963
2826906000,2964
2826909000,2965
2827100000,2966
2827200000,2967
2827310000,2968
2827320000,2969
2827350000,2970
2827391000,2971
2827399000,2972
2827411000,2973
28274120,2974
2827412010,2975
2827412090,2976
2827491000,2977
2827492000,2978
2827511000,2979
2827512000,2980
2827590000,2981
2827601000,2982
28276090,2983
2827609010,2984
2827609090,2985
2828100000,2986
2828901000,2987
2828909000,2988
2829110000,2989
2829190000,2990
2829901000,2991
2829909000,2992
2830101000,2993
2830109000,2994
2830901000,2995
2830902000,2996
2831101000,2997
2831102000,2998
2831900000,2999
2832100000,3000
2832200000,3001
2832302000,3002
2832309000,3003
2833110000,3004
2833190000,3005
2833210000,3006
2833221000,3007
2833229000,3008
2833240000,3009
2833251000,3010
2833259000,3011
2833270000,3012
2833291000,3013
28332920,3014
2833292010,3015
2833292090,3016
28332930,3017
2833293010,3018
2833293090,3019
2833299000,3020
2833300000,3021
2833401000,3022
2833402000,3023
2833409000,3024
2834100000,3025
2834210000,3026
2834291000,3027
2834299000,3028
2835101000,3029
2835109000,3030
2835221000,3031
2835222000,3032
2835240000,3033
2835250000,3034
2835260000,3035
2835291000,3036
2835299000,3037
2835310000,3038
2835391000,3039
2835392000,3040
2835399000,3041
2836200000,3042
2836300000,3043
2836400000,3044
2836500000,3045
2836600000,3046
2836910000,3047
2836920000,3048
28369910,3049
2836991010,3050
2836991020,3051
283699103,3052
2836991031,3053
2836991039,3054
2836991090,3055
2836992000,3056
2837111000,3057
2837112000,3058
28371910,3059
2837191010,3060
2837191020,3061
2837191030,3062
2837191090,3063
2837192000,3064
2837201000,3065
2837202000,3066
2837209000,3067
2839110000,3068
2839190000,3069
2839901000,3070
2839902000,3071
2839909000,3072
2840110000,3073
2840190000,3074
2840200000,3075
2840300000,3076
2841300000,3077
2841500000,3078
2841610000,3079
2841691000,3080
2841692000,3081
2841693000,3082
2841700000,3083
2841800000,3084
2841901000,3085
28419020,3086
2841902010,3087
2841902090,3088
2841903000,3089
2841904000,3090
2841905000,3091
28419090,3092
2841909010,3093
2841909020,3094
2841909030,3095
2841909040,3096
2841909090,3097
2842101000,3098
2842109000,3099
2842903000,3100
2842909000,3101
2843100000,3102
2843210000,3103
2843290000,3104
2843301000,3105
2843309000,3106
2843901000,3107
28439090,3108
2843909010,3109
2843909090,3110
2844101000,3111
2844102000,3112
2844109000,3113
2844201000,3114
2844202000,3115
2844209000,3116
2844301000,3117
2844309000,3118
2844410000,3119
2844420000,3120
2844430000,3121
2844440000,3122
2844500000,3123
2845100000,3124
2845200000,3125
2845300000,3126
2845400000,3127
2845901000,3128
2845902000,3129
2845909000,3130
2846100000,3131
2846901000,3132
2846909000,3133
2847002000,3134
2847009000,3135
2849100000,3136
2849200000,3137
2849901000,3138
28499090,3139
2849909010,3140
2849909090,3141
2850001000,3142
2850002000,3143
2850003000,3144
2850004000,3145
2850005000,3146
2852100000,3147
2852903000,3148
2852909000,3149
2853100000,3150
2853901000,3151
2853902000,3152
2853909000,3153
2901101000,3154
2901102000,3155
2901103000,3156
2901109000,3157
2901210000,3158
2901220000,3159
2901230000,3160
2901241000,3161
2901242000,3162
2901291000,3163
2901292000,3164
2901299000,3165
2902110000,3166
2902191000,3167
2902199000,3168
2902200000,3169
2902300000,3170
2902410000,3171
2902420000,3172
2902430000,3173
2902440000,3174
2902500000,3175
2902600000,3176
2902700000,3177
2902901000,3178
2902902000,3179
2902903000,3180
2902909000,3181
2903111000,3182
2903112000,3183
2903120000,3184
2903130000,3185
2903140000,3186
2903150000,3187
2903190000,3188
2903210000,3189
2903220000,3190
2903230000,3191
2903290000,3192
2903410000,3193
2903420000,3194
2903430000,3195
2903440000,3196
2903450000,3197
2903460000,3198
2903470000,3199
2903480000,3200
2903491000,3201
2903499000,3202
2903510000,3203
2903590000,3204
2903610000,3205
2903620000,3206
2903690000,3207
2903710000,3208
2903720000,3209
2903730000,3210
2903740000,3211
2903750000,3212
2903760000,3213
2903770000,3214
2903780000,3215
2903790000,3216
2903810000,3217
2903820000,3218
2903830000,3219
2903890000,3220
2903910000,3221
2903920000,3222
2903930000,3223
2903940000,3224
2903992000,3225
2903999000,3226
2904100000,3227
2904201000,3228
29042090,3229
2904209010,3230
2904209090,3231
2904310000,3232
2904320000,3233
2904330000,3234
2904340000,3235
2904350000,3236
2904360000,3237
2904910000,3238
2904990000,3239
2905110000,3240
2905121000,3241
29051220,3242
2905122010,3243
2905122090,3244
2905130000,3245
2905140000,3246
2905161000,3247
2905169000,3248
2905171000,3249
2905172000,3250
2905173000,3251
2905191000,3252
2905192000,3253
2905193000,3254
2905194000,3255
29051990,3256
2905199010,3257
2905199020,3258
2905199030,3259
2905199090,3260
2905221000,3261
2905229000,3262
2905290000,3263
2905310000,3264
2905320000,3265
2905391000,3266
2905392000,3267
2905399000,3268
2905410000,3269
2905420000,3270
2905430000,3271
2905440000,3272
2905450000,3273
2905490000,3274
2905510000,3275
2905590000,3276
2906110000,3277
2906120000,3278
2906131000,3279
2906132000,3280
2906191000,3281
2906192000,3282
2906199000,3283
2906210000,3284
2906290000,3285
2907111000,3286
2907112000,3287
2907121000,3288
2907122000,3289
2907131000,3290
2907132000,3291
2907139000,3292
2907151000,3293
2907152000,3294
2907191000,3295
2907192000,3296
2907199000,3297
2907211000,3298
2907212000,3299
2907221000,3300
2907222000,3301
2907231000,3302
2907232000,3303
2907291000,3304
2907299000,3305
2908110000,3306
2908191000,3307
2908192000,3308
2908193000,3309
2908199000,3310
2908910000,3311
2908920000,3312
2908990000,3313
2909110000,3314
2909191000,3315
2909192000,3316
2909199000,3317
2909200000,3318
2909301000,3319
2909302000,3320
2909303000,3321
2909304000,3322
2909305000,3323
29093090,3324
2909309010,3325
2909309090,3326
2909410000,3327
2909430000,3328
2909441000,3329
2909449000,3330
2909491000,3331
2909499000,3332
2909500000,3333
2909601000,3334
2909602000,3335
2909603000,3336
2909604000,3337
2909609000,3338
2910100000,3339
2910200000,3340
2910300000,3341
2910400000,3342
2910500000,3343
2910900000,3344
2911000000,3345
2912110000,3346
2912120000,3347
2912193000,3348
2912199000,3349
2912210000,3350
2912290000,3351
2912410000,3352
2912420000,3353
2912490000,3354
2912500000,3355
2912600000,3356
2913000000,3357
2914110000,3358
2914120000,3359
2914130000,3360
2914190000,3361
2914221000,3362
2914222000,3363
2914231000,3364
2914232000,3365
2914291000,3366
2914299000,3367
2914310000,3368
2914390000,3369
2914401000,3370
2914409000,3371
2914501000,3372
2914509000,3373
2914610000,3374
2914620000,3375
2914691000,3376
2914699000,3377
2914710000,3378
2914791000,3379
2914799000,3380
2915110000,3381
2915121000,3382
2915129000,3383
2915130000,3384
2915210000,3385
2915240000,3386
2915291000,3387
2915292000,3388
2915293000,3389
2915299000,3390
2915310000,3391
2915320000,3392
2915331000,3393
2915339000,3394
2915360000,3395
2915391000,3396
2915392000,3397
2915393000,3398
2915394000,3399
2915395000,3400
2915399000,3401
2915401000,3402
2915409000,3403
2915500000,3404
2915600000,3405
2915701000,3406
29157020,3407
2915702010,3408
2915702020,3409
2915702030,3410
2915702040,3411
2915702050,3412
2915702060,3413
2915702070,3414
2915702080,3415
2915702090,3416
2915901000,3417
29159090,3418
2915909010,3419
2915909020,3420
2915909090,3421
2916111000,3422
2916119000,3423
2916121000,3424
2916122000,3425
2916123000,3426
2916124000,3427
2916129000,3428
2916131000,3429
2916139000,3430
2916141000,3431
2916149000,3432
2916151000,3433
2916152000,3434
2916153000,3435
2916160000,3436
2916190000,3437
2916203000,3438
2916209000,3439
2916311000,3440
2916312000,3441
2916313000,3442
29163190,3443
2916319010,3444
2916319090,3445
2916321000,3446
2916322000,3447
2916340000,3448
2916391000,3449
29163990,3450
2916399010,3451
2916399090,3452
2917111000,3453
2917112000,3454
2917113000,3455
2917121000,3456
2917122000,3457
29171230,3458
2917123010,3459
2917123090,3460
2917131000,3461
2917132000,3462
2917140000,3463
2917192000,3464
2917193000,3465
2917199000,3466
2917200000,3467
2917321000,3468
2917329000,3469
2917331000,3470
2917332000,3471
2917341000,3472
2917342000,3473
2917343000,3474
2917349000,3475
2917350000,3476
2917361000,3477
2917369000,3478
2917370000,3479
2917391000,3480
2917392000,3481
2917393000,3482
2917399000,3483
2918111000,3484
2918112000,3485
2918113000,3486
2918120000,3487
2918131000,3488
2918132000,3489
2918140000,3490
2918151000,3491
2918152000,3492
2918161000,3493
2918162000,3494
2918163000,3495
2918170000,3496
2918180000,3497
29181910,3498
2918191010,3499
2918191090,3500
2918192000,3501
2918193000,3502
2918199000,3503
2918210000,3504
2918220000,3505
2918231000,3506
2918232000,3507
2918291000,3508
29182990,3509
2918299010,3510
2918299030,3511
2918299090,3512
2918301000,3513
2918309000,3514
2918910000,3515
2918991000,3516
2918999000,3517
2919100000,3518
29199010,3519
2919901010,3520
2919901090,3521
2919902000,3522
2919909000,3523
2920111000,3524
2920119000,3525
2920191000,3526
2920199000,3527
2920210000,3528
2920220000,3529
2920230000,3530
2920240000,3531
2920290000,3532
2920301000,3533
2920309000,3534
2920904000,3535
2920909,3536
29209091,3537
2920909110,3538
2920909190,3539
2920909200,3540
2920909900,3541
29211110,3542
2921111010,3543
2921111020,3544
29211120,3545
2921112010,3546
2921112020,3547
29211130,3548
2921113010,3549
2921113020,3550
2921120000,3551
2921130000,3552
2921140000,3553
2921192000,3554
29211990,3555
2921199010,3556
2921199090,3557
2921211000,3558
2921212000,3559
2921221000,3560
2921222000,3561
2921229000,3562
2921291000,3563
2921292000,3564
2921299000,3565
2921301000,3566
2921309000,3567
2921411000,3568
2921412000,3569
2921423000,3570
29214290,3571
2921429020,3572
2921429090,3573
2921434000,3574
2921435000,3575
2921436000,3576
2921437000,3577
29214390,3578
2921439010,3579
2921439090,3580
2921441000,3581
2921449000,3582
2921451000,3583
29214590,3584
2921459010,3585
2921459020,3586
2921459030,3587
2921459090,3588
2921460000,3589
2921491000,3590
2921499000,3591
2921511000,3592
2921512000,3593
29215190,3594
2921519010,3595
2921519020,3596
2921519030,3597
2921519040,3598
2921519090,3599
2921592000,3600
2921599000,3601
2922111000,3602
2922112000,3603
2922121000,3604
2922122000,3605
2922140000,3606
2922150000,3607
2922160000,3608
2922171000,3609
2922172000,3610
2922180000,3611
2922193000,3612
2922199000,3613
2922211000,3614
2922212000,3615
2922213000,3616
2922219000,3617
2922292000,3618
2922293000,3619
2922299000,3620
2922310000,3621
2922393000,3622
2922399000,3623
2922411000,3624
2922412000,3625
2922413000,3626
2922421000,3627
2922422000,3628
2922423000,3629
2922430000,3630
2922440000,3631
2922491000,3632
2922492000,3633
2922493000,3634
2922494000,3635
2922497000,3636
2922499000,3637
2922505000,3638
2922506000,3639
2922509000,3640
2923101000,3641
2923102000,3642
2923201000,3643
2923202000,3644
2923300000,3645
2923400000,3646
2923900000,3647
2924110000,3648
2924120000,3649
2924191000,3650
2924192000,3651
29241990,3652
2924199010,3653
2924199090,3654
2924211000,3655
2924219000,3656
2924230000,3657
2924240000,3658
2924251000,3659
2924259000,3660
29242910,3661
2924291010,3662
2924291020,3663
2924291090,3664
2924292000,3665
29242990,3666
2924299010,3667
2924299020,3668
292429909,3669
2924299092,3670
2924299099,3671
2925111000,3672
2925112000,3673
2925120000,3674
2925191000,3675
29251990,3676
2925199010,3677
2925199090,3678
2925210000,3679
2925291000,3680
29252990,3681
2925299010,3682
2925299090,3683
2926100000,3684
2926200000,3685
2926300000,3686
2926400000,3687
2926903000,3688
2926904000,3689
2926909000,3690
2927001,3691
2927001100,3692
2927001900,3693
2927002,3694
2927002100,3695
29270029,3696
2927002910,3697
2927002990,3698
2927003000,3699
2928002000,3700
2928003000,3701
2928009000,3702
2929101000,3703
2929102000,3704
2929109000,3705
2929900000,3706
2930100000,3707
29302010,3708
2930201010,3709
2930201090,3710
29302020,3711
2930202010,3712
2930202090,3713
2930301000,3714
2930302000,3715
2930303000,3716
2930400000,3717
2930600000,3718
2930700000,3719
2930800000,3720
2930902000,3721
29309050,3722
2930905030,3723
2930905080,3724
29309060,3725
2930906010,3726
2930906090,3727
29309070,3728
2930907020,3729
2930907090,3730
29309090,3731
2930909010,3732
2930909030,3733
2930909050,3734
2930909090,3735
2931100000,3736
2931200000,3737
2931410000,3738
2931420000,3739
2931430000,3740
2931440000,3741
2931450000,3742
2931460000,3743
2931470000,3744
2931480000,3745
2931490000,3746
2931510000,3747
2931520000,3748
2931530000,3749
2931540000,3750
2931590000,3751
2931901000,3752
2931902000,3753
2931903000,3754
2931904000,3755
2931905000,3756
29319090,3757
2931909010,3758
2931909020,3759
2931909090,3760
2932110000,3761
2932120000,3762
2932131000,3763
2932132000,3764
2932140000,3765
2932191000,3766
2932199000,3767
29322010,3768
2932201010,3769
2932201020,3770
2932201030,3771
29322090,3772
2932209010,3773
2932209020,3774
2932209030,3775
2932209040,3776
2932209050,3777
2932209060,3778
2932209070,3779
2932209080,3780
293220909,3781
2932209091,3782
2932209099,3783
2932910000,3784
2932920000,3785
2932930000,3786
2932940000,3787
2932950000,3788
2932960000,3789
2932991000,3790
2932992000,3791
29329990,3792
2932999010,3793
2932999090,3794
2933112000,3795
2933119000,3796
2933192000,3797
2933193000,3798
2933199000,3799
2933211000,3800
2933212000,3801
2933291000,3802
29332990,3803
2933299010,3804
2933299090,3805
2933311000,3806
2933312000,3807
2933321000,3808
2933329000,3809
2933330000,3810
2933340000,3811
2933350000,3812
2933360000,3813
2933370000,3814
2933392000,3815
2933393000,3816
2933399000,3817
2933410000,3818
2933491000,3819
29334990,3820
2933499010,3821
2933499090,3822
2933520000,3823
2933530000,3824
2933540000,3825
2933550000,3826
2933591000,3827
2933592000,3828
2933593000,3829
2933610000,3830
2933691000,3831
2933692000,3832
29336990,3833
2933699010,3834
293369909,3835
2933699091,3836
2933699099,3837
2933710000,3838
2933720000,3839
2933793000,3840
2933799000,3841
2933910000,3842
2933921000,3843
2933929000,3844
2933991000,3845
29339990,3846
2933999010,3847
2933999090,3848
2934101000,3849
29341090,3850
2934109010,3851
2934109090,3852
2934204000,3853
2934205000,3854
2934206000,3855
2934209000,3856
2934301000,3857
2934309000,3858
2934910000,3859
2934920000,3860
2934994000,3861
2934995000,3862
2934996000,3863
2934997000,3864
2934999000,3865
2935100000,3866
2935200000,3867
2935300000,3868
2935400000,3869
2935500000,3870
2935904000,3871
2935905000,3872
2935909000,3873
2936210000,3874
2936220000,3875
2936230000,3876
2936240000,3877
2936250000,3878
2936260000,3879
2936271000,3880
2936272000,3881
2936273000,3882
2936279000,3883
2936281000,3884
2936289000,3885
29362910,3886
2936291010,3887
2936291090,3888
2936292000,3889
2936293000,3890
2936294000,3891
2936295000,3892
2936299000,3893
2936901000,3894
2936909000,3895
2937111000,3896
2937119000,3897
2937120000,3898
2937191000,3899
2937199000,3900
2937211000,3901
2937212000,3902
2937213000,3903
2937214000,3904
2937220000,3905
2937230000,3906
2937292000,3907
2937299000,3908
2937501000,3909
2937502000,3910
2937509000,3911
2937901000,3912
2937902,3913
2937902100,3914
29379029,3915
2937902910,3916
2937902990,3917
2937903000,3918
2937909000,3919
2938101000,3920
2938102000,3921
2938901000,3922
2938902000,3923
2938903000,3924
2938904000,3925
2938909000,3926
2939111000,3927
2939112000,3928
2939113000,3929
2939114000,3930
2939119000,3931
2939190000,3932
2939200000,3933
2939300000,3934
2939411000,3935
2939419000,3936
2939421000,3937
2939429000,3938
2939430000,3939
2939440000,3940
2939450000,3941
2939490000,3942
2939510000,3943
2939590000,3944
2939611000,3945
2939619000,3946
2939621000,3947
2939629000,3948
2939631000,3949
2939639000,3950
2939690000,3951
2939720000,3952
2939791000,3953
2939799000,3954
29398010,3955
2939801010,3956
2939801090,3957
2939802000,3958
2939809000,3959
29400010,3960
2940001010,3961
2940001020,3962
2940001030,3963
2940001090,3964
29400020,3965
2940002010,3966
2940002090,3967
2941101000,3968
29411090,3969
2941109010,3970
2941109020,3971
2941109090,3972
2941201000,3973
2941209000,3974
2941301000,3975
2941302000,3976
2941303000,3977
2941309000,3978
2941400000,3979
2941501000,3980
2941509000,3981
2941901000,3982
2941909000,3983
2942000000,3984
3001202000,3985
3001209000,3986
30019010,3987
3001901010,3988
3001901090,3989
30019020,3990
3001902010,3991
3001902090,3992
30019090,3993
3001909010,3994
3001909020,3995
3001909090,3996
3002122000,3997
3002123000,3998
3002130000,3999
3002140000,4000
3002150000,4001
3002410000,4002
3002421000,4003
3002429000,4004
3002491000,4005
3002492000,4006
3002493000,4007
3002494000,4008
3002510000,4009
3002590000,4010
3002901000,4011
3002902000,4012
3002909000,4013
3003101000,4014
3003102000,4015
3003200000,4016
3003310000,4017
3003395000,4018
3003399000,4019
3003410000,4020
3003420000,4021
3003430000,4022
3003490000,4023
3003600000,4024
3003902000,4025
3003903000,4026
3003909000,4027
3004101000,4028
3004102000,4029
3004201000,4030
3004209,4031
3004209100,4032
3004209300,4033
3004209900,4034
3004310000,4035
3004320000,4036
30043910,4037
3004391010,4038
3004391020,4039
3004393000,4040
3004395000,4041
3004396000,4042
3004397000,4043
3004399000,4044
3004410000,4045
3004420000,4046
3004430000,4047
3004491000,4048
30044920,4049
3004492010,4050
3004492020,4051
3004492030,4052
3004493000,4053
3004499000,4054
3004501000,4055
30045020,4056
3004502010,4057
3004502090,4058
3004503000,4059
3004504000,4060
3004509000,4061
3004600000,4062
3004901000,4063
3004909,4064
3004909100,4065
3004909200,4066
3004909900,4067
3005101000,4068
3005109000,4069
3005901000,4070
3005902000,4071
3005903000,4072
3005904000,4073
3005909000,4074
30061010,4075
3006101010,4076
3006101020,4077
3006102000,4078
3006103000,4079
3006104000,4080
30061050,4081
3006105010,4082
3006105020,4083
3006105090,4084
3006301000,4085
3006302000,4086
3006401000,4087
3006402000,4088
3006403000,4089
3006500000,4090
3006600000,4091
3006700000,4092
3006910000,4093
30069210,4094
3006921010,4095
3006921090,4096
30069220,4097
3006922010,4098
3006922020,4099
300692203,4100
3006922031,4101
3006922032,4102
3006922090,4103
3006923000,4104
3006924000,4105
3006925000,4106
3006930000,4107
3101001000,4108
3101002000,4109
3101003000,4110
3102101000,4111
3102109000,4112
3102210000,4113
3102291000,4114
3102292000,4115
3102300000,4116
3102400000,4117
3102501000,4118
3102509000,4119
3102600000,4120
3102800000,4121
3102901000,4122
3102909000,4123
3103110000,4124
3103190000,4125
3103900000,4126
3104200000,4127
3104301000,4128
3104309000,4129
31049010,4130
3104901010,4131
3104901090,4132
3104909000,4133
3105100000,4134
3105200000,4135
3105300000,4136
3105400000,4137
3105510000,4138
3105590000,4139
3105600000,4140
3105901000,4141
3105909000,4142
3201100000,4143
3201200000,4144
3201900000,4145
3202101000,4146
3202103000,4147
3202109000,4148
3202901000,4149
3202909000,4150
3203001000,4151
32030020,4152
3203002010,4153
3203002030,4154
3203002090,4155
3203003000,4156
3204111000,4157
3204119000,4158
3204121000,4159
3204122000,4160
3204130000,4161
3204140000,4162
3204150000,4163
3204160000,4164
3204170000,4165
3204180000,4166
3204191000,4167
3204193000,4168
3204199000,4169
3204200000,4170
32049010,4171
3204901010,4172
3204901090,4173
3204909000,4174
3205001000,4175
3205009000,4176
3206110000,4177
3206190000,4178
3206200000,4179
3206411000,4180
3206419000,4181
3206421000,4182
3206429000,4183
3206491000,4184
3206495000,4185
3206496000,4186
3206499000,4187
3206500000,4188
3207100000,4189
3207201000,4190
3207202000,4191
3207209000,4192
3207301000,4193
3207302000,4194
3207303000,4195
3207304000,4196
3207309000,4197
3207400000,4198
32081010,4199
3208101010,4200
3208101090,4201
3208102000,4202
3208103000,4203
32082010,4204
320820101,4205
3208201011,4206
3208201019,4207
3208201020,4208
3208201030,4209
32082020,4210
320820201,4211
3208202011,4212
3208202019,4213
3208202020,4214
3208202030,4215
32089010,4216
320890101,4217
3208901011,4218
3208901019,4219
3208901020,4220
3208901030,4221
32089090,4222
320890901,4223
3208909011,4224
3208909019,4225
3208909020,4226
3208909030,4227
32091010,4228
320910101,4229
3209101011,4230
3209101019,4231
3209101020,4232
32091020,4233
3209102010,4234
3209102020,4235
32099010,4236
320990101,4237
3209901011,4238
3209901019,4239
3209901020,4240
32099090,4241
320990901,4242
3209909011,4243
3209909019,4244
3209909020,4245
32100010,4246
321000101,4247
3210001011,4248
3210001019,4249
321000109,4250
3210001091,4251
3210001099,4252
32100020,4253
3210002010,4254
3210002020,4255
3210002030,4256
3210002040,4257
32100030,4258
3210003010,4259
3210003090,4260
3211000000,4261
3212100000,4262
3212901000,4263
3212909000,4264
3213101000,4265
3213102000,4266
3213109000,4267
3213901000,4268
3213902000,4269
3213909000,4270
32141010,4271
3214101060,4272
3214101080,4273
3214101090,4274
3214102000,4275
3214109000,4276
3214900000,4277
3215110000,4278
3215190000,4279
3215901000,4280
3215902000,4281
3215903000,4282
32159040,4283
3215904010,4284
3215904020,4285
3215904030,4286
3215905000,4287
32159060,4288
3215906010,4289
3215906020,4290
3215906030,4291
3215909000,4292
3301120000,4293
3301130000,4294
3301190000,4295
3301240000,4296
3301250000,4297
3301290000,4298
3301300000,4299
3301901000,4300
3301902000,4301
3301903000,4302
3301904,4303
3301904100,4304
3301904200,4305
3301904300,4306
3301904400,4307
33019045,4308
3301904510,4309
3301904520,4310
3301904530,4311
3301904600,4312
3301904700,4313
3301904800,4314
3302101000,4315
33021020,4316
330210201,4317
3302102011,4318
3302102019,4319
3302102090,4320
3302900000,4321
3303001000,4322
3303002000,4323
3304101000,4324
3304109000,4325
3304201000,4326
3304209000,4327
3304301000,4328
3304309000,4329
3304911000,4330
3304912000,4331
3304919000,4332
3304991000,4333
3304992000,4334
3304993000,4335
3304999000,4336
3305100000,4337
3305200000,4338
3305300000,4339
3305901000,4340
3305902000,4341
3305909000,4342
3306100000,4343
33062010,4344
330620101,4345
3306201011,4346
3306201019,4347
3306201020,4348
3306209000,4349
3306901000,4350
3306902000,4351
3307101000,4352
3307109000,4353
3307200000,4354
3307301000,4355
3307302000,4356
3307410000,4357
3307490000,4358
3307901000,4359
3307903000,4360
3307904000,4361
3307909000,4362
3401111000,4363
3401119000,4364
34011910,4365
3401191010,4366
3401191090,4367
3401192000,4368
3401200000,4369
3401300000,4370
3402310000,4371
3402390000,4372
3402410000,4373
3402421000,4374
3402429000,4375
3402490000,4376
3402501000,4377
3402502000,4378
3402509000,4379
3402901000,4380
3402902000,4381
3402903000,4382
3403111000,4383
3403112000,4384
3403119000,4385
3403191000,4386
3403193000,4387
3403194000,4388
3403195000,4389
3403199000,4390
3403911000,4391
3403912000,4392
3403919000,4393
3403991000,4394
3403992000,4395
3403999000,4396
3404200000,4397
34049010,4398
3404901010,4399
3404901030,4400
3404901040,4401
3404901090,4402
3404902000,4403
3405100000,4404
3405200000,4405
3405300000,4406
3405400000,4407
34059010,4408
3405901030,4409
3405901090,4410
3405909000,4411
3406000000,4412
3407001000,4413
3407002000,4414
3407003000,4415
3501101000,4416
3501109000,4417
3501901,4418
35019011,4419
3501901110,4420
3501901190,4421
3501901200,4422
3501902000,4423
3502110000,4424
3502190000,4425
3502200000,4426
3502901000,4427
3502909000,4428
35030010,4429
3503001010,4430
3503001020,4431
3503002000,4432
3503003000,4433
35040010,4434
3504001010,4435
3504001020,4436
35040020,4437
3504002010,4438
3504002020,4439
3504002030,4440
3504002090,4441
3504003000,4442
3505101000,4443
3505102000,4444
3505103000,4445
35051040,4446
3505104010,4447
3505104090,4448
35051050,4449
3505105010,4450
3505105090,4451
35051090,4452
3505109010,4453
3505109090,4454
3505201000,4455
3505202000,4456
3505209000,4457
3506101000,4458
3506102000,4459
3506109000,4460
3506911000,4461
3506919000,4462
3506991000,4463
3506999000,4464
3507100000,4465
3507901000,4466
3507904000,4467
35079060,4468
3507906010,4469
3507906020,4470
3507907000,4471
3507909000,4472
3601001000,4473
3601002000,4474
3602000000,4475
3603100000,4476
3603200000,4477
3603300000,4478
3603400000,4479
3603500000,4480
3603600000,4481
3604100000,4482
3604901000,4483
3604909000,4484
3605000000,4485
3606100000,4486
3606900000,4487
3701100000,4488
3701200000,4489
3701302000,4490
3701303000,4491
3701304000,4492
3701309000,4493
3701911000,4494
3701919,4495
3701919100,4496
3701919200,4497
3701919900,4498
3701991000,4499
3701999,4500
3701999100,4501
3701999200,4502
3701999900,4503
3702100000,4504
3702311000,4505
3702319000,4506
3702321000,4507
3702329000,4508
3702391000,4509
3702399000,4510
3702411000,4511
3702419000,4512
3702421000,4513
3702422000,4514
3702423000,4515
3702429000,4516
3702431000,4517
3702432000,4518
3702433000,4519
3702439000,4520
3702441000,4521
3702442000,4522
3702443000,4523
3702449000,4524
3702521000,4525
3702529000,4526
3702530000,4527
3702541000,4528
3702549000,4529
3702551000,4530
3702559000,4531
3702561000,4532
3702569000,4533
3702961000,4534
3702969000,4535
3702971000,4536
3702979000,4537
3702981000,4538
3702982000,4539
3702983000,4540
3702989000,4541
3703100000,4542
3703203000,4543
3703209000,4544
3703900000,4545
3704001,4546
3704001100,4547
3704001200,4548
3704001300,4549
3704001900,4550
3704002000,4551
37050010,4552
3705001010,4553
3705001090,4554
37050090,4555
3705009010,4556
3705009090,4557
3706100000,4558
3706900000,4559
3707100000,4560
37079010,4561
3707901010,4562
3707901020,4563
3707901090,4564
37079020,4565
3707902010,4566
3707902090,4567
3707903000,4568
3707909,4569
3707909200,4570
3707909300,4571
3707909900,4572
3801101000,4573
3801109000,4574
3801200000,4575
3801300000,4576
3801900000,4577
3802100000,4578
3802901000,4579
3802903000,4580
3802909000,4581
3803000000,4582
3804001000,4583
3804009000,4584
3805101000,4585
3805102000,4586
3805103000,4587
3805900000,4588
3806101000,4589
3806102000,4590
3806200000,4591
3806300000,4592
3806900000,4593
3807003000,4594
38070090,4595
3807009010,4596
3807009090,4597
3808520000,4598
3808591000,4599
3808599000,4600
3808611000,4601
3808619000,4602
3808621000,4603
3808629000,4604
3808691000,4605
3808699000,4606
3808911000,4607
3808919000,4608
3808921000,4609
3808929000,4610
3808931000,4611
3808932000,4612
3808933000,4613
3808940000,4614
3808991000,4615
3808999000,4616
3809100000,4617
3809910000,4618
3809920000,4619
3809930000,4620
3810101000,4621
3810109000,4622
3810901000,4623
3810909000,4624
3811110000,4625
3811190000,4626
3811210000,4627
3811290000,4628
3811900000,4629
3812101000,4630
3812102000,4631
3812109000,4632
3812200000,4633
3812310000,4634
3812391000,4635
3812392000,4636
3813001000,4637
3813002000,4638
3813003000,4639
38140010,4640
3814001020,4641
3814001090,4642
3814002,4643
38140021,4644
3814002110,4645
3814002190,4646
3814002900,4647
3815110000,4648
3815121000,4649
3815122000,4650
3815129000,4651
3815191000,4652
3815192000,4653
3815199000,4654
3815901000,4655
3815909000,4656
3816001000,4657
3816002000,4658
3816003000,4659
38160090,4660
3816009010,4661
3816009090,4662
3817000000,4663
3818001000,4664
38180020,4665
3818002010,4666
3818002090,4667
3819001000,4668
3819002000,4669
3820001000,4670
3820002000,4671
3821000000,4672
3822111000,4673
3822112000,4674
3822119000,4675
3822121000,4676
3822129000,4677
3822130000,4678
3822191000,4679
38221920,4680
382219201,4681
3822192011,4682
3822192012,4683
3822192013,4684
3822192014,4685
3822192019,4686
3822192020,4687
382219209,4688
3822192091,4689
3822192092,4690
3822192093,4691
3822192099,4692
38221930,4693
382219301,4694
3822193011,4695
3822193012,4696
3822193013,4697
3822193014,4698
3822193019,4699
3822193020,4700
382219309,4701
3822193091,4702
3822193092,4703
3822193093,4704
3822193099,4705
38229000,4706
3822900011,4707
3822900012,4708
3822900013,4709
3822900014,4710
3822900015,4711
3822900016,4712
3822900017,4713
3822900018,4714
3822900019,4715
3822900020,4716
3823110000,4717
3823120000,4718
3823130000,4719
3823191000,4720
3823192000,4721
3823199000,4722
3823701000,4723
3823702000,4724
3823703000,4725
3823704000,4726
38237090,4727
3823709010,4728
3823709090,4729
3824100000,4730
3824300000,4731
3824400000,4732
3824500000,4733
3824600000,4734
3824810000,4735
3824820000,4736
3824830000,4737
3824840000,4738
3824850000,4739
3824860000,4740
3824870000,4741
3824880000,4742
3824890000,4743
3824910000,4744
3824920000,4745
3824991000,4746
3824992,4747
3824992100,4748
38249922,4749
3824992210,4750
3824992290,4751
3824992900,4752
3824993,4753
3824993100,4754
38249939,4755
3824993910,4756
3824993990,4757
3824994,4758
3824994100,4759
3824994200,4760
3824994300,4761
3824994400,4762
3824995,4763
3824995100,4764
3824995200,4765
3824995300,4766
3824996,4767
3824996100,4768
3824996200,4769
3824996300,4770
3824996400,4771
3824996500,4772
3824996600,4773
3824997,4774
3824997100,4775
3824997200,4776
3824997300,4777
3824997400,4778
3824997500,4779
3824997600,4780
3824997700,4781
3824998000,4782
38249990,4783
3824999010,4784
3824999020,4785
3824999030,4786
3824999040,4787
382499905,4788
3824999051,4789
3824999052,4790
3824999090,4791
3825100000,4792
3825200000,4793
3825301000,4794
3825302000,4795
3825303000,4796
3825304000,4797
3825410000,4798
3825490000,4799
3825500000,4800
3825610000,4801
3825690000,4802
3825901000,4803
3825902000,4804
3825903000,4805
3825904000,4806
3825909000,4807
3826000000,4808
3827111000,4809
3827119000,4810
3827120000,4811
3827130000,4812
3827140000,4813
3827200000,4814
3827310000,4815
3827320000,4816
3827390000,4817
3827400000,4818
3827510000,4819
3827590000,4820
3827610000,4821
3827620000,4822
3827630000,4823
3827640000,4824
3827650000,4825
3827680000,4826
3827690000,4827
3827900000,4828
3901101000,4829
3901109000,4830
3901200000,4831
3901300000,4832
3901400000,4833
3901900000,4834
3902100000,4835
3902200000,4836
3902300000,4837
3902900000,4838
3903110000,4839
3903190000,4840
3903200000,4841
3903300000,4842
3903901000,4843
3903909000,4844
3904100000,4845
3904210000,4846
3904220000,4847
3904300000,4848
3904400000,4849
3904500000,4850
3904610000,4851
3904691000,4852
3904699000,4853
3904900000,4854
3905120000,4855
3905190000,4856
3905210000,4857
3905290000,4858
3905300000,4859
3905910000,4860
3905990000,4861
3906100000,4862
3906901000,4863
3906909000,4864
3907100000,4865
3907210000,4866
3907291000,4867
3907292000,4868
3907293000,4869
3907299000,4870
3907301000,4871
3907309000,4872
3907400000,4873
3907500000,4874
3907610000,4875
3907690000,4876
3907700000,4877
3907910000,4878
3907991000,4879
3907992000,4880
3907999000,4881
3908101000,4882
3908102000,4883
3908103000,4884
3908900000,4885
3909100000,4886
3909200000,4887
3909310000,4888
3909390000,4889
3909400000,4890
3909500000,4891
3910001000,4892
39100090,4893
3910009010,4894
3910009020,4895
3910009090,4896
3911101000,4897
3911102000,4898
3911103000,4899
3911200000,4900
3911901000,4901
3911902000,4902
3911903000,4903
3911909000,4904
3912110000,4905
3912120000,4906
3912200000,4907
3912311000,4908
3912319000,4909
3912391000,4910
3912399000,4911
3912900000,4912
3913101000,4913
3913102000,4914
3913109000,4915
39139020,4916
3913902010,4917
3913902090,4918
3913909000,4919
3914001000,4920
3914009000,4921
3915101000,4922
3915102000,4923
3915103000,4924
3915104000,4925
3915109000,4926
3915201000,4927
3915209000,4928
3915301000,4929
3915309000,4930
3915901000,4931
3915902000,4932
3915903000,4933
3915904000,4934
3915905000,4935
39159090,4936
3915909010,4937
3915909020,4938
3915909030,4939
3915909090,4940
3916100000,4941
3916200000,4942
3916901000,4943
3916902000,4944
3916903000,4945
3916904000,4946
3916909000,4947
3917101000,4948
3917102000,4949
3917210000,4950
3917220000,4951
3917230000,4952
3917292000,4953
3917299000,4954
3917311000,4955
3917312000,4956
3917319000,4957
3917321000,4958
3917322000,4959
3917329000,4960
3917331000,4961
3917332000,4962
3917339000,4963
3917391000,4964
3917392000,4965
3917399000,4966
3917400000,4967
3918101000,4968
3918102000,4969
3918109000,4970
3918900000,4971
3919100000,4972
3919900000,4973
3920100000,4974
3920200000,4975
3920300000,4976
3920430000,4977
3920490000,4978
3920510000,4979
3920590000,4980
3920610000,4981
3920620000,4982
3920630000,4983
3920690000,4984
3920710000,4985
3920730000,4986
3920791000,4987
3920799000,4988
3920910000,4989
3920920000,4990
3920930000,4991
3920940000,4992
3920991000,4993
39209990,4994
3920999010,4995
3920999020,4996
3920999090,4997
3921110000,4998
3921120000,4999
3921130000,5000
3921140000,5001
39211910,5002
3921191010,5003
3921191090,5004
39211920,5005
3921192010,5006
3921192090,5007
39211930,5008
3921193010,5009
3921193090,5010
39211940,5011
3921194010,5012
3921194020,5013
3921194030,5014
3921194090,5015
3921195000,5016
39211990,5017
3921199020,5018
3921199040,5019
3921199090,5020
3921901000,5021
3921902000,5022
3921903000,5023
39219040,5024
3921904010,5025
3921904020,5026
3921905000,5027
39219060,5028
3921906010,5029
3921906020,5030
3921906030,5031
3921906090,5032
3921907000,5033
39219090,5034
3921909010,5035
3921909020,5036
3921909030,5037
3921909040,5038
3921909050,5039
3921909090,5040
3922101000,5041
3922102000,5042
3922103000,5043
3922200000,5044
3922901000,5045
3922909000,5046
3923100000,5047
3923210000,5048
3923290000,5049
3923300000,5050
3923400000,5051
3923500000,5052
3923900000,5053
3924100000,5054
3924901000,5055
3924902000,5056
3924909000,5057
3925100000,5058
3925200000,5059
3925300000,5060
3925900000,5061
3926101000,5062
3926102000,5063
3926109000,5064
3926200000,5065
3926300000,5066
3926400000,5067
3926901000,5068
3926902000,5069
3926903000,5070
3926904000,5071
3926905000,5072
3926906000,5073
3926909000,5074
4001100000,5075
4001210000,5076
4001220000,5077
4001290000,5078
4001300000,5079
4002110000,5080
4002190000,5081
4002201000,5082
4002209000,5083
4002311000,5084
4002319000,5085
4002391000,5086
40023990,5087
4002399010,5088
4002399020,5089
4002410000,5090
4002490000,5091
4002510000,5092
4002590000,5093
4002600000,5094
4002700000,5095
4002800000,5096
4002910000,5097
4002991000,5098
4002999000,5099
4003000000,5100
40040010,5101
4004001010,5102
4004001090,5103
4004002000,5104
4004009000,5105
4005101000,5106
4005109000,5107
4005200000,5108
4005910000,5109
4005990000,5110
4006100000,5111
4006904000,5112
4006909000,5113
4007001000,5114
4007002000,5115
4008111000,5116
4008119000,5117
4008191000,5118
4008199000,5119
4008211000,5120
4008219000,5121
4008291000,5122
4008299000,5123
4009110000,5124
4009120000,5125
4009210000,5126
4009220000,5127
4009310000,5128
4009320000,5129
4009410000,5130
4009420000,5131
4010110000,5132
4010120000,5133
4010191000,5134
4010199000,5135
4010310000,5136
4010320000,5137
4010330000,5138
4010340000,5139
4010350000,5140
4010360000,5141
4010390000,5142
4011101000,5143
4011102000,5144
4011109000,5145
40112010,5146
4011201010,5147
4011201090,5148
40112020,5149
4011202010,5150
4011202090,5151
4011209000,5152
4011300000,5153
4011400000,5154
4011500000,5155
4011701000,5156
4011709000,5157
40118010,5158
4011801010,5159
4011801090,5160
40118090,5161
4011809010,5162
4011809090,5163
4011900000,5164
4012110000,5165
4012120000,5166
4012130000,5167
4012190000,5168
4012201000,5169
40122090,5170
4012209010,5171
4012209020,5172
4012209090,5173
4012901000,5174
40129090,5175
4012909010,5176
4012909020,5177
4012909030,5178
4012909040,5179
4012909090,5180
4013101000,5181
4013102000,5182
4013200000,5183
4013901000,5184
40139090,5185
4013909010,5186
4013909020,5187
4013909090,5188
4014100000,5189
4014901000,5190
4014909000,5191
4015120000,5192
4015190000,5193
4015901000,5194
4015902000,5195
4015909000,5196
4016100000,5197
4016910000,5198
4016920000,5199
4016930000,5200
4016940000,5201
4016951000,5202
4016952000,5203
4016953000,5204
4016959000,5205
40169910,5206
4016991010,5207
4016991090,5208
4016992000,5209
4016993000,5210
4016999000,5211
4017001000,5212
4017002000,5213
4017003000,5214
4101201000,5215
4101202000,5216
41015010,5217
410150101,5218
4101501011,5219
4101501012,5220
4101501013,5221
4101501014,5222
4101501019,5223
410150102,5224
4101501021,5225
4101501022,5226
4101501023,5227
4101501024,5228
4101501029,5229
4101501090,5230
4101502000,5231
41019010,5232
4101901010,5233
410190109,5234
4101901091,5235
4101901099,5236
4101902000,5237
4102100000,5238
4102211000,5239
4102212000,5240
4102291000,5241
4102292000,5242
41032010,5243
4103201010,5244
4103201030,5245
4103201090,5246
4103202000,5247
4103301000,5248
4103302000,5249
41039010,5250
4103901010,5251
4103901020,5252
4103901030,5253
4103901090,5254
4103902000,5255
4104110000,5256
4104190000,5257
4104410000,5258
4104490000,5259
4105100000,5260
4105300000,5261
4106210000,5262
4106220000,5263
4106310000,5264
4106320000,5265
4106400000,5266
4106910000,5267
4106920000,5268
4107110000,5269
4107120000,5270
4107190000,5271
4107910000,5272
4107920000,5273
4107990000,5274
4112000000,5275
4113100000,5276
4113200000,5277
4113300000,5278
4113900000,5279
4114100000,5280
4114201000,5281
4114202000,5282
4114203000,5283
4115100000,5284
4115200000,5285
4201002000,5286
4201009000,5287
4202111000,5288
4202112000,5289
4202113000,5290
42021210,5291
4202121010,5292
4202121020,5293
4202121090,5294
4202122000,5295
4202190000,5296
42022110,5297
4202211010,5298
4202211020,5299
4202211030,5300
4202211090,5301
4202212000,5302
4202213000,5303
42022210,5304
4202221010,5305
4202221020,5306
4202221090,5307
4202222000,5308
4202290000,5309
42023110,5310
4202311030,5311
4202311090,5312
4202312000,5313
4202313000,5314
42023210,5315
4202321010,5316
4202321020,5317
4202321090,5318
4202322000,5319
4202390000,5320
4202911000,5321
4202912000,5322
4202913000,5323
42029210,5324
4202921010,5325
4202921020,5326
4202921090,5327
4202922000,5328
4202991000,5329
4202999000,5330
42031010,5331
4203101010,5332
4203101020,5333
4203101060,5334
4203101090,5335
4203102000,5336
42031030,5337
4203103010,5338
4203103020,5339
4203103050,5340
4203103060,5341
4203103070,5342
4203103090,5343
42031090,5344
4203109010,5345
4203109020,5346
4203109090,5347
4203211000,5348
4203212000,5349
4203213000,5350
4203214000,5351
4203215000,5352
4203219000,5353
4203291000,5354
4203292000,5355
4203299000,5356
42033010,5357
4203301030,5358
4203301090,5359
4203309000,5360
4203400000,5361
4205001,5362
4205001100,5363
4205001900,5364
4205002,5365
4205002100,5366
4205002900,5367
4206000000,5368
4301100000,5369
4301300000,5370
4301600000,5371
4301802000,5372
4301803000,5373
4301804000,5374
4301805000,5375
4301806000,5376
4301809000,5377
4301900000,5378
4302110000,5379
4302191000,5380
4302192000,5381
4302193000,5382
4302195000,5383
4302196000,5384
4302197000,5385
4302198000,5386
43021990,5387
4302199010,5388
4302199020,5389
4302199090,5390
4302201000,5391
4302202000,5392
4302203000,5393
4302204000,5394
4302205000,5395
4302207000,5396
43022090,5397
4302209020,5398
4302209030,5399
4302209090,5400
4302300000,5401
4303101,5402
4303101100,5403
4303101200,5404
4303101300,5405
4303101600,5406
4303101900,5407
4303102,5408
4303102100,5409
4303102200,5410
4303102600,5411
43031029,5412
4303102920,5413
4303102990,5414
4303900000,5415
4304001000,5416
4304002000,5417
4401110000,5418
4401120000,5419
4401210000,5420
4401221000,5421
4401229000,5422
4401310000,5423
4401320000,5424
4401390000,5425
4401410000,5426
4401490000,5427
4402101000,5428
4402109000,5429
4402201000,5430
4402209000,5431
44029010,5432
4402901010,5433
4402901090,5434
44029090,5435
4402909010,5436
4402909090,5437
4403110000,5438
4403121000,5439
4403129000,5440
4403211000,5441
4403212000,5442
4403219000,5443
4403221000,5444
4403222000,5445
4403229000,5446
4403231000,5447
4403232000,5448
4403241000,5449
4403242000,5450
4403251000,5451
44032520,5452
4403252010,5453
4403252020,5454
4403252090,5455
4403254000,5456
4403255000,5457
4403259000,5458
4403261000,5459
44032620,5460
4403262010,5461
4403262020,5462
4403262090,5463
4403264000,5464
4403265000,5465
4403269000,5466
4403410000,5467
4403420000,5468
4403491000,5469
4403492000,5470
4403493000,5471
4403494000,5472
4403495000,5473
4403499000,5474
4403910000,5475
4403930000,5476
4403940000,5477
4403950000,5478
4403960000,5479
4403971000,5480
4403972000,5481
4403980000,5482
44039910,5483
4403991010,5484
4403991020,5485
4403991040,5486
4403991050,5487
4403991090,5488
4403992000,5489
44039930,5490
4403993030,5491
4403993040,5492
4403993060,5493
4403994000,5494
4403999000,5495
4404100000,5496
4404200000,5497
4405000000,5498
4406110000,5499
4406120000,5500
4406910000,5501
4406920000,5502
44071110,5503
4407111010,5504
4407111020,5505
4407111090,5506
4407112000,5507
4407119000,5508
4407121000,5509
44071220,5510
4407122010,5511
4407122020,5512
4407122090,5513
4407131000,5514
4407132000,5515
4407139000,5516
4407140000,5517
4407191000,5518
44071920,5519
4407192010,5520
4407192020,5521
4407192090,5522
4407193000,5523
4407194000,5524
4407195000,5525
4407199000,5526
4407210000,5527
4407220000,5528
4407230000,5529
4407250000,5530
4407260000,5531
4407270000,5532
4407280000,5533
4407291000,5534
4407293000,5535
4407299000,5536
4407910000,5537
4407920000,5538
4407930000,5539
4407940000,5540
4407950000,5541
4407960000,5542
4407971000,5543
4407972000,5544
44079910,5545
4407991010,5546
4407991020,5547
4407991040,5548
4407991090,5549
4407992000,5550
44079930,5551
4407993040,5552
4407993060,5553
4407994000,5554
4407999000,5555
4408106000,5556
4408109,5557
4408109100,5558
4408109200,5559
44081099,5560
4408109910,5561
4408109920,5562
4408109950,5563
4408109960,5564
4408109990,5565
4408313000,5566
44083190,5567
440831901,5568
4408319011,5569
4408319012,5570
4408319019,5571
440831902,5572
4408319021,5573
4408319022,5574
4408319029,5575
4408396000,5576
44083990,5577
440839901,5578
4408399011,5579
4408399012,5580
4408399019,5581
440839902,5582
4408399021,5583
4408399022,5584
4408399029,5585
440839903,5586
4408399031,5587
4408399032,5588
4408399039,5589
440839904,5590
4408399041,5591
4408399042,5592
4408399049,5593
440839905,5594
4408399051,5595
4408399052,5596
4408399059,5597
440839909,5598
4408399091,5599
4408399092,5600
4408399099,5601
4408901000,5602
4408909,5603
44089091,5604
4408909150,5605
4408909160,5606
440890919,5607
4408909191,5608
4408909192,5609
4408909193,5610
4408909194,5611
4408909195,5612
4408909199,5613
44089092,5614
4408909210,5615
4408909220,5616
4408909290,5617
44089093,5618
4408909370,5619
4408909380,5620
440890939,5621
4408909391,5622
4408909392,5623
4408909393,5624
4408909394,5625
4408909395,5626
4408909396,5627
44089094,5628
4408909410,5629
4408909420,5630
4408909490,5631
44089099,5632
4408909910,5633
4408909920,5634
4408909990,5635
4409101000,5636
4409102000,5637
4409109000,5638
4409210000,5639
4409221000,5640
4409222000,5641
4409229000,5642
4409291000,5643
4409292000,5644
4409299000,5645
4410111000,5646
4410112000,5647
4410119000,5648
4410121000,5649
4410129000,5650
4410191000,5651
4410199000,5652
4410900000,5653
4411121000,5654
4411129000,5655
4411131000,5656
4411139000,5657
4411141000,5658
44111490,5659
4411149010,5660
4411149090,5661
4411921000,5662
44119290,5663
4411929010,5664
4411929090,5665
4411931000,5666
44119390,5667
4411939010,5668
4411939090,5669
4411941000,5670
4411949000,5671
44121010,5672
4412101010,5673
4412101020,5674
4412102000,5675
44121090,5676
4412109010,5677
4412109090,5678
4412311000,5679
44123120,5680
4412312010,5681
4412312090,5682
4412313000,5683
44123140,5684
441231401,5685
4412314011,5686
4412314019,5687
441231402,5688
4412314021,5689
4412314029,5690
44123150,5691
4412315010,5692
4412315090,5693
44123160,5694
4412316010,5695
4412316090,5696
44123170,5697
4412317010,5698
4412317090,5699
4412331000,5700
4412332000,5701
4412333000,5702
44123340,5703
4412334010,5704
4412334020,5705
4412335000,5706
4412336000,5707
4412337000,5708
4412341000,5709
4412342000,5710
4412343000,5711
44123440,5712
4412344010,5713
4412344020,5714
4412345000,5715
4412346000,5716
4412347000,5717
4412391000,5718
4412399000,5719
4412411000,5720
4412419000,5721
4412421000,5722
4412429000,5723
4412491000,5724
4412499000,5725
4412510000,5726
4412520000,5727
4412590000,5728
4412911000,5729
4412919,5730
44129191,5731
4412919110,5732
4412919190,5733
44129199,5734
4412919910,5735
4412919990,5736
4412921000,5737
4412929,5738
44129291,5739
4412929110,5740
4412929190,5741
44129299,5742
4412929910,5743
4412929990,5744
4412991000,5745
4412999,5746
44129991,5747
4412999110,5748
4412999190,5749
44129999,5750
4412999910,5751
4412999990,5752
4413000000,5753
4414100000,5754
4414900000,5755
4415100000,5756
4415200000,5757
4416000000,5758
4417000000,5759
4418110000,5760
4418190000,5761
4418210000,5762
4418290000,5763
4418300000,5764
4418400000,5765
4418500000,5766
4418731000,5767
4418739000,5768
4418741000,5769
4418749000,5770
4418751000,5771
4418759000,5772
4418791000,5773
4418799000,5774
4418810000,5775
4418820000,5776
4418830000,5777
4418890000,5778
4418910000,5779
4418920000,5780
4418992000,5781
4418999000,5782
4419110000,5783
4419120000,5784
4419190000,5785
4419201000,5786
4419202000,5787
4419203000,5788
4419209000,5789
4419901000,5790
4419902000,5791
4419903000,5792
4419909000,5793
4420110000,5794
4420190000,5795
4420902000,5796
44209090,5797
4420909010,5798
4420909020,5799
4420909090,5800
4421100000,5801
4421200000,5802
4421913000,5803
4421915000,5804
4421919000,5805
4421991000,5806
4421993000,5807
4421994000,5808
4421995000,5809
4421999000,5810
4501100000,5811
4501900000,5812
4502000000,5813
4503100000,5814
4503900000,5815
4504100000,5816
4504900000,5817
4601211000,5818
4601212000,5819
4601220000,5820
4601290000,5821
4601920000,5822
4601930000,5823
4601940000,5824
4601990000,5825
4602111000,5826
4602119000,5827
4602120000,5828
4602191000,5829
4602199000,5830
4602900000,5831
4701001000,5832
4701002000,5833
4702000000,5834
4703110000,5835
4703190000,5836
4703211000,5837
4703212000,5838
4703291000,5839
4703292000,5840
4704110000,5841
4704190000,5842
4704210000,5843
4704290000,5844
4705000000,5845
4706100000,5846
4706200000,5847
4706300000,5848
4706911000,5849
4706912000,5850
4706921000,5851
4706922000,5852
4706931000,5853
4706932000,5854
4707100000,5855
4707200000,5856
4707300000,5857
4707900000,5858
4801000000,5859
4802100000,5860
4802200000,5861
4802400000,5862
48025410,5863
4802541010,5864
4802541090,5865
48025490,5866
4802549010,5867
4802549090,5868
48025510,5869
4802551010,5870
4802551020,5871
4802551030,5872
4802551090,5873
48025590,5874
4802559010,5875
4802559090,5876
48025610,5877
4802561010,5878
4802561020,5879
4802561090,5880
48025690,5881
4802569010,5882
4802569090,5883
48025710,5884
4802571010,5885
4802571020,5886
4802571090,5887
48025790,5888
4802579010,5889
4802579090,5890
48025810,5891
4802581010,5892
4802581090,5893
48025820,5894
4802582010,5895
4802582090,5896
48025890,5897
4802589010,5898
4802589090,5899
48026110,5900
4802611010,5901
4802611090,5902
48026190,5903
4802619010,5904
4802619090,5905
48026210,5906
4802621010,5907
4802621020,5908
4802621090,5909
48026290,5910
4802629010,5911
4802629090,5912
48026910,5913
4802691010,5914
4802691020,5915
4802691090,5916
48026990,5917
4802699010,5918
4802699090,5919
4803001000,5920
4803002000,5921
4803009000,5922
4804110000,5923
4804190000,5924
4804210000,5925
4804290000,5926
4804311000,5927
4804312000,5928
4804313000,5929
4804319000,5930
4804391000,5931
4804392000,5932
4804393000,5933
4804399000,5934
4804412000,5935
4804419000,5936
4804421000,5937
4804429000,5938
4804491000,5939
4804499000,5940
4804510000,5941
4804523000,5942
4804529000,5943
4804590000,5944
4805110000,5945
4805120000,5946
4805190000,5947
4805241000,5948
4805249000,5949
4805251000,5950
4805259000,5951
4805300000,5952
4805400000,5953
4805500000,5954
4805911000,5955
48059190,5956
4805919010,5957
4805919090,5958
4805921000,5959
4805929000,5960
4805931000,5961
4805939000,5962
4806100000,5963
4806200000,5964
4806300000,5965
4806401000,5966
4806409000,5967
4807000000,5968
4808100000,5969
4808401000,5970
4808409000,5971
4808900000,5972
4809201000,5973
4809202000,5974
4809901000,5975
48099020,5976
4809902010,5977
4809902090,5978
4809904000,5979
4809909000,5980
4810131000,5981
4810139000,5982
4810140000,5983
4810191000,5984
4810199000,5985
4810220000,5986
4810290000,5987
4810319000,5988
4810321000,5989
4810322000,5990
4810329000,5991
4810390000,5992
48109210,5993
4810921010,5994
4810921090,5995
4810929000,5996
4810992000,5997
4810999000,5998
4811100000,5999
4811410000,6000
4811490000,6001
4811511000,6002
48115190,6003
481151901,6004
4811519011,6005
4811519019,6006
4811519090,6007
4811590000,6008
4811600000,6009
4811901000,6010
48119020,6011
4811902010,6012
4811902090,6013
4812000000,6014
4813100000,6015
4813200000,6016
4813900000,6017
4814201000,6018
4814209000,6019
48149010,6020
4814901010,6021
4814901090,6022
4814909000,6023
4816200000,6024
4816901000,6025
48169020,6026
4816902010,6027
4816902090,6028
4816903000,6029
4816904000,6030
4816905000,6031
4816909000,6032
4817100000,6033
4817200000,6034
4817300000,6035
4818100000,6036
4818200000,6037
4818300000,6038
4818500000,6039
4818900000,6040
4819100000,6041
4819200000,6042
4819300000,6043
4819400000,6044
4819501000,6045
4819509000,6046
4819600000,6047
4820100000,6048
4820200000,6049
4820300000,6050
4820400000,6051
4820500000,6052
4820900000,6053
4821100000,6054
4821900000,6055
4822100000,6056
4822900000,6057
4823200000,6058
4823400000,6059
4823610000,6060
4823690000,6061
4823700000,6062
48239010,6063
4823901010,6064
4823901090,6065
4823902000,6066
48239030,6067
482390301,6068
4823903011,6069
4823903019,6070
482390302,6071
4823903021,6072
4823903029,6073
4823903090,6074
4823905000,6075
48239090,6076
482390901,6077
4823909011,6078
4823909019,6079
4823909090,6080
4901101000,6081
4901109000,6082
4901911000,6083
4901919000,6084
4901991000,6085
4901999000,6086
49021010,6087
4902101010,6088
4902101090,6089
4902109000,6090
49029010,6091
4902901010,6092
4902901090,6093
49029090,6094
4902909010,6095
4902909090,6096
4903000000,6097
4904000000,6098
4905201000,6099
4905209000,6100
4905900000,6101
4906001000,6102
4906002000,6103
4906009000,6104
4907001000,6105
4907002000,6106
4907009000,6107
4908100000,6108
4908901000,6109
4908909000,6110
4909000000,6111
4910001000,6112
4910009000,6113
4911100000,6114
4911911000,6115
4911919000,6116
4911990000,6117
5001000000,6118
50020010,6119
5002001010,6120
5002001020,6121
5002001030,6122
5002001040,6123
5002001050,6124
5002002000,6125
5002009000,6126
5003001000,6127
5003009000,6128
5004000000,6129
5005000000,6130
5006000000,6131
5007100000,6132
5007201000,6133
50072020,6134
5007202010,6135
5007202020,6136
5007202030,6137
5007202090,6138
5007209000,6139
5007901000,6140
5007902000,6141
5007903000,6142
5007904000,6143
5007909000,6144
5101110000,6145
5101190000,6146
5101210000,6147
5101290000,6148
5101300000,6149
5102110000,6150
5102190000,6151
5102200000,6152
5103100000,6153
5103200000,6154
5103300000,6155
5104000000,6156
5105100000,6157
5105210000,6158
5105290000,6159
5105310000,6160
5105390000,6161
5105400000,6162
5106101000,6163
5106109000,6164
5106201000,6165
5106202000,6166
5106204000,6167
5106209000,6168
5107101000,6169
5107102000,6170
5107109000,6171
5107201000,6172
5107202000,6173
5107203000,6174
5107209000,6175
5108100000,6176
5108200000,6177
5109101000,6178
5109109000,6179
5109901000,6180
5109909000,6181
5110000000,6182
5111111000,6183
5111112000,6184
5111191000,6185
5111192000,6186
5111200000,6187
5111300000,6188
5111900000,6189
5112111000,6190
5112112000,6191
5112191000,6192
5112192000,6193
5112200000,6194
5112300000,6195
5112900000,6196
5113000000,6197
5201001000,6198
52010090,6199
5201009010,6200
5201009020,6201
5201009030,6202
5201009050,6203
5201009060,6204
5202100000,6205
5202910000,6206
5202990000,6207
5203000000,6208
5204110000,6209
5204190000,6210
5204200000,6211
5205111000,6212
5205119000,6213
52051210,6214
5205121010,6215
5205121090,6216
5205129000,6217
5205131000,6218
5205139000,6219
5205141000,6220
5205149000,6221
5205150000,6222
5205210000,6223
5205221000,6224
5205229000,6225
5205231000,6226
5205239000,6227
5205241000,6228
5205249000,6229
5205260000,6230
5205270000,6231
5205280000,6232
5205310000,6233
52053210,6234
5205321010,6235
5205321090,6236
5205329000,6237
5205330000,6238
5205340000,6239
5205350000,6240
5205410000,6241
5205420000,6242
5205430000,6243
5205440000,6244
5205460000,6245
5205470000,6246
5205480000,6247
5206111000,6248
5206119000,6249
5206121000,6250
5206129000,6251
5206130000,6252
5206140000,6253
5206150000,6254
5206210000,6255
5206221000,6256
5206229000,6257
5206231000,6258
5206239000,6259
5206241000,6260
5206249000,6261
5206250000,6262
5206310000,6263
5206320000,6264
5206330000,6265
5206340000,6266
5206350000,6267
5206410000,6268
5206420000,6269
5206430000,6270
5206440000,6271
5206450000,6272
5207100000,6273
5207900000,6274
5208110000,6275
5208120000,6276
5208130000,6277
5208190000,6278
5208210000,6279
5208220000,6280
5208230000,6281
5208290000,6282
5208310000,6283
5208320000,6284
5208330000,6285
5208390000,6286
5208410000,6287
5208420000,6288
5208430000,6289
5208490000,6290
5208510000,6291
5208520000,6292
5208591000,6293
5208599000,6294
5209110000,6295
5209120000,6296
5209190000,6297
5209210000,6298
5209220000,6299
5209290000,6300
5209310000,6301
5209320000,6302
5209390000,6303
5209410000,6304
5209420000,6305
5209430000,6306
5209490000,6307
5209510000,6308
5209520000,6309
5209590000,6310
5210110000,6311
5210190000,6312
5210210000,6313
5210290000,6314
5210310000,6315
5210320000,6316
5210390000,6317
5210410000,6318
5210490000,6319
5210510000,6320
5210590000,6321
5211110000,6322
5211120000,6323
5211190000,6324
5211200000,6325
5211310000,6326
5211320000,6327
5211390000,6328
5211410000,6329
5211420000,6330
5211430000,6331
5211490000,6332
5211510000,6333
5211520000,6334
5211590000,6335
5212110000,6336
5212120000,6337
5212130000,6338
5212140000,6339
5212150000,6340
5212210000,6341
5212220000,6342
5212230000,6343
5212240000,6344
5212250000,6345
5301100000,6346
5301210000,6347
5301290000,6348
5301301000,6349
5301302000,6350
5302100000,6351
5302901000,6352
53029020,6353
5302902010,6354
5302902020,6355
5303101000,6356
5303102000,6357
53039010,6358
5303901010,6359
5303901090,6360
53039090,6361
5303909010,6362
5303909090,6363
5305001000,6364
5305002000,6365
5305003000,6366
5305009000,6367
5306101000,6368
5306102000,6369
5306201000,6370
5306202000,6371
5307101000,6372
5307109000,6373
5307201000,6374
5307209000,6375
5308100000,6376
5308200000,6377
5308901000,6378
5308909000,6379
5309110000,6380
5309190000,6381
5309210000,6382
5309290000,6383
5310100000,6384
5310900000,6385
5311001000,6386
5311002000,6387
5311009000,6388
5401101000,6389
5401102000,6390
5401109000,6391
5401201000,6392
5401209000,6393
5402110000,6394
54021910,6395
540219101,6396
5402191011,6397
5402191012,6398
5402191019,6399
540219102,6400
5402191021,6401
5402191029,6402
5402191090,6403
5402199000,6404
5402200000,6405
54023110,6406
5402311010,6407
5402311020,6408
5402311090,6409
5402319000,6410
54023210,6411
5402321010,6412
5402321020,6413
5402321090,6414
5402329000,6415
5402331000,6416
5402339000,6417
5402340000,6418
5402390000,6419
5402440000,6420
54024510,6421
5402451010,6422
5402451020,6423
5402451090,6424
5402459000,6425
5402461000,6426
5402469000,6427
5402471000,6428
5402479000,6429
5402480000,6430
5402491000,6431
5402499000,6432
5402510000,6433
5402520000,6434
5402530000,6435
5402591000,6436
5402599000,6437
5402610000,6438
5402620000,6439
5402630000,6440
5402691000,6441
5402692000,6442
5402699000,6443
5403100000,6444
5403310000,6445
5403320000,6446
5403331000,6447
5403339000,6448
5403390000,6449
5403411000,6450
5403419000,6451
5403420000,6452
5403490000,6453
5404110000,6454
5404120000,6455
5404191000,6456
5404199000,6457
5404901000,6458
5404909000,6459
5405000000,6460
5406001000,6461
5406002000,6462
5407101000,6463
5407102000,6464
5407200000,6465
5407300000,6466
5407410000,6467
5407420000,6468
5407430000,6469
5407440000,6470
5407510000,6471
5407520000,6472
5407530000,6473
5407540000,6474
5407611000,6475
5407612000,6476
5407613000,6477
5407614000,6478
5407691000,6479
5407692000,6480
5407693000,6481
5407694000,6482
5407710000,6483
5407720000,6484
5407730000,6485
5407740000,6486
5407811000,6487
5407812000,6488
5407813000,6489
5407819000,6490
5407821000,6491
5407822000,6492
5407823000,6493
5407829000,6494
5407831000,6495
5407832000,6496
5407833000,6497
5407839000,6498
5407841000,6499
5407842000,6500
5407843000,6501
5407849000,6502
5407911000,6503
5407912000,6504
5407913000,6505
5407919000,6506
5407921000,6507
5407922000,6508
5407923000,6509
5407929000,6510
5407931000,6511
5407932000,6512
5407933000,6513
5407939000,6514
5407941000,6515
5407942000,6516
5407943000,6517
5407949000,6518
5408100000,6519
5408210000,6520
5408220000,6521
5408230000,6522
5408240000,6523
5408310000,6524
5408320000,6525
5408330000,6526
5408340000,6527
5501110000,6528
5501190000,6529
5501200000,6530
5501300000,6531
5501400000,6532
5501900000,6533
5502101000,6534
5502102000,6535
5502900000,6536
5503110000,6537
5503190000,6538
5503201000,6539
5503209000,6540
5503301000,6541
5503302000,6542
5503400000,6543
5503900000,6544
5504101000,6545
5504102000,6546
5504109000,6547
5504902000,6548
5504909000,6549
5505100000,6550
5505200000,6551
5506100000,6552
5506200000,6553
5506300000,6554
5506400000,6555
5506900000,6556
5507000000,6557
5508102000,6558
5508109000,6559
5508200000,6560
5509111000,6561
5509119000,6562
5509121000,6563
5509129000,6564
5509211000,6565
5509219000,6566
5509221000,6567
5509229000,6568
5509311000,6569
5509312000,6570
5509321000,6571
5509322000,6572
5509410000,6573
5509420000,6574
5509510000,6575
5509520000,6576
5509530000,6577
5509590000,6578
5509611000,6579
5509612000,6580
5509621000,6581
5509622000,6582
55096910,6583
5509691010,6584
5509691020,6585
55096920,6586
5509692010,6587
5509692020,6588
5509911000,6589
5509919000,6590
5509920000,6591
5509990000,6592
5510111000,6593
5510119000,6594
5510121000,6595
5510129000,6596
5510201000,6597
5510209000,6598
5510301000,6599
5510309000,6600
5510901000,6601
5510909000,6602
5511100000,6603
5511200000,6604
5511300000,6605
5512110000,6606
5512191000,6607
5512192000,6608
5512193000,6609
5512210000,6610
5512290000,6611
5512911000,6612
5512919000,6613
5512991000,6614
5512999000,6615
5513110000,6616
5513120000,6617
5513130000,6618
5513190000,6619
5513210000,6620
5513231000,6621
5513239000,6622
5513290000,6623
5513310000,6624
5513390000,6625
5513410000,6626
5513490000,6627
5514110000,6628
5514120000,6629
5514193000,6630
5514199000,6631
5514210000,6632
5514220000,6633
5514230000,6634
5514290000,6635
5514300000,6636
5514410000,6637
5514420000,6638
5514430000,6639
5514490000,6640
5515111000,6641
5515119000,6642
5515121000,6643
5515129000,6644
5515131000,6645
5515139000,6646
5515191000,6647
5515199000,6648
5515210000,6649
5515221000,6650
5515229000,6651
5515290000,6652
5515910000,6653
5515990000,6654
5516111000,6655
5516119000,6656
5516121000,6657
5516129000,6658
5516130000,6659
5516141000,6660
5516149000,6661
5516211000,6662
5516219000,6663
5516221000,6664
5516229000,6665
5516230000,6666
5516241000,6667
5516249000,6668
5516310000,6669
5516320000,6670
5516330000,6671
5516340000,6672
5516411000,6673
5516419000,6674
5516421000,6675
5516429000,6676
5516430000,6677
5516440000,6678
5516910000,6679
5516921000,6680
5516929000,6681
5516930000,6682
5516940000,6683
5601210000,6684
5601220000,6685
5601290000,6686
5601301000,6687
5601309000,6688
5602101000,6689
5602102000,6690
5602210000,6691
5602290000,6692
5602900000,6693
5603111000,6694
5603119000,6695
5603121000,6696
5603129000,6697
5603131000,6698
5603139000,6699
5603141000,6700
5603149000,6701
5603910000,6702
5603920000,6703
5603930000,6704
5603940000,6705
5604100000,6706
5604902000,6707
5604909000,6708
5605000000,6709
5606001000,6710
5606002000,6711
5606003000,6712
5606009000,6713
5607210000,6714
5607290000,6715
5607410000,6716
5607490000,6717
5607500000,6718
5607901000,6719
5607909000,6720
56081110,6721
560811101,6722
5608111011,6723
5608111012,6724
5608111013,6725
5608111020,6726
5608111090,6727
5608119000,6728
5608191000,6729
5608199000,6730
5608900000,6731
5609001000,6732
5609002000,6733
5609003000,6734
5609009000,6735
5701100000,6736
5701900000,6737
5702100000,6738
5702200000,6739
5702310000,6740
5702320000,6741
5702390000,6742
5702410000,6743
5702420000,6744
5702490000,6745
5702500000,6746
5702910000,6747
5702920000,6748
5702990000,6749
5703100000,6750
5703210000,6751
5703290000,6752
5703310000,6753
5703390000,6754
5703900000,6755
5704100000,6756
5704200000,6757
5704900000,6758
5705000000,6759
5801100000,6760
5801210000,6761
5801220000,6762
5801230000,6763
5801260000,6764
5801270000,6765
5801310000,6766
5801320000,6767
5801330000,6768
5801360000,6769
5801370000,6770
5801900000,6771
5802100000,6772
5802200000,6773
5802300000,6774
5803000000,6775
5804103000,6776
5804109000,6777
5804210000,6778
5804292000,6779
5804299000,6780
5804300000,6781
5805000000,6782
5806103000,6783
5806109000,6784
5806200000,6785
5806310000,6786
5806320000,6787
5806390000,6788
5806400000,6789
5807101000,6790
5807109000,6791
5807901000,6792
5807909000,6793
5808100000,6794
5808900000,6795
5809000000,6796
5810100000,6797
5810910000,6798
5810920000,6799
5810990000,6800
5811004000,6801
5811009000,6802
5901100000,6803
5901901000,6804
5901902000,6805
5901903000,6806
5902100000,6807
5902200000,6808
5902900000,6809
5903100000,6810
5903200000,6811
5903900000,6812
5904100000,6813
5904900000,6814
5905000000,6815
5906100000,6816
5906910000,6817
5906990000,6818
5907001000,6819
5907002000,6820
5907009000,6821
5908001000,6822
5908009000,6823
5909000000,6824
5910000000,6825
5911100000,6826
5911200000,6827
5911310000,6828
5911320000,6829
5911400000,6830
5911900000,6831
6001101000,6832
6001102000,6833
6001109000,6834
6001210000,6835
6001220000,6836
6001290000,6837
6001910000,6838
6001920000,6839
6001990000,6840
6002400000,6841
6002900000,6842
6003100000,6843
6003200000,6844
6003300000,6845
6003400000,6846
6003900000,6847
6004100000,6848
6004900000,6849
6005210000,6850
6005220000,6851
6005230000,6852
6005240000,6853
6005351000,6854
6005352000,6855
6005353000,6856
6005354000,6857
6005360000,6858
6005370000,6859
6005380000,6860
6005390000,6861
6005410000,6862
6005420000,6863
6005430000,6864
6005440000,6865
6005900000,6866
6006100000,6867
6006210000,6868
6006220000,6869
6006230000,6870
6006240000,6871
6006310000,6872
6006320000,6873
6006330000,6874
6006340000,6875
6006410000,6876
6006420000,6877
6006430000,6878
6006440000,6879
6006900000,6880
6101200000,6881
6101301000,6882
6101302000,6883
6101900000,6884
6102100000,6885
6102200000,6886
6102301000,6887
6102302000,6888
6102900000,6889
6103101000,6890
6103102000,6891
6103109000,6892
6103220000,6893
6103230000,6894
6103290000,6895
6103310000,6896
6103320000,6897
6103330000,6898
6103390000,6899
6103410000,6900
6103420000,6901
6103430000,6902
6103490000,6903
6104130000,6904
6104191000,6905
6104199000,6906
6104220000,6907
6104230000,6908
6104290000,6909
6104310000,6910
6104320000,6911
6104330000,6912
6104390000,6913
6104410000,6914
6104420000,6915
6104430000,6916
6104440000,6917
6104491000,6918
6104499000,6919
6104510000,6920
6104520000,6921
6104530000,6922
6104590000,6923
6104610000,6924
6104620000,6925
6104630000,6926
6104690000,6927
6105100000,6928
6105201000,6929
6105202000,6930
6105900000,6931
6106100000,6932
6106201000,6933
6106202000,6934
6106900000,6935
6107110000,6936
6107121000,6937
6107122000,6938
6107190000,6939
6107210000,6940
6107221000,6941
6107222000,6942
6107290000,6943
6107910000,6944
6107990000,6945
6108111000,6946
6108112000,6947
6108190000,6948
6108210000,6949
6108221000,6950
6108222000,6951
6108290000,6952
6108310000,6953
6108321000,6954
6108322000,6955
6108390000,6956
6108910000,6957
6108921000,6958
6108922000,6959
6108990000,6960
6109101000,6961
6109109000,6962
61099010,6963
6109901010,6964
6109901090,6965
61099020,6966
6109902010,6967
6109902090,6968
61099030,6969
6109903010,6970
6109903090,6971
61099090,6972
6109909010,6973
6109909090,6974
6110110000,6975
6110120000,6976
6110190000,6977
6110200000,6978
6110301000,6979
6110302000,6980
6110901000,6981
6110909000,6982
6111201000,6983
6111202000,6984
6111301000,6985
6111302000,6986
6111901000,6987
6111902000,6988
6112110000,6989
6112120000,6990
6112190000,6991
6112200000,6992
6112310000,6993
6112390000,6994
6112410000,6995
6112490000,6996
6113001000,6997
6113002000,6998
6113003000,6999
6114200000,7000
6114301000,7001
6114302000,7002
6114900000,7003
6115100000,7004
6115210000,7005
6115220000,7006
6115290000,7007
6115300000,7008
6115940000,7009
6115950000,7010
6115960000,7011
6115990000,7012
6116100000,7013
6116910000,7014
6116921000,7015
6116929000,7016
6116930000,7017
6116990000,7018
6117101000,7019
6117102000,7020
6117103000,7021
6117104000,7022
6117109000,7023
6117800000,7024
6117900000,7025
6201201000,7026
6201209000,7027
6201301000,7028
6201309000,7029
62014010,7030
6201401010,7031
6201401090,7032
62014090,7033
6201409010,7034
6201409090,7035
6201901000,7036
6201909000,7037
6202201000,7038
6202209000,7039
6202301000,7040
6202309000,7041
62024010,7042
6202401010,7043
6202401090,7044
62024090,7045
6202409010,7046
6202409090,7047
6202901000,7048
6202909000,7049
6203110000,7050
6203120000,7051
6203190000,7052
6203220000,7053
6203230000,7054
6203290000,7055
6203310000,7056
6203320000,7057
6203330000,7058
6203390000,7059
6203410000,7060
6203421000,7061
6203429000,7062
6203430000,7063
6203490000,7064
6204110000,7065
6204120000,7066
6204130000,7067
6204190000,7068
6204210000,7069
6204220000,7070
6204230000,7071
6204290000,7072
6204310000,7073
6204320000,7074
6204330000,7075
6204391000,7076
6204399000,7077
6204410000,7078
6204420000,7079
6204430000,7080
6204440000,7081
6204491000,7082
6204499000,7083
6204510000,7084
6204520000,7085
6204530000,7086
6204591000,7087
6204599000,7088
6204610000,7089
6204621000,7090
6204629000,7091
6204630000,7092
6204691000,7093
6204699000,7094
6205200000,7095
6205301000,7096
6205302000,7097
6205900000,7098
6206100000,7099
6206200000,7100
6206300000,7101
6206401000,7102
6206402000,7103
6206900000,7104
6207110000,7105
6207191000,7106
6207199000,7107
6207210000,7108
6207221000,7109
6207222000,7110
6207290000,7111
6207910000,7112
6207991000,7113
6207992000,7114
62079930,7115
6207993010,7116
6207993020,7117
6207999000,7118
6208111000,7119
6208112000,7120
6208190000,7121
6208210000,7122
6208221000,7123
6208222000,7124
6208290000,7125
6208910000,7126
6208921000,7127
6208922000,7128
6208990000,7129
6209201000,7130
6209202000,7131
6209301000,7132
6209302000,7133
6209901000,7134
6209902000,7135
6210101000,7136
6210102000,7137
62102010,7138
6210201010,7139
6210201020,7140
6210201030,7141
62102090,7142
6210209010,7143
6210209020,7144
6210209030,7145
62103010,7146
6210301010,7147
6210301020,7148
6210301030,7149
62103090,7150
6210309010,7151
6210309020,7152
6210309030,7153
6210401000,7154
6210402000,7155
6210403000,7156
6210501000,7157
6210502000,7158
6210503000,7159
6211111000,7160
6211119000,7161
6211121000,7162
6211129000,7163
6211201000,7164
6211209000,7165
6211321000,7166
6211329000,7167
6211331000,7168
6211332000,7169
6211391000,7170
6211399000,7171
6211421000,7172
6211429000,7173
6211431000,7174
6211432000,7175
6211491000,7176
6211499000,7177
6212101000,7178
6212102000,7179
6212109000,7180
6212201000,7181
6212202000,7182
6212209000,7183
6212300000,7184
6212900000,7185
6213200000,7186
6213900000,7187
6214100000,7188
6214200000,7189
6214300000,7190
6214400000,7191
6214900000,7192
6215100000,7193
6215200000,7194
6215900000,7195
6216001000,7196
6216009000,7197
6217100000,7198
6217900000,7199
6301100000,7200
6301200000,7201
6301300000,7202
6301400000,7203
6301900000,7204
6302101000,7205
6302109000,7206
6302210000,7207
6302220000,7208
6302290000,7209
6302310000,7210
6302320000,7211
6302390000,7212
6302400000,7213
6302510000,7214
6302530000,7215
6302590000,7216
6302600000,7217
6302910000,7218
6302930000,7219
6302990000,7220
6303120000,7221
6303190000,7222
6303910000,7223
6303920000,7224
6303990000,7225
6304110000,7226
6304190000,7227
6304200000,7228
6304910000,7229
6304920000,7230
6304930000,7231
6304990000,7232
6305100000,7233
6305200000,7234
6305320000,7235
6305330000,7236
6305390000,7237
6305900000,7238
6306120000,7239
6306190000,7240
6306220000,7241
6306290000,7242
6306300000,7243
6306400000,7244
6306901000,7245
6306902000,7246
6306909000,7247
6307100000,7248
6307200000,7249
6307901000,7250
6307902000,7251
6307903000,7252
63079040,7253
6307904010,7254
6307904020,7255
6307904030,7256
6307904090,7257
6307909000,7258
6308000000,7259
6309000000,7260
6310100000,7261
6310900000,7262
6401100000,7263
6401921000,7264
64019290,7265
6401929010,7266
6401929090,7267
64019910,7268
6401991010,7269
6401991090,7270
6401999000,7271
6402120000,7272
6402190000,7273
6402200000,7274
6402911000,7275
6402912000,7276
6402919000,7277
6402991000,7278
6402992000,7279
6402999000,7280
6403120000,7281
6403190000,7282
6403200000,7283
6403400000,7284
6403510000,7285
6403591000,7286
6403599000,7287
6403911000,7288
6403912000,7289
6403913000,7290
6403914000,7291
6403919000,7292
6403991000,7293
6403992000,7294
6403994000,7295
6403999000,7296
6404110000,7297
6404191000,7298
6404199000,7299
6404200000,7300
6405100000,7301
6405200000,7302
6405900000,7303
6406101000,7304
6406102000,7305
6406201000,7306
6406202000,7307
6406902000,7308
6406903000,7309
6406909000,7310
6501000000,7311
6502000000,7312
6504000000,7313
6505001000,7314
65050090,7315
650500901,7316
6505009011,7317
6505009019,7318
650500902,7319
6505009021,7320
6505009029,7321
6505009090,7322
6506100000,7323
6506910000,7324
6506990000,7325
6507000000,7326
6601100000,7327
6601910000,7328
6601992000,7329
6601999000,7330
6602001000,7331
6602009000,7332
6603200000,7333
6603900000,7334
6701000000,7335
6702100000,7336
6702901000,7337
6702909000,7338
6703001000,7339
6703009000,7340
6704110000,7341
6704191000,7342
6704194000,7343
6704199000,7344
6704201000,7345
6704202000,7346
6704205000,7347
6704209000,7348
6704900000,7349
6801000000,7350
6802100000,7351
6802211000,7352
6802212000,7353
6802213000,7354
6802230000,7355
6802291000,7356
6802299000,7357
6802911000,7358
6802912000,7359
6802913000,7360
6802920000,7361
6802930000,7362
6802990000,7363
6803000000,7364
6804100000,7365
6804210000,7366
6804221000,7367
6804229000,7368
6804230000,7369
6804300000,7370
6805100000,7371
6805200000,7372
6805300000,7373
6806101000,7374
6806102000,7375
6806103000,7376
6806109000,7377
6806201000,7378
6806202000,7379
6806204000,7380
6806209000,7381
6806901000,7382
6806909000,7383
6807100000,7384
6807900000,7385
6808000000,7386
6809110000,7387
6809190000,7388
6809900000,7389
6810111000,7390
6810112000,7391
6810191000,7392
6810192000,7393
6810199000,7394
6810910000,7395
6810992000,7396
6810993000,7397
6810999000,7398
6811400000,7399
6811810000,7400
6811820000,7401
6811890000,7402
6812800000,7403
6812910000,7404
6812990000,7405
6813200000,7406
6813810000,7407
6813891000,7408
6813899000,7409
6814100000,7410
6814900000,7411
6815110000,7412
6815120000,7413
6815131000,7414
6815139000,7415
6815191000,7416
6815199000,7417
6815200000,7418
6815910000,7419
6815990000,7420
6901001000,7421
6901002000,7422
6901003000,7423
69010090,7424
6901009010,7425
6901009090,7426
6902100000,7427
6902200000,7428
6902901000,7429
6902909000,7430
69031020,7431
6903102010,7432
6903102090,7433
6903105000,7434
6903109000,7435
6903202000,7436
6903205000,7437
6903207000,7438
6903209000,7439
6903901000,7440
69039090,7441
6903909020,7442
6903909070,7443
6903909080,7444
6903909090,7445
6904100000,7446
6904900000,7447
6905100000,7448
6905900000,7449
6906001000,7450
6906002000,7451
6907210000,7452
6907221000,7453
6907229000,7454
6907230000,7455
6907301000,7456
6907309000,7457
6907401000,7458
6907409000,7459
6909110000,7460
6909120000,7461
6909190000,7462
6909900000,7463
6910101000,7464
6910103000,7465
6910104000,7466
6910109000,7467
6910900000,7468
6911101000,7469
6911102000,7470
6911109000,7471
6911900000,7472
69120010,7473
6912001010,7474
6912001020,7475
6912001090,7476
6912002000,7477
6912003000,7478
6912009000,7479
6913100000,7480
6913900000,7481
6914101000,7482
6914109000,7483
6914901000,7484
6914909000,7485
7001001000,7486
7001002000,7487
7002100000,7488
7002201000,7489
7002209000,7490
7002311000,7491
7002319000,7492
7002320000,7493
7002390000,7494
7003121000,7495
7003122000,7496
7003123000,7497
7003124000,7498
7003125000,7499
7003126000,7500
7003127000,7501
7003191000,7502
7003192000,7503
7003193000,7504
7003194000,7505
7003195000,7506
7003196000,7507
7003197000,7508
7003200000,7509
7003300000,7510
7004201000,7511
7004202000,7512
7004203000,7513
7004204000,7514
7004205000,7515
7004206000,7516
7004207000,7517
7004901000,7518
7004902000,7519
7004903000,7520
7004904000,7521
7004905000,7522
7004906000,7523
7004907000,7524
70051010,7525
7005101010,7526
7005101020,7527
7005101030,7528
7005101040,7529
70051020,7530
7005102010,7531
7005102020,7532
7005102030,7533
7005102040,7534
70051090,7535
7005109010,7536
7005109020,7537
7005109030,7538
7005109040,7539
7005211000,7540
7005212000,7541
7005213000,7542
7005214000,7543
7005215000,7544
7005216000,7545
70052170,7546
7005217010,7547
7005217020,7548
7005217030,7549
70052910,7550
7005291010,7551
7005291020,7552
7005291030,7553
7005291040,7554
700529109,7555
7005291091,7556
7005291092,7557
7005291099,7558
70052920,7559
7005292010,7560
7005292020,7561
7005292030,7562
700529209,7563
7005292091,7564
7005292092,7565
7005292099,7566
70052930,7567
7005293010,7568
7005293020,7569
7005293090,7570
70052940,7571
7005294010,7572
7005294020,7573
7005294090,7574
70052950,7575
7005295010,7576
7005295020,7577
7005295090,7578
70052960,7579
7005296010,7580
7005296020,7581
7005296090,7582
70052970,7583
7005297010,7584
7005297020,7585
7005297090,7586
70052980,7587
7005298010,7588
7005298020,7589
7005298090,7590
70052990,7591
7005299010,7592
7005299020,7593
7005299090,7594
7005300000,7595
7006001000,7596
7006002000,7597
7006003000,7598
7006004000,7599
7006009000,7600
7007111000,7601
7007112000,7602
7007191000,7603
7007192000,7604
7007211000,7605
7007212000,7606
7007291000,7607
7007292000,7608
7008000000,7609
7009100000,7610
7009910000,7611
7009920000,7612
7010100000,7613
7010200000,7614
7010900000,7615
7011100000,7616
7011201000,7617
7011209000,7618
7011900000,7619
7013100000,7620
7013220000,7621
7013280000,7622
7013330000,7623
7013370000,7624
7013410000,7625
7013420000,7626
7013490000,7627
7013910000,7628
7013990000,7629
7014001000,7630
70140090,7631
7014009010,7632
7014009020,7633
7015100000,7634
7015901000,7635
7015902000,7636
7015909000,7637
7016100000,7638
7016901000,7639
70169090,7640
7016909010,7641
7016909020,7642
7016909090,7643
7017100000,7644
7017200000,7645
7017900000,7646
7018101000,7647
7018102000,7648
7018103000,7649
7018104000,7650
7018109000,7651
7018200000,7652
7018901000,7653
7018909000,7654
7019110000,7655
7019120000,7656
7019130000,7657
7019140000,7658
7019150000,7659
7019190000,7660
7019610000,7661
7019620000,7662
7019631000,7663
7019632000,7664
7019639000,7665
7019641000,7666
7019642000,7667
7019649000,7668
7019651000,7669
7019659000,7670
7019661000,7671
7019662000,7672
7019669000,7673
7019692000,7674
70196930,7675
7019693010,7676
7019693090,7677
7019699000,7678
7019710000,7679
7019720000,7680
7019730000,7681
7019801000,7682
7019809000,7683
7019900000,7684
70200010,7685
702000101,7686
7020001011,7687
7020001012,7688
7020001013,7689
7020001019,7690
7020001090,7691
7020009000,7692
7101100000,7693
7101210000,7694
7101220000,7695
7102100000,7696
7102210000,7697
7102290000,7698
7102310000,7699
7102390000,7700
7103100000,7701
7103911000,7702
71039190,7703
7103919010,7704
7103919020,7705
7103919030,7706
7103991000,7707
71039990,7708
7103999010,7709
7103999020,7710
7103999030,7711
7103999040,7712
7103999090,7713
7104100000,7714
7104210000,7715
7104290000,7716
7104911000,7717
7104919000,7718
7104991000,7719
71049990,7720
7104999010,7721
7104999090,7722
7105101000,7723
7105102000,7724
7105901000,7725
7105909000,7726
7106100000,7727
7106911000,7728
7106919000,7729
7106921000,7730
7106922000,7731
7106923000,7732
7106929000,7733
7107001000,7734
7107002000,7735
7107003000,7736
7107004000,7737
7107009000,7738
7108110000,7739
7108121000,7740
7108129000,7741
71081310,7742
7108131010,7743
7108131090,7744
71081390,7745
7108139010,7746
7108139020,7747
7108139090,7748
7108200000,7749
7109000000,7750
7110110000,7751
7110190000,7752
7110210000,7753
7110290000,7754
7110310000,7755
7110390000,7756
7110410000,7757
7110490000,7758
7111000000,7759
7112300000,7760
7112911000,7761
7112919000,7762
7112921000,7763
7112929000,7764
7112991000,7765
7112992000,7766
7112999000,7767
7113110000,7768
7113191000,7769
7113192000,7770
7113199000,7771
7113201000,7772
7113202000,7773
7113203000,7774
7113209000,7775
7114110000,7776
7114191000,7777
7114199000,7778
7114200000,7779
7115100000,7780
71159010,7781
7115901010,7782
7115901090,7783
71159090,7784
7115909010,7785
7115909020,7786
7115909090,7787
7116101000,7788
7116102000,7789
7116201000,7790
71162090,7791
7116209010,7792
7116209090,7793
7117110000,7794
7117191000,7795
7117192000,7796
7117193000,7797
7117194000,7798
7117195000,7799
7117196000,7800
7117199000,7801
7117900000,7802
7118100000,7803
7118901000,7804
7118902000,7805
7118909000,7806
7201101000,7807
7201102000,7808
7201109000,7809
7201200000,7810
7201500000,7811
7202110000,7812
7202190000,7813
7202210000,7814
7202291000,7815
7202299000,7816
7202300000,7817
7202410000,7818
7202490000,7819
7202500000,7820
7202600000,7821
7202700000,7822
7202800000,7823
7202910000,7824
7202920000,7825
7202930000,7826
7202991000,7827
7202999000,7828
7203100000,7829
7203900000,7830
7204100000,7831
7204210000,7832
7204290000,7833
7204300000,7834
7204410000,7835
7204490000,7836
7204500000,7837
7205101000,7838
7205102000,7839
7205109000,7840
7205210000,7841
7205290000,7842
7206100000,7843
7206900000,7844
7207111000,7845
7207112000,7846
7207121000,7847
7207122000,7848
7207190000,7849
7207201000,7850
7207202000,7851
7207203000,7852
7207209000,7853
7208101000,7854
7208109000,7855
7208251000,7856
7208259000,7857
7208261000,7858
7208269000,7859
7208271000,7860
7208279000,7861
7208361000,7862
7208369000,7863
7208371000,7864
7208379000,7865
7208381000,7866
7208389000,7867
7208391000,7868
7208399000,7869
7208400000,7870
7208511000,7871
7208519000,7872
7208521000,7873
7208529000,7874
7208531000,7875
7208539000,7876
7208541000,7877
7208549000,7878
7208900000,7879
7209151000,7880
7209159000,7881
7209161000,7882
7209169000,7883
7209171000,7884
7209179000,7885
7209181000,7886
7209189000,7887
7209251000,7888
7209259000,7889
7209261000,7890
7209269000,7891
7209271000,7892
7209279000,7893
7209281000,7894
7209289000,7895
7209900000,7896
7210110000,7897
7210120000,7898
7210200000,7899
7210301000,7900
7210309000,7901
7210410000,7902
72104910,7903
7210491010,7904
7210491090,7905
72104990,7906
7210499010,7907
7210499090,7908
7210500000,7909
7210610000,7910
7210690000,7911
7210701000,7912
7210702000,7913
7210901000,7914
7210902000,7915
7210909000,7916
7211130000,7917
7211141000,7918
7211149000,7919
7211191000,7920
7211199000,7921
7211231000,7922
7211239000,7923
7211291000,7924
7211299000,7925
7211901000,7926
7211909000,7927
7212101000,7928
7212102000,7929
7212201000,7930
7212209000,7931
72123010,7932
7212301010,7933
7212301090,7934
72123090,7935
7212309010,7936
7212309090,7937
7212401000,7938
7212402000,7939
7212501000,7940
7212502000,7941
7212509000,7942
7212600000,7943
7213100000,7944
7213200000,7945
72139110,7946
7213911010,7947
7213911090,7948
7213919000,7949
72139910,7950
7213991010,7951
7213991090,7952
7213999000,7953
7214100000,7954
7214201000,7955
7214209000,7956
7214300000,7957
7214910000,7958
7214991000,7959
7214999000,7960
7215100000,7961
7215500000,7962
7215900000,7963
7216101000,7964
7216102000,7965
7216103000,7966
7216210000,7967
7216220000,7968
7216310000,7969
7216320000,7970
7216333000,7971
7216334000,7972
7216335000,7973
7216401000,7974
7216402000,7975
7216500000,7976
7216610000,7977
7216690000,7978
7216910000,7979
7216990000,7980
7217100000,7981
7217200000,7982
7217301000,7983
7217309000,7984
7217900000,7985
7218101000,7986
7218109000,7987
7218911000,7988
7218912000,7989
7218919000,7990
7218991000,7991
7218992000,7992
7218999000,7993
72191110,7994
7219111010,7995
7219111090,7996
7219119000,7997
72191210,7998
7219121010,7999
7219121090,8000
7219129000,8001
72191310,8002
7219131010,8003
7219131090,8004
7219139000,8005
72191410,8006
7219141010,8007
7219141090,8008
7219149000,8009
72192110,8010
7219211010,8011
7219211090,8012
7219219000,8013
72192210,8014
7219221010,8015
7219221090,8016
7219229000,8017
72192310,8018
7219231010,8019
7219231090,8020
7219239000,8021
72192410,8022
7219241010,8023
7219241090,8024
7219249000,8025
72193110,8026
7219311010,8027
7219311090,8028
7219319000,8029
72193210,8030
7219321010,8031
7219321090,8032
7219329000,8033
72193310,8034
7219331010,8035
7219331090,8036
7219339000,8037
72193410,8038
7219341010,8039
7219341090,8040
7219349000,8041
72193510,8042
7219351010,8043
7219351090,8044
7219359000,8045
72199010,8046
7219901010,8047
7219901090,8048
7219909000,8049
72201110,8050
7220111010,8051
7220111090,8052
7220119000,8053
72201210,8054
7220121010,8055
7220121090,8056
7220129000,8057
72202010,8058
7220201010,8059
7220201090,8060
7220209000,8061
72209010,8062
7220901010,8063
7220901090,8064
7220909000,8065
7221000000,8066
7222110000,8067
7222190000,8068
7222200000,8069
7222300000,8070
7222400000,8071
7223000000,8072
7224101000,8073
7224109000,8074
7224901000,8075
7224902000,8076
7224903000,8077
7224904000,8078
7224909000,8079
7225110000,8080
7225190000,8081
7225301000,8082
72253090,8083
7225309010,8084
722530909,8085
7225309091,8086
7225309092,8087
7225309099,8088
7225401000,8089
72254090,8090
7225409010,8091
722540909,8092
7225409091,8093
7225409092,8094
7225409099,8095
7225501000,8096
7225509000,8097
7225911000,8098
72259190,8099
7225919010,8100
7225919090,8101
7225921000,8102
72259290,8103
722592901,8104
7225929011,8105
7225929019,8106
722592909,8107
7225929091,8108
7225929099,8109
7225991000,8110
7225999000,8111
7226110000,8112
7226190000,8113
7226200000,8114
7226911000,8115
7226912000,8116
7226919000,8117
7226920000,8118
7226991000,8119
7226992000,8120
7226993000,8121
7226999000,8122
7227100000,8123
7227200000,8124
7227901000,8125
72279090,8126
7227909010,8127
7227909020,8128
7227909090,8129
7228100000,8130
7228200000,8131
7228301000,8132
7228309000,8133
7228401000,8134
7228409000,8135
7228500000,8136
7228601000,8137
7228609000,8138
72287010,8139
7228701010,8140
7228701090,8141
7228709000,8142
7228800000,8143
7229200000,8144
72299010,8145
7229901010,8146
7229901090,8147
72299020,8148
7229902010,8149
7229902090,8150
72299090,8151
7229909010,8152
7229909090,8153
7301101000,8154
7301109000,8155
7301201000,8156
7301202000,8157
7301203000,8158
7301209000,8159
73021010,8160
7302101010,8161
7302101090,8162
73021020,8163
7302102010,8164
7302102090,8165
73021030,8166
7302103010,8167
7302103090,8168
73021040,8169
7302104010,8170
7302104090,8171
7302300000,8172
7302400000,8173
7302900000,8174
73030010,8175
7303001010,8176
7303001090,8177
7303002000,8178
7304110000,8179
7304190000,8180
7304220000,8181
7304230000,8182
7304240000,8183
7304290000,8184
7304310000,8185
7304390000,8186
7304410000,8187
7304490000,8188
7304510000,8189
7304590000,8190
7304900000,8191
7305111000,8192
7305112000,8193
7305120000,8194
7305190000,8195
7305200000,8196
7305311000,8197
7305312000,8198
7305319000,8199
7305390000,8200
7305900000,8201
7306110000,8202
7306190000,8203
7306211000,8204
7306212000,8205
7306291000,8206
7306292000,8207
73063010,8208
7306301010,8209
7306301020,8210
7306301030,8211
7306301090,8212
73063020,8213
7306302010,8214
7306302020,8215
7306302030,8216
7306302090,8217
7306401000,8218
7306402000,8219
7306500000,8220
73066110,8221
7306611010,8222
7306611090,8223
7306612000,8224
7306613000,8225
73066910,8226
7306691010,8227
7306691090,8228
7306692000,8229
7306693000,8230
7306901000,8231
7306909000,8232
7307110000,8233
7307190000,8234
7307210000,8235
7307221000,8236
7307229000,8237
7307230000,8238
7307290000,8239
7307910000,8240
7307921000,8241
7307929000,8242
7307930000,8243
7307991000,8244
7307999000,8245
7308100000,8246
7308200000,8247
7308300000,8248
7308400000,8249
7308901000,8250
7308909000,8251
7309000000,8252
7310100000,8253
7310210000,8254
7310290000,8255
7311001000,8256
7311002000,8257
7311003000,8258
73121010,8259
731210101,8260
7312101011,8261
7312101019,8262
731210109,8263
7312101091,8264
7312101092,8265
7312101099,8266
73121020,8267
731210201,8268
7312102011,8269
7312102019,8270
731210209,8271
7312102091,8272
7312102092,8273
7312102099,8274
7312900000,8275
7313001000,8276
7313009000,8277
7314120000,8278
7314140000,8279
7314190000,8280
7314200000,8281
7314310000,8282
7314390000,8283
7314410000,8284
7314420000,8285
7314490000,8286
7314500000,8287
7315110000,8288
7315120000,8289
7315190000,8290
7315200000,8291
7315810000,8292
7315820000,8293
7315890000,8294
7315900000,8295
7316001000,8296
7316002000,8297
73170010,8298
731700101,8299
7317001011,8300
7317001019,8301
731700102,8302
7317001021,8303
7317001029,8304
7317002000,8305
7317003000,8306
7317004000,8307
7317005000,8308
7317009000,8309
7318110000,8310
7318120000,8311
7318130000,8312
7318140000,8313
7318151000,8314
7318152000,8315
7318153000,8316
7318159000,8317
7318160000,8318
7318190000,8319
7318210000,8320
7318220000,8321
7318230000,8322
7318240000,8323
7318290000,8324
7319401000,8325
7319402000,8326
7319409000,8327
73199010,8328
7319901010,8329
7319901020,8330
7319901090,8331
7319909000,8332
7320101000,8333
7320102000,8334
7320109000,8335
7320201000,8336
7320202000,8337
7320203000,8338
7320204000,8339
7320209000,8340
7320901000,8341
7320909000,8342
7321110000,8343
7321120000,8344
7321190000,8345
7321810000,8346
7321820000,8347
7321890000,8348
7321900000,8349
7322111000,8350
7322112000,8351
7322191000,8352
7322192000,8353
7322901000,8354
73229090,8355
7322909010,8356
7322909020,8357
7322909030,8358
7323100000,8359
7323910000,8360
7323920000,8361
7323930000,8362
7323940000,8363
7323990000,8364
7324101000,8365
7324102000,8366
7324210000,8367
7324291000,8368
7324299000,8369
7324901000,8370
7324908000,8371
7324909000,8372
7325100000,8373
7325910000,8374
7325991000,8375
7325992000,8376
7325993000,8377
7325999000,8378
7326110000,8379
7326190000,8380
7326200000,8381
7326901000,8382
7326909000,8383
7401001000,8384
7401002000,8385
7402001000,8386
7402002000,8387
7403110000,8388
7403120000,8389
7403130000,8390
7403191000,8391
7403192000,8392
7403199000,8393
7403210000,8394
7403220000,8395
74032910,8396
7403291010,8397
7403291020,8398
7403299000,8399
7404000000,8400
7405000000,8401
7406100000,8402
7406201000,8403
7406202000,8404
7407100000,8405
7407210000,8406
7407291000,8407
74072920,8408
7407292010,8409
7407292020,8410
7407299000,8411
7408110000,8412
7408190000,8413
7408210000,8414
7408221000,8415
7408222000,8416
7408291000,8417
7408299000,8418
7409111000,8419
7409119000,8420
7409191000,8421
7409199000,8422
7409211000,8423
7409219000,8424
7409291000,8425
7409299000,8426
7409311000,8427
7409319000,8428
7409391000,8429
7409399000,8430
74094010,8431
7409401010,8432
7409401090,8433
74094020,8434
7409402010,8435
7409402090,8436
7409901000,8437
7409909000,8438
7410110000,8439
7410120000,8440
7410211000,8441
7410219000,8442
7410221000,8443
7410229000,8444
7411100000,8445
7411210000,8446
7411221000,8447
7411222000,8448
7411291000,8449
7411299000,8450
7412100000,8451
7412200000,8452
7413000000,8453
7415101000,8454
7415109000,8455
7415210000,8456
7415290000,8457
7415330000,8458
7415390000,8459
7418101000,8460
74181090,8461
7418109010,8462
7418109020,8463
7418109030,8464
741810909,8465
7418109091,8466
7418109099,8467
7418201000,8468
7418202000,8469
7419200000,8470
74198010,8471
7419801010,8472
7419801090,8473
7419802000,8474
7419809000,8475
7501100000,8476
75012010,8477
7501201010,8478
7501201090,8479
75012090,8480
7501209010,8481
7501209090,8482
7502101000,8483
7502109000,8484
7502200000,8485
7503000000,8486
7504001000,8487
7504002000,8488
7505110000,8489
7505120000,8490
7505210000,8491
7505220000,8492
7506101000,8493
7506102000,8494
7506201000,8495
7506202000,8496
7507110000,8497
7507120000,8498
7507200000,8499
7508100000,8500
7508901000,8501
75089020,8502
7508902010,8503
7508902020,8504
7508909000,8505
7601100000,8506
7601201000,8507
7601202000,8508
7601209000,8509
7602001000,8510
7602009000,8511
7603100000,8512
7603201000,8513
7603202000,8514
7604101000,8515
76041020,8516
7604102010,8517
7604102090,8518
7604210000,8519
7604291000,8520
7604299000,8521
7605110000,8522
7605190000,8523
7605210000,8524
7605290000,8525
7606111000,8526
7606119000,8527
7606120000,8528
7606911000,8529
7606919000,8530
7606920000,8531
7607111000,8532
7607119000,8533
7607191000,8534
7607199000,8535
7607201000,8536
7607209000,8537
7608100000,8538
7608200000,8539
7609000000,8540
7610100000,8541
7610901000,8542
7610908000,8543
7610909000,8544
7611000000,8545
7612100000,8546
7612901000,8547
76129090,8548
7612909010,8549
7612909020,8550
7612909030,8551
7613001000,8552
7613002000,8553
7614100000,8554
7614900000,8555
7615101000,8556
76151090,8557
7615109010,8558
7615109020,8559
7615109030,8560
7615109090,8561
7615201000,8562
7615202000,8563
7616100000,8564
7616910000,8565
7616991000,8566
76169990,8567
7616999010,8568
7616999020,8569
7616999090,8570
7801101000,8571
7801109000,8572
7801910000,8573
7801991000,8574
78019920,8575
7801992010,8576
7801992090,8577
7802000000,8578
7804111000,8579
7804112000,8580
7804190000,8581
7804201000,8582
7804202000,8583
7806001000,8584
7806002000,8585
78060030,8586
7806003010,8587
7806003030,8588
7806004000,8589
7806009000,8590
7901110000,8591
7901120000,8592
7901201000,8593
7901209000,8594
7902000000,8595
7903100000,8596
7903901000,8597
7903902000,8598
7904001000,8599
7904002000,8600
7904003000,8601
7905001000,8602
7905002000,8603
7907001000,8604
79070020,8605
7907002010,8606
7907002020,8607
79070090,8608
7907009010,8609
7907009090,8610
8001100000,8611
8001200000,8612
8002000000,8613
80030010,8614
8003001010,8615
8003001090,8616
80030020,8617
8003002010,8618
8003002090,8619
8007001000,8620
8007002000,8621
80070030,8622
8007003010,8623
800700302,8624
8007003021,8625
8007003022,8626
8007009000,8627
8101100000,8628
8101940000,8629
8101961000,8630
8101969000,8631
8101970000,8632
81019910,8633
8101991010,8634
8101991020,8635
8101991030,8636
8101991040,8637
8101999000,8638
8102100000,8639
8102940000,8640
8102951000,8641
8102952000,8642
8102953000,8643
8102954000,8644
8102961000,8645
8102969000,8646
8102970000,8647
8102990000,8648
8103201000,8649
8103202000,8650
8103300000,8651
8103910000,8652
8103990000,8653
8104110000,8654
8104190000,8655
8104200000,8656
8104301000,8657
8104302000,8658
8104901000,8659
8104909000,8660
8105201000,8661
8105202000,8662
8105203000,8663
8105300000,8664
8105900000,8665
8106101000,8666
8106103000,8667
8106109000,8668
8106901000,8669
8106903000,8670
8106909000,8671
8108201000,8672
8108202000,8673
8108300000,8674
8108901000,8675
8108902000,8676
8108909000,8677
8109210000,8678
8109290000,8679
8109310000,8680
8109390000,8681
81099110,8682
8109911010,8683
8109911020,8684
8109911030,8685
8109911090,8686
8109919000,8687
81099910,8688
8109991010,8689
8109991020,8690
8109991030,8691
8109991090,8692
8109999000,8693
8110100000,8694
8110200000,8695
8110900000,8696
8111000000,8697
8112120000,8698
8112130000,8699
8112190000,8700
8112210000,8701
8112220000,8702
8112290000,8703
8112310000,8704
8112390000,8705
8112410000,8706
8112490000,8707
8112510000,8708
8112520000,8709
8112590000,8710
8112610000,8711
8112690000,8712
8112921000,8713
8112922000,8714
8112923000,8715
8112925000,8716
8112926000,8717
8112929000,8718
8112991000,8719
8112992000,8720
8112993000,8721
8112995000,8722
8112996000,8723
8112999000,8724
8113000000,8725
8201100000,8726
8201300000,8727
8201400000,8728
8201500000,8729
8201600000,8730
8201901000,8731
8201909000,8732
8202101000,8733
8202109000,8734
8202200000,8735
8202310000,8736
8202391000,8737
82023920,8738
8202392010,8739
8202392090,8740
8202393000,8741
8202399000,8742
8202400000,8743
8202911000,8744
8202919000,8745
8202991000,8746
8202999000,8747
8203100000,8748
8203201000,8749
8203202000,8750
8203203000,8751
8203209000,8752
8203300000,8753
8203401000,8754
8203402000,8755
8203403000,8756
8203409000,8757
8204110000,8758
8204120000,8759
8204200000,8760
8205101000,8761
8205109000,8762
8205200000,8763
8205300000,8764
8205400000,8765
8205510000,8766
8205591000,8767
8205593000,8768
8205599000,8769
8205600000,8770
8205701000,8771
8205702000,8772
8205709000,8773
8205903000,8774
8205909000,8775
8206000000,8776
8207130000,8777
8207191000,8778
8207199000,8779
8207201000,8780
8207202000,8781
8207300000,8782
8207401000,8783
8207402000,8784
82075010,8785
8207501010,8786
8207501090,8787
8207502000,8788
8207509000,8789
8207601000,8790
8207603000,8791
8207609000,8792
8207701000,8793
8207702000,8794
8207703000,8795
8207704000,8796
8207709000,8797
8207801000,8798
8207809000,8799
8207901000,8800
8207909000,8801
8208100000,8802
8208200000,8803
8208300000,8804
8208400000,8805
8208900000,8806
82090010,8807
8209001010,8808
8209001050,8809
8209001090,8810
82090020,8811
8209002010,8812
8209002090,8813
8210001000,8814
8210002000,8815
8210004000,8816
8210005000,8817
8210008000,8818
8210009000,8819
8211100000,8820
8211910000,8821
8211920000,8822
8211930000,8823
8211940000,8824
8211950000,8825
8212100000,8826
8212200000,8827
8212900000,8828
8213001000,8829
82130020,8830
8213002010,8831
8213002020,8832
8213002090,8833
8213003000,8834
8213009000,8835
8214101000,8836
8214109000,8837
8214200000,8838
8214902000,8839
8214909000,8840
8215100000,8841
8215200000,8842
8215910000,8843
8215991000,8844
8215992000,8845
8215993000,8846
8215995000,8847
8215999000,8848
8301100000,8849
8301200000,8850
8301300000,8851
83014010,8852
8301401010,8853
8301401090,8854
8301409000,8855
8301500000,8856
8301600000,8857
8301700000,8858
8302100000,8859
8302200000,8860
8302300000,8861
8302411000,8862
8302419000,8863
8302420000,8864
8302491000,8865
8302499000,8866
8302500000,8867
8302600000,8868
8303001000,8869
8303009000,8870
8304000000,8871
8305100000,8872
8305200000,8873
8305900000,8874
8306100000,8875
8306210000,8876
8306290000,8877
8306301000,8878
8306302000,8879
8307100000,8880
8307900000,8881
8308101000,8882
8308102000,8883
8308200000,8884
8308902000,8885
8308904000,8886
8308909000,8887
8309100000,8888
8309901000,8889
8309909000,8890
8310000000,8891
8311101000,8892
8311109000,8893
8311201000,8894
8311209000,8895
8311301000,8896
83113090,8897
8311309010,8898
8311309090,8899
8311901000,8900
8311909000,8901
8401100000,8902
8401200000,8903
8401300000,8904
8401400000,8905
8402110000,8906
8402120000,8907
8402191000,8908
8402199000,8909
8402200000,8910
8402901000,8911
8402902000,8912
8403101000,8913
8403103000,8914
8403109000,8915
8403900000,8916
8404101000,8917
8404102000,8918
8404103000,8919
8404104000,8920
8404109000,8921
8404200000,8922
8404901000,8923
8404902000,8924
8404909000,8925
8405101000,8926
8405102000,8927
8405104000,8928
8405109000,8929
8405901000,8930
8405902000,8931
8405904000,8932
8405909000,8933
8406100000,8934
8406811000,8935
8406812000,8936
8406813000,8937
8406820000,8938
8406901000,8939
8406909000,8940
8407100000,8941
8407210000,8942
8407290000,8943
8407311000,8944
8407319000,8945
8407321000,8946
8407329000,8947
8407331000,8948
8407339000,8949
8407341000,8950
8407349000,8951
8407901000,8952
8407909000,8953
8408101000,8954
8408102000,8955
8408103000,8956
8408201000,8957
8408202000,8958
8408203000,8959
8408204000,8960
8408205000,8961
84089010,8962
8408901010,8963
8408901090,8964
84089090,8965
8408909010,8966
840890902,8967
8408909021,8968
8408909029,8969
8408909030,8970
8408909090,8971
8409100000,8972
8409911000,8973
8409912000,8974
8409919000,8975
84099940,8976
8409994010,8977
8409994090,8978
8409995000,8979
8409996000,8980
8409997000,8981
84099980,8982
8409998010,8983
8409998020,8984
8409998030,8985
8409999000,8986
8410111000,8987
8410119000,8988
8410120000,8989
8410130000,8990
84109010,8991
8410901010,8992
8410901090,8993
84109090,8994
8410909010,8995
8410909090,8996
8411111000,8997
84111190,8998
8411119010,8999
8411119090,9000
8411121000,9001
84111290,9002
8411129010,9003
8411129090,9004
8411211000,9005
84112190,9006
8411219010,9007
8411219090,9008
8411221000,9009
84112290,9010
8411229010,9011
8411229090,9012
8411811000,9013
84118190,9014
8411819010,9015
8411819090,9016
8411821000,9017
84118290,9018
8411829010,9019
8411829090,9020
8411911000,9021
8411919000,9022
8411991000,9023
8411999000,9024
8412101000,9025
8412109000,9026
8412211000,9027
8412219000,9028
8412290000,9029
8412310000,9030
8412390000,9031
8412800000,9032
84129010,9033
8412901010,9034
8412901090,9035
8412902000,9036
8412909000,9037
8413110000,9038
8413190000,9039
8413200000,9040
8413301000,9041
8413302000,9042
8413303000,9043
8413304000,9044
8413309000,9045
8413400000,9046
8413504000,9047
84135090,9048
8413509010,9049
8413509020,9050
8413509030,9051
8413509090,9052
8413604000,9053
84136090,9054
8413609010,9055
8413609020,9056
8413609030,9057
8413609090,9058
8413703000,9059
84137090,9060
8413709010,9061
8413709020,9062
8413709090,9063
8413811000,9064
8413819000,9065
8413820000,9066
8413911000,9067
8413912000,9068
8413913000,9069
8413914000,9070
8413915000,9071
8413919000,9072
8413920000,9073
8414101000,9074
84141090,9075
8414109010,9076
8414109020,9077
8414109090,9078
8414200000,9079
8414301000,9080
8414302000,9081
8414400000,9082
8414511000,9083
8414519000,9084
8414591000,9085
8414592000,9086
8414599000,9087
8414601000,9088
8414609000,9089
8414700000,9090
8414801000,9091
8414809,9092
84148091,9093
8414809110,9094
8414809190,9095
84148092,9096
8414809210,9097
8414809220,9098
8414809230,9099
8414809900,9100
8414901000,9101
84149090,9102
8414909010,9103
8414909020,9104
8414909090,9105
84151010,9106
8415101010,9107
8415101020,9108
84151020,9109
8415102010,9110
8415102020,9111
84151090,9112
8415109010,9113
8415109020,9114
8415200000,9115
8415810000,9116
8415820000,9117
8415830000,9118
8415900000,9119
8416101000,9120
8416102000,9121
8416103000,9122
8416201000,9123
8416202000,9124
8416209000,9125
8416300000,9126
8416901000,9127
8416909000,9128
84171010,9129
8417101010,9130
8417101090,9131
84171020,9132
8417102010,9133
8417102090,9134
8417200000,9135
84178010,9136
8417801010,9137
8417801020,9138
8417801030,9139
8417801090,9140
8417802000,9141
8417809000,9142
8417900000,9143
84181010,9144
8418101010,9145
8418101020,9146
8418101030,9147
8418109000,9148
8418211000,9149
8418212000,9150
8418213000,9151
8418291000,9152
8418299000,9153
8418300000,9154
8418400000,9155
8418501000,9156
8418509000,9157
8418610000,9158
8418691000,9159
84186920,9160
8418692010,9161
8418692020,9162
8418692030,9163
8418692090,9164
8418693000,9165
8418910000,9166
8418991000,9167
8418999000,9168
8419110000,9169
8419120000,9170
8419190000,9171
8419200000,9172
8419330000,9173
8419340000,9174
8419350000,9175
8419390000,9176
8419400000,9177
8419501000,9178
8419502000,9179
8419509000,9180
8419600000,9181
8419810000,9182
8419891000,9183
84198990,9184
8419899010,9185
8419899020,9186
8419899030,9187
8419899040,9188
8419899050,9189
8419899060,9190
8419899070,9191
8419899080,9192
8419899090,9193
8419901000,9194
84199090,9195
8419909010,9196
8419909020,9197
8419909030,9198
8419909040,9199
8419909090,9200
8420101000,9201
8420102000,9202
8420103000,9203
8420104000,9204
8420105000,9205
8420109000,9206
8420910000,9207
8420990000,9208
8421110000,9209
8421120000,9210
8421191000,9211
8421192000,9212
8421193000,9213
8421199000,9214
8421211000,9215
84212190,9216
8421219010,9217
8421219020,9218
8421219090,9219
8421220000,9220
8421231000,9221
8421232000,9222
8421239000,9223
8421291000,9224
84212920,9225
8421292010,9226
8421292090,9227
84212930,9228
8421293010,9229
8421293090,9230
8421294000,9231
84212990,9232
8421299010,9233
8421299090,9234
8421311000,9235
8421312000,9236
8421319000,9237
8421320000,9238
8421391000,9239
8421392000,9240
84213990,9241
842139901,9242
8421399011,9243
8421399019,9244
842139902,9245
8421399021,9246
8421399029,9247
8421399030,9248
842139909,9249
8421399091,9250
8421399092,9251
8421399099,9252
8421910000,9253
8421991000,9254
84219990,9255
8421999010,9256
842199902,9257
8421999021,9258
8421999029,9259
842199903,9260
8421999031,9261
8421999039,9262
842199909,9263
8421999091,9264
8421999099,9265
8422110000,9266
8422190000,9267
8422200000,9268
8422301000,9269
8422302000,9270
8422303000,9271
8422304000,9272
8422309000,9273
8422404000,9274
84224090,9275
8422409010,9276
8422409020,9277
8422409030,9278
8422409090,9279
8422901000,9280
8422902000,9281
8422909000,9282
8423100000,9283
8423201000,9284
8423202000,9285
8423209000,9286
8423301000,9287
8423309000,9288
8423811000,9289
8423819000,9290
8423821000,9291
8423829000,9292
84238910,9293
8423891010,9294
8423891090,9295
84238990,9296
8423899010,9297
8423899090,9298
84239010,9299
842390101,9300
8423901011,9301
8423901019,9302
842390109,9303
8423901091,9304
8423901099,9305
84239090,9306
8423909010,9307
8423909090,9308
8424100000,9309
8424201000,9310
84242020,9311
8424202010,9312
8424202090,9313
8424209000,9314
8424301000,9315
8424302000,9316
8424309000,9317
8424410000,9318
8424491000,9319
8424499000,9320
8424820000,9321
8424891000,9322
8424892000,9323
8424899000,9324
8424901000,9325
8424902000,9326
8424903000,9327
84249090,9328
8424909010,9329
8424909020,9330
8424909090,9331
84251110,9332
8425111010,9333
8425111090,9334
84251120,9335
8425112010,9336
8425112090,9337
8425190000,9338
8425311000,9339
8425319000,9340
8425391000,9341
8425399000,9342
8425410000,9343
8425421000,9344
8425422000,9345
8425491000,9346
8425492000,9347
8426110000,9348
8426121000,9349
8426122000,9350
8426190000,9351
8426200000,9352
8426301000,9353
8426302000,9354
8426410000,9355
8426491000,9356
8426492000,9357
8426499000,9358
8426910000,9359
8426991000,9360
8426999000,9361
84271010,9362
8427101010,9363
8427101020,9364
84271020,9365
8427102010,9366
8427102020,9367
8427103000,9368
84272010,9369
842720101,9370
8427201011,9371
8427201012,9372
842720102,9373
8427201021,9374
8427201022,9375
8427209000,9376
8427901000,9377
8427909000,9378
8428101000,9379
8428102000,9380
8428201000,9381
8428202000,9382
8428310000,9383
8428320000,9384
84283310,9385
8428331010,9386
8428331020,9387
8428332000,9388
8428390000,9389
8428401000,9390
8428402000,9391
8428600000,9392
8428701000,9393
8428702000,9394
8428709000,9395
8428901000,9396
8428909000,9397
8429111000,9398
8429112000,9399
8429190000,9400
8429200000,9401
8429300000,9402
8429401000,9403
8429402000,9404
84295110,9405
842951101,9406
8429511011,9407
8429511012,9408
842951102,9409
8429511021,9410
8429511022,9411
842951103,9412
8429511031,9413
8429511032,9414
842951109,9415
8429511091,9416
8429511092,9417
8429519000,9418
84295210,9419
842952101,9420
8429521011,9421
8429521012,9422
842952102,9423
8429521021,9424
8429521022,9425
8429521090,9426
8429529000,9427
8429590000,9428
8430100000,9429
8430200000,9430
8430310000,9431
8430390000,9432
8430411000,9433
8430412000,9434
8430491000,9435
8430499000,9436
8430500000,9437
8430610000,9438
8430690000,9439
8431100000,9440
8431200000,9441
8431310000,9442
8431390000,9443
8431411000,9444
8431419000,9445
8431420000,9446
8431430000,9447
8431491000,9448
8431492000,9449
8431499000,9450
8432100000,9451
8432210000,9452
8432291000,9453
8432292000,9454
8432299000,9455
8432310000,9456
8432391000,9457
8432392000,9458
8432410000,9459
8432420000,9460
8432800000,9461
8432901000,9462
8432902000,9463
8432909000,9464
8433110000,9465
8433190000,9466
8433200000,9467
8433300000,9468
8433400000,9469
8433510000,9470
8433520000,9471
8433530000,9472
8433590000,9473
8433601000,9474
84336090,9475
8433609010,9476
8433609090,9477
8433901000,9478
8433902000,9479
8433909000,9480
8434100000,9481
8434201000,9482
8434209000,9483
8434901000,9484
8434902000,9485
8434909000,9486
8435101000,9487
8435102000,9488
8435109000,9489
8435900000,9490
8436101000,9491
8436102000,9492
8436103000,9493
8436109000,9494
8436211000,9495
8436219000,9496
8436290000,9497
8436800000,9498
8436910000,9499
8436990000,9500
8437101000,9501
8437109000,9502
8437801000,9503
8437802000,9504
8437901000,9505
8437909000,9506
8438101000,9507
8438109000,9508
8438200000,9509
8438300000,9510
8438400000,9511
8438501000,9512
8438509000,9513
8438600000,9514
8438801000,9515
8438809000,9516
8438900000,9517
8439100000,9518
8439201000,9519
8439202000,9520
8439209000,9521
8439301000,9522
8439302000,9523
8439303000,9524
8439309000,9525
8439910000,9526
8439990000,9527
8440101000,9528
8440102000,9529
8440109000,9530
8440901000,9531
8440909000,9532
8441100000,9533
8441201000,9534
8441202000,9535
8441300000,9536
8441400000,9537
8441801000,9538
8441809000,9539
8441900000,9540
8442300000,9541
8442400000,9542
8442500000,9543
8443110000,9544
8443120000,9545
8443130000,9546
8443140000,9547
8443150000,9548
8443160000,9549
8443170000,9550
8443191000,9551
8443192000,9552
8443199000,9553
84433110,9554
8443311010,9555
8443311020,9556
8443311030,9557
8443311090,9558
8443313000,9559
8443319000,9560
84433210,9561
8443321010,9562
8443321020,9563
8443321030,9564
8443321090,9565
8443324000,9566
8443329000,9567
84433910,9568
8443391010,9569
8443391090,9570
8443392000,9571
8443399000,9572
84439110,9573
8443911010,9574
8443911020,9575
8443911090,9576
8443919000,9577
8443991000,9578
84439940,9579
8443994010,9580
8443994020,9581
8443994030,9582
8443994090,9583
8443999000,9584
8444001000,9585
8444002000,9586
8444003000,9587
8444009000,9588
8445110000,9589
8445120000,9590
8445130000,9591
8445191000,9592
8445199000,9593
84452010,9594
8445201010,9595
8445201090,9596
8445202000,9597
8445203000,9598
8445209000,9599
8445301000,9600
8445302000,9601
8445309000,9602
8445401000,9603
8445409000,9604
8445901000,9605
8445902000,9606
8445909000,9607
8446100000,9608
8446210000,9609
8446290000,9610
84463010,9611
8446301010,9612
8446301090,9613
8446302000,9614
8446303000,9615
8446309000,9616
8447111000,9617
8447119000,9618
8447120000,9619
84472010,9620
8447201010,9621
8447201020,9622
8447201090,9623
84472020,9624
8447202010,9625
8447202020,9626
8447202090,9627
8447209000,9628
8447901000,9629
84479020,9630
8447902010,9631
8447902090,9632
8447903000,9633
8447909000,9634
8448111000,9635
8448112000,9636
8448119000,9637
8448191000,9638
8448199000,9639
8448201000,9640
8448209000,9641
8448310000,9642
8448320000,9643
8448330000,9644
8448391000,9645
8448399000,9646
8448420000,9647
8448490000,9648
8448511000,9649
8448519000,9650
8448590000,9651
8449001000,9652
8449002000,9653
8449009000,9654
8450110000,9655
8450120000,9656
8450190000,9657
8450200000,9658
8450900000,9659
8451100000,9660
8451210000,9661
8451290000,9662
8451301000,9663
8451309000,9664
8451401000,9665
8451402000,9666
8451403000,9667
8451501000,9668
8451502000,9669
8451509000,9670
8451801000,9671
8451802000,9672
8451803000,9673
84518090,9674
8451809010,9675
8451809020,9676
8451809030,9677
8451809050,9678
8451809090,9679
8451902000,9680
8451909000,9681
84521010,9682
8452101020,9683
8452101090,9684
8452102000,9685
8452212000,9686
8452219000,9687
8452292000,9688
8452299000,9689
8452300000,9690
8452901000,9691
8452909000,9692
8453101000,9693
8453102000,9694
8453103000,9695
8453200000,9696
8453800000,9697
8453900000,9698
8454100000,9699
8454200000,9700
84543010,9701
8454301010,9702
8454301090,9703
8454309000,9704
8454901000,9705
8454909000,9706
8455100000,9707
8455210000,9708
8455220000,9709
8455301000,9710
8455302000,9711
8455309000,9712
8455900000,9713
8456111000,9714
8456119000,9715
8456121000,9716
8456129000,9717
8456200000,9718
84563010,9719
8456301010,9720
8456301090,9721
8456309000,9722
8456400000,9723
8456500000,9724
8456900000,9725
8457104000,9726
84571090,9727
8457109010,9728
8457109020,9729
8457109030,9730
8457109090,9731
8457200000,9732
8457300000,9733
8458110000,9734
8458190000,9735
8458910000,9736
8458990000,9737
8459100000,9738
8459211000,9739
8459219000,9740
8459291000,9741
8459292000,9742
8459293000,9743
8459299000,9744
8459310000,9745
8459390000,9746
8459411000,9747
8459412000,9748
8459419000,9749
8459490000,9750
8459510000,9751
8459590000,9752
8459611000,9753
8459612000,9754
8459619000,9755
8459691000,9756
8459699000,9757
8459701000,9758
8459709000,9759
8460120000,9760
8460190000,9761
8460220000,9762
8460230000,9763
8460241000,9764
8460242000,9765
8460249000,9766
8460291000,9767
8460292000,9768
8460293000,9769
8460294000,9770
8460299000,9771
8460310000,9772
8460390000,9773
8460401000,9774
8460402000,9775
8460900000,9776
8461200000,9777
8461300000,9778
84614010,9779
8461401010,9780
8461401090,9781
8461402000,9782
8461500000,9783
8461900000,9784
8462110000,9785
8462191000,9786
8462199000,9787
8462221000,9788
8462229000,9789
8462230000,9790
8462240000,9791
8462250000,9792
8462260000,9793
8462291000,9794
8462299000,9795
84623210,9796
8462321010,9797
8462321090,9798
84623220,9799
8462322010,9800
8462322090,9801
8462330000,9802
8462390000,9803
8462420000,9804
8462490000,9805
8462510000,9806
8462590000,9807
8462610000,9808
8462620000,9809
8462630000,9810
8462690000,9811
8462900000,9812
8463100000,9813
8463200000,9814
8463300000,9815
8463900000,9816
8464100000,9817
8464201000,9818
8464202000,9819
8464209000,9820
8464901000,9821
8464902000,9822
8464903000,9823
8464909000,9824
8465101000,9825
8465109000,9826
8465201000,9827
8465209000,9828
8465911000,9829
8465919000,9830
8465921000,9831
8465929000,9832
8465931000,9833
8465939000,9834
8465941000,9835
8465949000,9836
8465951000,9837
8465959000,9838
8465961000,9839
8465969000,9840
8465991000,9841
8465999000,9842
8466100000,9843
8466201000,9844
8466209000,9845
8466300000,9846
8466910000,9847
8466920000,9848
8466931000,9849
8466939000,9850
8466940000,9851
8467111000,9852
8467112000,9853
8467113000,9854
8467114000,9855
8467115000,9856
8467119000,9857
8467191000,9858
8467199000,9859
8467210000,9860
8467220000,9861
8467290000,9862
8467810000,9863
84678910,9864
8467891010,9865
8467891020,9866
8467891090,9867
8467899000,9868
8467910000,9869
8467920000,9870
8467990000,9871
8468100000,9872
8468201000,9873
8468202000,9874
8468209000,9875
8468800000,9876
8468900000,9877
8470103000,9878
8470104000,9879
8470210000,9880
8470290000,9881
8470300000,9882
8470500000,9883
8470902000,9884
8470909000,9885
8471300000,9886
8471411000,9887
8471412000,9888
8471419000,9889
84714910,9890
8471491010,9891
8471491020,9892
8471491090,9893
8471499000,9894
8471501000,9895
8471502000,9896
8471509000,9897
84716010,9898
8471601010,9899
8471601020,9900
8471601030,9901
8471601040,9902
8471601090,9903
8471602000,9904
8471603000,9905
8471701000,9906
84717020,9907
8471702020,9908
847170203,9909
8471702031,9910
8471702032,9911
8471702033,9912
8471702039,9913
8471702090,9914
8471709000,9915
8471801000,9916
8471802000,9917
8471809000,9918
8471900000,9919
8472100000,9920
8472300000,9921
84729010,9922
8472901010,9923
8472901020,9924
8472901040,9925
8472901050,9926
8472901090,9927
8472902000,9928
8472903000,9929
8472904000,9930
8472905000,9931
8472909000,9932
8473210000,9933
8473291000,9934
8473293000,9935
8473294000,9936
8473301000,9937
8473302000,9938
8473303000,9939
84733040,9940
8473304060,9941
8473304090,9942
84733090,9943
8473309010,9944
8473309090,9945
8473400000,9946
8473500000,9947
8474100000,9948
8474201000,9949
8474209000,9950
8474311000,9951
8474319000,9952
8474321000,9953
8474329000,9954
8474390000,9955
8474801000,9956
8474802000,9957
8474809000,9958
8474900000,9959
8475100000,9960
8475210000,9961
8475291000,9962
8475292000,9963
8475299000,9964
8475901000,9965
8475902000,9966
8475909000,9967
8476210000,9968
8476290000,9969
8476810000,9970
8476891000,9971
8476894000,9972
8476899000,9973
8476901000,9974
8476909000,9975
8477101000,9976
8477102000,9977
8477201000,9978
8477202000,9979
8477300000,9980
8477400000,9981
8477510000,9982
8477590000,9983
8477800000,9984
8477900000,9985
8478100000,9986
8478900000,9987
8479101000,9988
8479102000,9989
8479109000,9990
8479200000,9991
8479300000,9992
8479400000,9993
8479501000,9994
8479502000,9995
8479509000,9996
8479600000,9997
8479710000,9998
8479790000,9999
8479811000,10000
84798120,10001
8479812010,10002
8479812090,10003
8479813000,10004
8479814000,10005
8479819000,10006
8479821000,10007
8479822000,10008
8479823000,10009
8479824000,10010
8479829000,10011
8479830000,10012
84798910,10013
8479891010,10014
8479891090,10015
84798920,10016
8479892010,10017
8479892090,10018
84798990,10019
8479899010,10020
8479899020,10021
8479899030,10022
8479899050,10023
8479899060,10024
8479899080,10025
847989909,10026
8479899091,10027
8479899099,10028
84799010,10029
8479901010,10030
8479901020,10031
8479901030,10032
8479902000,10033
8479903000,10034
8479904000,10035
84799050,10036
8479905010,10037
8479905090,10038
84799090,10039
8479909010,10040
8479909020,10041
8479909030,10042
8479909040,10043
8479909050,10044
8479909060,10045
8479909070,10046
8479909090,10047
8480100000,10048
8480200000,10049
8480300000,10050
8480410000,10051
8480490000,10052
8480500000,10053
8480600000,10054
8480710000,10055
8480790000,10056
8481100000,10057
8481201000,10058
8481202000,10059
8481300000,10060
8481400000,10061
84818010,10062
8481801010,10063
8481801020,10064
8481801030,10065
8481801090,10066
8481802000,10067
8481809000,10068
8481900000,10069
8482102000,10070
8482109000,10071
8482200000,10072
8482300000,10073
8482400000,10074
8482500000,10075
8482800000,10076
8482910000,10077
8482990000,10078
8483101000,10079
84831090,10080
8483109010,10081
8483109090,10082
8483201000,10083
8483209000,10084
8483301000,10085
8483309000,10086
84834010,10087
8483401010,10088
8483401090,10089
84834090,10090
8483409010,10091
8483409020,10092
8483409030,10093
8483409040,10094
8483409050,10095
8483409090,10096
8483501000,10097
8483509000,10098
8483601000,10099
8483602000,10100
8483609000,10101
8483901000,10102
8483902000,10103
8483909000,10104
8484101000,10105
8484109000,10106
8484200000,10107
8484900000,10108
8485100000,10109
8485201000,10110
8485209000,10111
8485300000,10112
8485800000,10113
8485900000,10114
8486101000,10115
8486102000,10116
84861030,10117
8486103010,10118
8486103020,10119
8486103090,10120
84861040,10121
8486104010,10122
8486104020,10123
84861050,10124
8486105010,10125
8486105030,10126
8486109000,10127
8486201000,10128
8486202,10129
8486202100,10130
8486202200,10131
8486202300,10132
8486203000,10133
8486204000,10134
8486205000,10135
84862060,10136
8486206010,10137
8486206020,10138
848620609,10139
8486206091,10140
8486206099,10141
8486207000,10142
8486208,10143
8486208100,10144
84862084,10145
8486208410,10146
8486208420,10147
8486208490,10148
8486209,10149
8486209100,10150
8486209200,10151
84862093,10152
8486209310,10153
8486209320,10154
8486209390,10155
8486209400,10156
8486209500,10157
8486209600,10158
8486209900,10159
84863010,10160
8486301010,10161
8486301020,10162
848630103,10163
8486301031,10164
8486301032,10165
8486301040,10166
8486301050,10167
8486301060,10168
8486301090,10169
84863020,10170
8486302010,10171
8486302020,10172
848630203,10173
8486302031,10174
8486302032,10175
8486302040,10176
8486302050,10177
8486302060,10178
8486302070,10179
8486302090,10180
84864010,10181
8486401010,10182
8486401020,10183
8486401030,10184
8486401040,10185
8486401090,10186
84864020,10187
8486402010,10188
8486402020,10189
848640203,10190
8486402031,10191
8486402039,10192
8486402040,10193
8486402070,10194
8486402080,10195
848640209,10196
8486402091,10197
8486402093,10198
8486402095,10199
8486402099,10200
84864030,10201
8486403010,10202
8486403020,10203
8486403090,10204
8486901000,10205
84869020,10206
8486902030,10207
8486902040,10208
8486902090,10209
84869030,10210
8486903050,10211
8486903060,10212
8486903090,10213
8486904000,10214
8487100000,10215
8487901000,10216
84879090,10217
8487909010,10218
8487909090,10219
8501101000,10220
8501102000,10221
8501103000,10222
8501201000,10223
8501202000,10224
8501203000,10225
85013110,10226
8501311010,10227
8501311090,10228
8501312000,10229
8501321000,10230
8501322000,10231
8501331000,10232
8501332000,10233
8501341000,10234
8501342000,10235
8501401000,10236
8501402000,10237
8501403000,10238
8501404000,10239
8501510000,10240
8501520000,10241
8501531000,10242
8501532000,10243
8501534000,10244
8501611000,10245
8501612000,10246
8501620000,10247
8501631000,10248
8501639000,10249
8501640000,10250
8501710000,10251
8501721000,10252
8501722000,10253
8501723000,10254
8501724000,10255
8501801000,10256
8501802000,10257
8501803000,10258
85018040,10259
8501804010,10260
8501804090,10261
8501805000,10262
8502111000,10263
8502112000,10264
8502120000,10265
85021310,10266
8502131010,10267
8502131090,10268
8502132000,10269
8502134000,10270
8502201000,10271
8502202000,10272
85022030,10273
8502203010,10274
8502203090,10275
8502204000,10276
8502311000,10277
8502312000,10278
8502314000,10279
8502391000,10280
8502392000,10281
8502393000,10282
8502394000,10283
8502400000,10284
8503001000,10285
85030020,10286
8503002010,10287
8503002090,10288
8503003000,10289
85041010,10290
8504101010,10291
8504101020,10292
8504102000,10293
8504103000,10294
8504211000,10295
85042190,10296
8504219010,10297
8504219020,10298
8504221000,10299
85042290,10300
8504229010,10301
8504229020,10302
8504229030,10303
8504230000,10304
8504311000,10305
8504312000,10306
85043190,10307
8504319010,10308
8504319020,10309
8504319040,10310
8504321000,10311
8504322000,10312
85043290,10313
8504329010,10314
8504329020,10315
8504331000,10316
8504332000,10317
85043390,10318
8504339010,10319
8504339020,10320
8504339040,10321
8504341000,10322
8504342000,10323
85043490,10324
8504349010,10325
8504349030,10326
85044010,10327
8504401010,10328
8504401090,10329
85044020,10330
850440201,10331
8504402011,10332
8504402019,10333
850440209,10334
8504402091,10335
8504402099,10336
85044030,10337
8504403010,10338
8504403090,10339
85044040,10340
8504404010,10341
8504404090,10342
85044050,10343
8504405010,10344
8504405090,10345
85044090,10346
850440901,10347
8504409011,10348
8504409019,10349
850440909,10350
8504409091,10351
8504409099,10352
85045010,10353
8504501010,10354
8504501090,10355
85045020,10356
8504502010,10357
8504502090,10358
85045090,10359
8504509010,10360
8504509090,10361
8504901000,10362
8504909000,10363
8505111000,10364
8505119000,10365
8505191000,10366
8505199000,10367
8505200000,10368
85059010,10369
8505901010,10370
8505901090,10371
8505902000,10372
8505903000,10373
8505909000,10374
8506101000,10375
8506102000,10376
8506109000,10377
8506300000,10378
8506400000,10379
8506500000,10380
8506600000,10381
8506801000,10382
8506809000,10383
8506900000,10384
8507100000,10385
8507200000,10386
8507300000,10387
8507500000,10388
8507602000,10389
8507603000,10390
8507609000,10391
8507800000,10392
8507901000,10393
8507909000,10394
8508111000,10395
8508119000,10396
8508192000,10397
8508199000,10398
8508600000,10399
8508701000,10400
8508702000,10401
8508703000,10402
8509400000,10403
8509801000,10404
8509802000,10405
8509803000,10406
8509804000,10407
8509809000,10408
8509900000,10409
8510100000,10410
8510200000,10411
8510300000,10412
8510901000,10413
8510902000,10414
8510903000,10415
8511101000,10416
8511109000,10417
8511201000,10418
8511209000,10419
8511301000,10420
8511309000,10421
8511401000,10422
8511409000,10423
8511501000,10424
8511509000,10425
8511801000,10426
8511809000,10427
8511901000,10428
8511909000,10429
8512101000,10430
8512109000,10431
85122010,10432
8512201010,10433
8512201090,10434
85122020,10435
8512202010,10436
8512202090,10437
8512300000,10438
8512400000,10439
8512900000,10440
8513101000,10441
85131020,10442
8513102010,10443
8513102090,10444
85131090,10445
8513109010,10446
8513109090,10447
8513900000,10448
8514110000,10449
8514191000,10450
8514192000,10451
8514193000,10452
8514199000,10453
8514201000,10454
8514202000,10455
8514203000,10456
8514209000,10457
8514311000,10458
8514319000,10459
8514321000,10460
8514329000,10461
8514391000,10462
8514399000,10463
8514401000,10464
8514409000,10465
8514901000,10466
8514902000,10467
8514909000,10468
8515110000,10469
8515191000,10470
8515199000,10471
85152110,10472
8515211010,10473
8515211090,10474
85152120,10475
8515212010,10476
8515212090,10477
85152130,10478
8515213010,10479
8515213090,10480
85152190,10481
8515219010,10482
8515219090,10483
8515291000,10484
8515292000,10485
8515293000,10486
8515299000,10487
85153110,10488
8515311010,10489
8515311090,10490
85153190,10491
8515319010,10492
8515319090,10493
8515391000,10494
8515399000,10495
8515801000,10496
8515802000,10497
8515803000,10498
8515809000,10499
85159010,10500
8515901010,10501
8515901090,10502
8515902000,10503
8515909000,10504
8516100000,10505
8516210000,10506
8516290000,10507
8516310000,10508
8516320000,10509
8516330000,10510
8516400000,10511
8516500000,10512
8516601000,10513
8516602000,10514
8516609000,10515
8516710000,10516
8516720000,10517
8516791000,10518
8516799000,10519
8516800000,10520
8516900000,10521
8517110000,10522
8517130000,10523
8517141000,10524
8517142000,10525
8517143000,10526
8517144000,10527
8517149000,10528
8517180000,10529
8517610000,10530
85176210,10531
8517621010,10532
8517621020,10533
85176220,10534
8517622030,10535
8517622040,10536
85176230,10537
8517623010,10538
8517623020,10539
85176290,10540
8517629010,10541
8517629020,10542
8517629030,10543
8517693000,10544
8517694000,10545
8517711000,10546
8517719000,10547
85177910,10548
8517791010,10549
8517791020,10550
8517791030,10551
8517792000,10552
8517793000,10553
8517794000,10554
8518101000,10555
85181090,10556
8518109010,10557
8518109090,10558
8518210000,10559
8518220000,10560
8518291000,10561
8518299000,10562
8518304000,10563
8518309000,10564
8518400000,10565
8518500000,10566
8518901000,10567
8518909000,10568
8519200000,10569
8519300000,10570
8519812000,10571
8519814000,10572
8519815000,10573
8519816000,10574
8519890000,10575
8521100000,10576
8521901000,10577
8521909000,10578
8522100000,10579
8522903000,10580
8522909000,10581
8523210000,10582
8523291000,10583
85232920,10584
8523292010,10585
8523292020,10586
8523292030,10587
8523292090,10588
8523410000,10589
85234910,10590
8523491010,10591
8523491030,10592
8523491040,10593
8523491090,10594
85234990,10595
8523499010,10596
8523499020,10597
8523499030,10598
8523499090,10599
8523511000,10600
85235120,10601
8523512010,10602
8523512020,10603
8523512030,10604
8523512090,10605
8523521000,10606
8523522000,10607
8523529000,10608
8523591000,10609
85235920,10610
8523592010,10611
8523592020,10612
8523592030,10613
8523592090,10614
8523801000,10615
85238020,10616
8523802010,10617
8523802020,10618
8523802030,10619
8523802090,10620
8524111000,10621
8524112000,10622
8524113000,10623
8524114000,10624
8524115000,10625
8524119000,10626
8524121000,10627
8524122000,10628
8524123000,10629
8524124000,10630
8524125000,10631
8524129000,10632
8524191000,10633
8524192000,10634
8524193000,10635
8524194000,10636
8524195000,10637
8524199000,10638
8524911000,10639
8524912000,10640
8524913000,10641
8524914000,10642
8524915000,10643
8524919000,10644
8524921000,10645
8524922000,10646
8524923000,10647
8524924000,10648
8524925000,10649
8524929000,10650
8524991000,10651
8524992000,10652
8524993000,10653
8524994000,10654
8524995000,10655
8524999000,10656
8525501000,10657
8525502000,10658
8525509000,10659
8525601000,10660
8525602000,10661
8525609000,10662
8525810000,10663
8525820000,10664
8525830000,10665
8525891000,10666
8525892000,10667
8525893000,10668
8525899000,10669
8526101000,10670
8526109000,10671
85269110,10672
8526911010,10673
8526911090,10674
85269120,10675
8526912010,10676
8526912090,10677
85269130,10678
8526913010,10679
8526913020,10680
8526913090,10681
8526914000,10682
85269190,10683
8526919010,10684
8526919020,10685
8526919090,10686
8526920000,10687
8527120000,10688
8527131000,10689
8527132000,10690
8527133000,10691
8527139000,10692
8527190000,10693
8527211000,10694
85272120,10695
8527212010,10696
8527212090,10697
85272130,10698
8527213010,10699
8527213090,10700
85272190,10701
8527219010,10702
8527219090,10703
8527290000,10704
85279110,10705
8527911010,10706
8527911020,10707
8527911030,10708
8527911090,10709
8527919000,10710
8527920000,10711
8527990000,10712
8528420000,10713
85284910,10714
8528491010,10715
8528491090,10716
85284920,10717
8528492010,10718
8528492090,10719
8528521000,10720
8528529000,10721
85285910,10722
8528591010,10723
8528591090,10724
85285920,10725
8528592010,10726
8528592090,10727
8528620000,10728
8528690000,10729
8528711000,10730
85287120,10731
8528712020,10732
8528712090,10733
8528713000,10734
8528719000,10735
8528722000,10736
8528725000,10737
8528726000,10738
8528729000,10739
8528730000,10740
8529101000,10741
8529109,10742
8529109100,10743
8529109200,10744
8529109900,10745
8529902000,10746
85299030,10747
8529903010,10748
8529903020,10749
8529904000,10750
8529905000,10751
85299060,10752
8529906010,10753
852990602,10754
8529906021,10755
8529906022,10756
8529906023,10757
8529906029,10758
8530101000,10759
8530109000,10760
8530800000,10761
8530900000,10762
8531101000,10763
8531102000,10764
8531103000,10765
8531106000,10766
8531109000,10767
8531201000,10768
8531202000,10769
8531802000,10770
8531809000,10771
8531901000,10772
8531902000,10773
8531909000,10774
8532100000,10775
8532210000,10776
8532220000,10777
8532230000,10778
8532240000,10779
8532250000,10780
8532290000,10781
8532300000,10782
8532901000,10783
8532909000,10784
8533100000,10785
8533212000,10786
8533219000,10787
8533292000,10788
8533299000,10789
8533310000,10790
8533390000,10791
8533401000,10792
8533403000,10793
8533409000,10794
8533901000,10795
8533909000,10796
8534001000,10797
8534002000,10798
8534009000,10799
8535100000,10800
8535211000,10801
8535212000,10802
8535291000,10803
8535292000,10804
8535301000,10805
8535302000,10806
8535303000,10807
8535400000,10808
8535901000,10809
8535902000,10810
8535909000,10811
8536101000,10812
8536109000,10813
8536200000,10814
8536300000,10815
8536410000,10816
8536490000,10817
8536501000,10818
8536502000,10819
8536503000,10820
8536504000,10821
85365090,10822
8536509010,10823
8536509020,10824
8536509030,10825
8536509090,10826
8536610000,10827
8536691000,10828
8536699000,10829
8536701000,10830
8536702000,10831
85367030,10832
8536703010,10833
8536703090,10834
8536901000,10835
8536902000,10836
85369090,10837
8536909010,10838
8536909090,10839
8537103000,10840
8537104000,10841
85371050,10842
8537105010,10843
8537105020,10844
8537105090,10845
8537203000,10846
8537204000,10847
8538100000,10848
8538901000,10849
8538902000,10850
8538903000,10851
8538905000,10852
8538909000,10853
8539100000,10854
8539210000,10855
8539221000,10856
8539223000,10857
8539229000,10858
8539290000,10859
8539310000,10860
8539321000,10861
8539322000,10862
8539323000,10863
85393910,10864
8539391010,10865
8539391090,10866
8539399000,10867
8539410000,10868
85394910,10869
8539491010,10870
8539491090,10871
8539492000,10872
8539510000,10873
8539520000,10874
8539901000,10875
8539902000,10876
8539909000,10877
8540110000,10878
8540120000,10879
8540200000,10880
8540400000,10881
8540601000,10882
8540609000,10883
8540710000,10884
8540791000,10885
8540799000,10886
8540810000,10887
8540891000,10888
8540892000,10889
8540899000,10890
8540910000,10891
8540990000,10892
8541101000,10893
8541109000,10894
8541211000,10895
8541219000,10896
8541291000,10897
8541299000,10898
8541301000,10899
8541302000,10900
8541303000,10901
8541304000,10902
8541411000,10903
8541419000,10904
8541420000,10905
8541430000,10906
8541491000,10907
8541492000,10908
8541493000,10909
8541499000,10910
8541511000,10911
8541512000,10912
8541513000,10913
8541514000,10914
8541591000,10915
8541599000,10916
8541601000,10917
8541609000,10918
8541902000,10919
8541903000,10920
8541909000,10921
8542311000,10922
8542312000,10923
8542313000,10924
8542314000,10925
85423210,10926
8542321010,10927
8542321020,10928
8542321030,10929
8542321090,10930
8542322000,10931
8542323000,10932
8542324000,10933
8542331000,10934
8542332000,10935
8542333000,10936
8542334000,10937
8542391000,10938
8542392000,10939
8542393000,10940
8542394000,10941
8542900000,10942
8543100000,10943
8543200000,10944
8543301000,10945
8543309000,10946
8543401000,10947
8543409000,10948
8543701000,10949
85437020,10950
8543702010,10951
8543702020,10952
8543702030,10953
8543702040,10954
8543702050,10955
8543702090,10956
8543703000,10957
8543705000,10958
85437090,10959
8543709010,10960
8543709020,10961
8543709040,10962
8543709050,10963
8543709060,10964
8543709070,10965
8543709090,10966
8543901000,10967
8543909000,10968
8544111000,10969
8544119000,10970
8544190000,10971
8544200000,10972
8544300000,10973
85444210,10974
8544421010,10975
8544421090,10976
85444220,10977
8544422010,10978
8544422090,10979
85444290,10980
8544429010,10981
8544429090,10982
85444910,10983
854449101,10984
8544491011,10985
8544491012,10986
8544491090,10987
85444920,10988
854449201,10989
8544492011,10990
8544492012,10991
8544492090,10992
85444990,10993
854449901,10994
8544499011,10995
8544499012,10996
8544499090,10997
85446010,10998
8544601010,10999
8544601090,11000
85446020,11001
8544602010,11002
8544602090,11003
85446030,11004
8544603010,11005
8544603090,11006
8544700000,11007
8545110000,11008
8545190000,11009
8545200000,11010
8545901000,11011
8545902000,11012
8545909000,11013
8546100000,11014
8546200000,11015
8546901000,11016
8546909000,11017
8547100000,11018
8547200000,11019
8547900000,11020
8548001000,11021
8548009000,11022
8549110000,11023
8549121000,11024
8549122000,11025
8549123000,11026
8549130000,11027
8549141000,11028
8549142000,11029
8549149000,11030
8549190000,11031
8549211000,11032
8549212000,11033
8549219000,11034
8549291000,11035
8549292000,11036
8549299000,11037
8549311000,11038
8549312000,11039
8549319000,11040
8549391000,11041
8549392000,11042
8549399000,11043
8549911000,11044
8549912000,11045
8549919000,11046
8549991000,11047
8549992000,11048
8549999000,11049
8601100000,11050
8601200000,11051
8602100000,11052
8602900000,11053
8603101000,11054
8603102000,11055
8603901000,11056
8603902000,11057
8604004000,11058
8604009000,11059
8605001000,11060
8605002000,11061
8605009000,11062
8606100000,11063
8606300000,11064
8606910000,11065
8606920000,11066
8606990000,11067
8607110000,11068
8607120000,11069
8607191000,11070
8607192000,11071
8607193000,11072
8607199000,11073
8607210000,11074
8607290000,11075
8607301000,11076
8607302000,11077
8607303000,11078
8607309000,11079
8607910000,11080
8607990000,11081
8608001000,11082
8608002000,11083
8608009000,11084
8609001000,11085
8609002000,11086
8609003000,11087
8609004000,11088
8609005000,11089
8609009000,11090
8701100000,11091
8701211000,11092
8701212000,11093
8701221000,11094
8701222000,11095
8701231000,11096
8701232000,11097
8701241000,11098
8701242000,11099
8701291000,11100
8701292000,11101
8701300000,11102
87019110,11103
8701911010,11104
8701911020,11105
8701912000,11106
8701919000,11107
87019210,11108
8701921010,11109
8701921020,11110
8701922000,11111
8701929000,11112
87019310,11113
8701931010,11114
8701931020,11115
8701932000,11116
8701939000,11117
87019410,11118
8701941010,11119
8701941020,11120
8701942000,11121
8701949000,11122
87019510,11123
8701951010,11124
8701951020,11125
8701952000,11126
8701959000,11127
87021010,11128
8702101010,11129
8702101020,11130
87021020,11131
8702102010,11132
8702102020,11133
87021030,11134
8702103010,11135
8702103020,11136
8702201000,11137
8702202000,11138
8702301000,11139
8702302000,11140
8702401000,11141
8702402000,11142
87029010,11143
8702901010,11144
8702901020,11145
87029020,11146
8702902010,11147
8702902020,11148
87029030,11149
8702903010,11150
8702903020,11151
8703101000,11152
8703102000,11153
8703109000,11154
8703217000,11155
8703218000,11156
8703227000,11157
8703228000,11158
87032310,11159
8703231010,11160
8703231020,11161
87032390,11162
8703239010,11163
8703239020,11164
87032410,11165
8703241010,11166
8703241020,11167
87032490,11168
8703249010,11169
8703249020,11170
8703317000,11171
8703318000,11172
87033210,11173
8703321010,11174
8703321020,11175
87033290,11176
8703329010,11177
8703329020,11178
8703337000,11179
8703338000,11180
8703401000,11181
8703402000,11182
8703501000,11183
8703502000,11184
8703601000,11185
8703602000,11186
8703701000,11187
8703702000,11188
8703801000,11189
8703802000,11190
8703900000,11191
8704100000,11192
87042110,11193
8704211010,11194
8704211020,11195
87042190,11196
8704219010,11197
8704219020,11198
8704219090,11199
87042210,11200
870422101,11201
8704221011,11202
8704221012,11203
870422109,11204
8704221091,11205
8704221092,11206
87042290,11207
8704229010,11208
8704229020,11209
8704229090,11210
87042310,11211
8704231010,11212
8704231020,11213
87042390,11214
8704239010,11215
8704239020,11216
8704239090,11217
87043110,11218
8704311010,11219
8704311020,11220
87043190,11221
8704319010,11222
8704319020,11223
8704319090,11224
87043210,11225
8704321010,11226
8704321020,11227
87043290,11228
8704329010,11229
8704329020,11230
8704329090,11231
87044110,11232
8704411010,11233
8704411020,11234
87044190,11235
8704419010,11236
8704419020,11237
8704419090,11238
87044210,11239
8704421010,11240
8704421020,11241
87044290,11242
8704429010,11243
8704429020,11244
8704429090,11245
87044310,11246
8704431010,11247
8704431020,11248
87044390,11249
8704439010,11250
8704439020,11251
8704439090,11252
87045110,11253
8704511010,11254
8704511020,11255
87045190,11256
8704519010,11257
8704519020,11258
8704519090,11259
87045210,11260
8704521010,11261
8704521020,11262
87045290,11263
8704529010,11264
8704529020,11265
8704529090,11266
87046010,11267
8704601010,11268
8704601020,11269
87046090,11270
8704609010,11271
8704609020,11272
8704609090,11273
87049010,11274
8704901010,11275
8704901020,11276
87049090,11277
8704909010,11278
8704909020,11279
8704909090,11280
8705101000,11281
8705102000,11282
8705109000,11283
8705200000,11284
8705300000,11285
8705400000,11286
87059010,11287
8705901010,11288
8705901090,11289
87059090,11290
8705909010,11291
8705909020,11292
8705909030,11293
8705909040,11294
8705909050,11295
8705909060,11296
8705909070,11297
8705909090,11298
8706001000,11299
8706002000,11300
8706003000,11301
8706004000,11302
8706005000,11303
8707100000,11304
8707901000,11305
8707902000,11306
8707903000,11307
8707904000,11308
8708100000,11309
8708210000,11310
8708220000,11311
8708290000,11312
8708301000,11313
8708302000,11314
8708303000,11315
8708309000,11316
8708400000,11317
8708501000,11318
8708502000,11319
8708700000,11320
8708800000,11321
8708910000,11322
8708920000,11323
8708930000,11324
8708940000,11325
8708951000,11326
8708959000,11327
87089910,11328
8708991010,11329
8708991020,11330
8708991030,11331
8708991040,11332
8708991050,11333
8708999000,11334
8709110000,11335
8709190000,11336
8709900000,11337
8710001000,11338
8710002000,11339
8710009000,11340
8711101000,11341
8711102000,11342
8711109000,11343
8711201000,11344
8711209000,11345
8711301000,11346
8711309000,11347
8711401000,11348
8711409000,11349
8711501000,11350
8711509000,11351
8711601000,11352
8711609000,11353
8711901000,11354
8711909000,11355
8712001000,11356
87120090,11357
8712009020,11358
8712009090,11359
8713100000,11360
8713900000,11361
8714101000,11362
8714109000,11363
8714200000,11364
8714911000,11365
8714912000,11366
8714919000,11367
8714921000,11368
8714922000,11369
8714931000,11370
8714932000,11371
8714941000,11372
8714949000,11373
8714950000,11374
8714961000,11375
8714962000,11376
8714969000,11377
8714990000,11378
8715000000,11379
8716100000,11380
8716200000,11381
8716310000,11382
8716390000,11383
8716400000,11384
8716801000,11385
8716802000,11386
8716803000,11387
8716809000,11388
8716901000,11389
8716909000,11390
8801001000,11391
88010090,11392
8801009010,11393
8801009090,11394
8802111000,11395
8802119000,11396
8802121000,11397
8802129000,11398
8802201000,11399
8802202000,11400
8802203000,11401
8802209000,11402
8802301000,11403
8802302000,11404
8802303000,11405
8802309000,11406
8802401000,11407
8802402000,11408
8802403000,11409
8802409000,11410
88026010,11411
8802601010,11412
8802601090,11413
8802602000,11414
8802603000,11415
8804001000,11416
8804002000,11417
88040090,11418
8804009010,11419
8804009020,11420
88051010,11421
8805101010,11422
8805101090,11423
88051020,11424
8805102010,11425
8805102090,11426
88051090,11427
8805109010,11428
8805109090,11429
8805211000,11430
8805212000,11431
88052910,11432
8805291010,11433
8805291090,11434
8805292000,11435
8806100000,11436
8806210000,11437
8806220000,11438
8806230000,11439
8806240000,11440
8806290000,11441
8806910000,11442
8806920000,11443
8806930000,11444
8806940000,11445
8806990000,11446
8807100000,11447
8807200000,11448
8807301000,11449
8807302000,11450
8807303000,11451
8807901000,11452
8807902000,11453
8807909000,11454
8901100000,11455
8901200000,11456
8901300000,11457
8901901000,11458
8901902000,11459
89020010,11460
8902001010,11461
8902001020,11462
8902001030,11463
8902001090,11464
89020020,11465
8902002010,11466
8902002090,11467
8903110000,11468
8903120000,11469
8903190000,11470
8903210000,11471
8903220000,11472
8903230000,11473
8903310000,11474
8903320000,11475
8903330000,11476
8903931000,11477
8903939000,11478
8903991000,11479
8903999000,11480
8904001000,11481
8904002000,11482
8904009000,11483
8905100000,11484
8905201000,11485
8905202000,11486
8905209000,11487
8905901000,11488
8905902000,11489
8905903000,11490
8905905000,11491
8905907000,11492
8905908000,11493
8905909000,11494
8906100000,11495
8906900000,11496
8907100000,11497
8907901000,11498
8907902000,11499
8907903000,11500
8907904000,11501
8907905000,11502
8907906000,11503
8907909000,11504
8908001000,11505
8908009000,11506
9001100000,11507
9001200000,11508
9001300000,11509
9001400000,11510
9001501000,11511
9001509000,11512
9001901000,11513
9001902000,11514
9001903000,11515
9001909000,11516
9002111000,11517
90021190,11518
9002119010,11519
9002119020,11520
9002119090,11521
9002191000,11522
9002199000,11523
9002201000,11524
9002209000,11525
9002901000,11526
90029090,11527
9002909010,11528
9002909090,11529
9003110000,11530
9003191000,11531
9003199000,11532
9003900000,11533
9004101000,11534
9004109000,11535
9004901000,11536
9004902000,11537
9004909000,11538
9005100000,11539
9005800000,11540
9005900000,11541
9006300000,11542
9006400000,11543
9006531000,11544
90065390,11545
9006539010,11546
9006539090,11547
9006591000,11548
9006599000,11549
9006610000,11550
9006690000,11551
9006910000,11552
9006990000,11553
9007100000,11554
9007200000,11555
9007910000,11556
9007920000,11557
9008500000,11558
9008900000,11559
9010101000,11560
90101090,11561
9010109010,11562
9010109090,11563
9010501000,11564
9010509000,11565
9010600000,11566
90109010,11567
9010901010,11568
9010901090,11569
9010902000,11570
9010909000,11571
9011101000,11572
9011109000,11573
90112010,11574
9011201010,11575
9011201090,11576
9011209000,11577
9011802000,11578
9011804000,11579
9011809000,11580
9011901000,11581
9011909000,11582
90121010,11583
9012101010,11584
9012101090,11585
9012102000,11586
9012901000,11587
9012909000,11588
9013101000,11589
9013109000,11590
9013200000,11591
9013802000,11592
9013803000,11593
9013809000,11594
9013902000,11595
9013909000,11596
90141010,11597
9014101010,11598
9014101090,11599
90141020,11600
9014102010,11601
9014102090,11602
9014109000,11603
9014200000,11604
9014800000,11605
9014901000,11606
9014909000,11607
9015100000,11608
9015200000,11609
9015300000,11610
9015400000,11611
9015801000,11612
9015802000,11613
9015803000,11614
9015804000,11615
9015805000,11616
9015809000,11617
9015900000,11618
9016001000,11619
9016002000,11620
9016008000,11621
9016009000,11622
9017101000,11623
9017109000,11624
90172010,11625
9017201010,11626
9017201090,11627
90172020,11628
9017202010,11629
9017202090,11630
9017203000,11631
9017209000,11632
9017301000,11633
9017302000,11634
9017303000,11635
9017309000,11636
9017801000,11637
90178090,11638
9017809010,11639
9017809090,11640
9017901000,11641
90179090,11642
9017909010,11643
9017909090,11644
9018111000,11645
9018119000,11646
9018121000,11647
9018129000,11648
9018131000,11649
9018139000,11650
9018140000,11651
9018191000,11652
9018192000,11653
9018194000,11654
9018197000,11655
9018198000,11656
9018199000,11657
9018201000,11658
9018209000,11659
9018310000,11660
9018321000,11661
9018322000,11662
9018329000,11663
9018391000,11664
9018392000,11665
9018398000,11666
9018399000,11667
9018411000,11668
9018419000,11669
9018491000,11670
9018492000,11671
9018493000,11672
9018498000,11673
9018499000,11674
90185010,11675
9018501010,11676
9018501090,11677
9018509000,11678
9018901000,11679
90189020,11680
9018902010,11681
9018902090,11682
9018903000,11683
9018904000,11684
9018905000,11685
9018906000,11686
9018907000,11687
9018908,11688
90189081,11689
9018908110,11690
9018908190,11691
9018908900,11692
9018909000,11693
9019101000,11694
9019102000,11695
9019103000,11696
9019109000,11697
9019202000,11698
9019203000,11699
9019204000,11700
9019208000,11701
9019209000,11702
9020001000,11703
9020008000,11704
9020009000,11705
9021100000,11706
9021210000,11707
9021290000,11708
9021310000,11709
9021390000,11710
9021400000,11711
9021500000,11712
9021901000,11713
9021908000,11714
9021909000,11715
9022120000,11716
9022130000,11717
90221410,11718
9022141020,11719
9022141030,11720
9022141090,11721
9022142000,11722
9022191000,11723
9022192000,11724
9022199000,11725
90222110,11726
9022211020,11727
9022211030,11728
9022211090,11729
9022212000,11730
9022291000,11731
9022292000,11732
9022299000,11733
9022300000,11734
90229010,11735
9022901010,11736
9022901020,11737
9022901030,11738
9022901090,11739
90229090,11740
9022909010,11741
9022909090,11742
9023001000,11743
9023009000,11744
9024101000,11745
9024102000,11746
9024104000,11747
9024105000,11748
9024106000,11749
9024109000,11750
90248010,11751
9024801020,11752
9024801090,11753
90248090,11754
9024809010,11755
9024809090,11756
9024901000,11757
9024909000,11758
9025111000,11759
9025119000,11760
9025191000,11761
90251920,11762
9025192010,11763
9025192090,11764
9025801000,11765
9025802000,11766
9025803000,11767
9025809000,11768
9025900000,11769
9026101000,11770
9026102000,11771
9026202000,11772
9026203000,11773
9026204000,11774
9026209000,11775
9026801000,11776
9026802000,11777
9026809000,11778
9026900000,11779
9027100000,11780
9027200000,11781
9027303000,11782
9027304000,11783
9027501000,11784
9027502000,11785
9027503000,11786
9027504000,11787
9027509000,11788
9027810000,11789
9027891000,11790
90278920,11791
9027892010,11792
9027892020,11793
9027892030,11794
9027892090,11795
9027901000,11796
90279090,11797
9027909010,11798
902790909,11799
9027909091,11800
9027909099,11801
90281010,11802
9028101010,11803
9028101090,11804
9028102000,11805
90282010,11806
9028201010,11807
9028201090,11808
9028202000,11809
90283010,11810
9028301010,11811
9028301020,11812
9028302000,11813
9028900000,11814
9029101000,11815
9029102000,11816
9029109000,11817
90292010,11818
9029201010,11819
9029201090,11820
9029202000,11821
9029900000,11822
9030100000,11823
9030200000,11824
9030310000,11825
9030320000,11826
9030331000,11827
9030332000,11828
9030333000,11829
9030334000,11830
9030339000,11831
9030391000,11832
9030392000,11833
9030393000,11834
9030394000,11835
9030396000,11836
9030399000,11837
9030400000,11838
9030820000,11839
9030840000,11840
9030890000,11841
9030901000,11842
9030909000,11843
9031100000,11844
9031200000,11845
9031412000,11846
9031419000,11847
9031491000,11848
90314940,11849
9031494010,11850
9031494090,11851
9031499000,11852
9031801000,11853
9031802000,11854
90318090,11855
9031809010,11856
9031809020,11857
9031809060,11858
9031809070,11859
9031809080,11860
903180909,11861
9031809091,11862
9031809099,11863
90319010,11864
9031901010,11865
9031901090,11866
9031909000,11867
90321010,11868
9032101010,11869
9032101020,11870
9032101090,11871
9032102000,11872
9032200000,11873
9032811000,11874
9032812000,11875
9032819000,11876
90328910,11877
9032891010,11878
9032891090,11879
90328920,11880
9032892010,11881
9032892090,11882
90328930,11883
9032893010,11884
9032893090,11885
90328940,11886
9032894010,11887
903289409,11888
9032894091,11889
9032894099,11890
90328990,11891
9032899010,11892
9032899090,11893
9032901000,11894
9032909000,11895
9033000000,11896
9101110000,11897
9101190000,11898
9101210000,11899
9101290000,11900
9101910000,11901
9101990000,11902
9102111000,11903
9102112000,11904
91021190,11905
9102119010,11906
9102119090,11907
9102121000,11908
91021290,11909
9102129010,11910
9102129020,11911
9102129090,11912
9102191000,11913
91021990,11914
9102199010,11915
9102199020,11916
9102199090,11917
9102211000,11918
9102212000,11919
9102219000,11920
9102291000,11921
9102292000,11922
9102299000,11923
9102911000,11924
9102912000,11925
91029190,11926
9102919010,11927
9102919090,11928
9102991000,11929
9102992000,11930
9102999000,11931
9103100000,11932
9103900000,11933
9104000000,11934
9105110000,11935
9105190000,11936
9105210000,11937
9105290000,11938
9105910000,11939
9105990000,11940
9106100000,11941
9106902000,11942
9106909000,11943
9107000000,11944
9108110000,11945
9108120000,11946
9108190000,11947
9108200000,11948
9108900000,11949
9109100000,11950
9109900000,11951
9110110000,11952
9110120000,11953
9110190000,11954
9110900000,11955
9111100000,11956
9111200000,11957
9111800000,11958
9111901000,11959
9111909000,11960
9112200000,11961
9112900000,11962
9113100000,11963
9113200000,11964
9113901000,11965
9113902000,11966
9113909000,11967
9114300000,11968
9114400000,11969
9114900000,11970
9201100000,11971
9201200000,11972
9201900000,11973
9202101000,11974
9202102000,11975
9202109000,11976
9202901000,11977
9202902000,11978
9202909000,11979
9205101000,11980
9205109000,11981
92059010,11982
9205901010,11983
9205901020,11984
9205901030,11985
9205901040,11986
9205901090,11987
9205902000,11988
9205903000,11989
9205904000,11990
9205909000,11991
9206001000,11992
9206003000,11993
9206009000,11994
9207101000,11995
9207103000,11996
9207109000,11997
9207901000,11998
9207902000,11999
9207909000,12000
9208100000,12001
9208900000,12002
9209301000,12003
9209309000,12004
9209910000,12005
9209920000,12006
9209940000,12007
9209990000,12008
9301101000,12009
9301109000,12010
9301200000,12011
9301901000,12012
93019020,12013
9301902010,12014
9301902020,12015
9301902030,12016
9301902090,12017
9301903000,12018
93019040,12019
9301904010,12020
9301904090,12021
9301909000,12022
93020010,12023
9302001010,12024
930200102,12025
9302001021,12026
9302001029,12027
9302001030,12028
9302001090,12029
93020090,12030
9302009010,12031
930200902,12032
9302009021,12033
9302009029,12034
9302009030,12035
9302009090,12036
9303100000,12037
93032010,12038
930320101,12039
9303201011,12040
9303201012,12041
9303201019,12042
9303201020,12043
9303201090,12044
93032090,12045
930320901,12046
9303209011,12047
9303209012,12048
9303209019,12049
9303209020,12050
9303209090,12051
93033010,12052
9303301010,12053
9303301020,12054
9303301090,12055
93033090,12056
9303309010,12057
9303309020,12058
9303309090,12059
9303900000,12060
9304001000,12061
9304009000,12062
93051010,12063
9305101010,12064
9305101020,12065
9305101030,12066
9305101040,12067
9305101050,12068
9305101060,12069
9305101070,12070
9305101080,12071
9305101090,12072
93051090,12073
9305109010,12074
9305109020,12075
9305109030,12076
9305109040,12077
9305109050,12078
9305109060,12079
9305109070,12080
9305109080,12081
9305109090,12082
9305201000,12083
93052090,12084
9305209010,12085
9305209020,12086
9305209090,12087
93059110,12088
9305911010,12089
9305911020,12090
9305911030,12091
9305911040,12092
9305911050,12093
9305911060,12094
9305911070,12095
9305911080,12096
9305911090,12097
9305919000,12098
9305990000,12099
9306210000,12100
9306290000,12101
9306301000,12102
9306309000,12103
9306900000,12104
9307000000,12105
9401100000,12106
9401200000,12107
9401311000,12108
9401319000,12109
9401391000,12110
9401399000,12111
9401410000,12112
9401490000,12113
9401520000,12114
9401530000,12115
9401590000,12116
9401611000,12117
9401619000,12118
9401691000,12119
9401699000,12120
9401711000,12121
9401719000,12122
9401791000,12123
9401799000,12124
9401800000,12125
9401910000,12126
9401991000,12127
9401999000,12128
9402101000,12129
94021090,12130
9402109010,12131
9402109090,12132
9402901000,12133
9402908000,12134
9402909000,12135
9403100000,12136
9403201000,12137
9403209000,12138
9403301000,12139
9403309000,12140
9403401000,12141
9403409000,12142
9403501000,12143
9403509000,12144
9403601000,12145
94036090,12146
9403609010,12147
9403609020,12148
9403609030,12149
9403609090,12150
9403700000,12151
9403820000,12152
9403830000,12153
9403890000,12154
9403910000,12155
9403990000,12156
9404100000,12157
9404210000,12158
9404290000,12159
9404300000,12160
9404400000,12161
9404900000,12162
9405110000,12163
9405191000,12164
9405192000,12165
9405199000,12166
9405210000,12167
9405291000,12168
9405299000,12169
9405310000,12170
9405390000,12171
9405410000,12172
9405420000,12173
9405491000,12174
9405492000,12175
9405493000,12176
9405499000,12177
9405500000,12178
9405610000,12179
9405691000,12180
9405692000,12181
9405699000,12182
9405910000,12183
9405920000,12184
9405990000,12185
9406100000,12186
9406200000,12187
9406901000,12188
9406902000,12189
9406903000,12190
9406909000,12191
9503001,12192
9503001100,12193
9503001200,12194
9503001300,12195
9503001800,12196
9503001900,12197
9503002,12198
95030021,12199
9503002110,12200
9503002120,12201
9503002130,12202
9503002140,12203
9503002150,12204
9503002160,12205
9503002190,12206
95030029,12207
9503002910,12208
9503002990,12209
9503003,12210
95030031,12211
9503003110,12212
9503003190,12213
9503003200,12214
9503003300,12215
95030034,12216
950300341,12217
9503003411,12218
9503003419,12219
950300349,12220
9503003491,12221
9503003492,12222
9503003493,12223
9503003495,12224
9503003496,12225
9503003497,12226
9503003499,12227
9503003500,12228
9503003600,12229
9503003700,12230
9503003800,12231
95030039,12232
950300391,12233
9503003911,12234
9503003919,12235
9503003990,12236
9504201000,12237
9504202000,12238
9504209000,12239
9504301000,12240
9504309000,12241
9504400000,12242
9504501000,12243
9504509000,12244
95049010,12245
9504901020,12246
9504901030,12247
9504901040,12248
9504901050,12249
9504901090,12250
9504902000,12251
9504903000,12252
95049090,12253
9504909020,12254
9504909090,12255
9505100000,12256
9505900000,12257
9506110000,12258
9506120000,12259
9506190000,12260
9506210000,12261
9506290000,12262
9506310000,12263
9506320000,12264
9506391000,12265
9506399000,12266
9506401000,12267
9506402000,12268
9506403000,12269
9506409000,12270
9506510000,12271
9506591000,12272
9506599000,12273
9506610000,12274
9506621000,12275
9506622000,12276
9506623000,12277
9506629000,12278
9506691000,12279
9506692000,12280
9506699000,12281
9506700000,12282
9506910000,12283
9506990000,12284
9507101000,12285
9507102000,12286
9507109000,12287
9507200000,12288
9507300000,12289
9507901000,12290
9507909000,12291
9508100000,12292
9508210000,12293
9508220000,12294
9508230000,12295
9508240000,12296
9508250000,12297
9508260000,12298
9508290000,12299
9508300000,12300
9508400000,12301
9601100000,12302
96019010,12303
9601901010,12304
9601901090,12305
96019090,12306
9601909010,12307
9601909090,12308
9602001000,12309
96020090,12310
9602009010,12311
9602009090,12312
9603100000,12313
9603210000,12314
9603290000,12315
9603300000,12316
9603400000,12317
9603500000,12318
9603900000,12319
9604000000,12320
9605000000,12321
9606100000,12322
9606210000,12323
9606220000,12324
9606291000,12325
9606299000,12326
9606300000,12327
9607110000,12328
9607191000,12329
9607199000,12330
9607201000,12331
9607202000,12332
9607209000,12333
9608100000,12334
9608200000,12335
9608301000,12336
9608309000,12337
9608400000,12338
9608500000,12339
9608600000,12340
9608911000,12341
9608912000,12342
9608991000,12343
9608999000,12344
9609101000,12345
9609102000,12346
9609103000,12347
9609200000,12348
9609901000,12349
9609902000,12350
9609903000,12351
9609909000,12352
9610000000,12353
9611001000,12354
9611009000,12355
9612102000,12356
9612109000,12357
9612200000,12358
9613100000,12359
9613200000,12360
9613800000,12361
9613900000,12362
9614000000,12363
9615111000,12364
9615119000,12365
9615191000,12366
9615199000,12367
9615901000,12368
9615909000,12369
9616100000,12370
9616200000,12371
9617001000,12372
9617002000,12373
9617008000,12374
9617009000,12375
9618001000,12376
9618009000,12377
96190010,12378
9619001010,12379
9619001090,12380
9619002000,12381
96190030,12382
9619003010,12383
9619003020,12384
9619004000,12385
96190090,12386
9619009010,12387
9619009090,12388
9620000000,12389
9701211000,12390
9701212000,12391
9701213000,12392
9701220000,12393
9701290000,12394
9701911000,12395
9701912000,12396
9701913000,12397
9701920000,12398
9701990000,12399
9702101000,12400
9702102000,12401
9702103000,12402
9702901000,12403
9702902000,12404
9702903000,12405
9703101000,12406
9703102000,12407
9703901000,12408
9703902000,12409
9704000000,12410
9705100000,12411
9705210000,12412
9705220000,12413
9705290000,12414
9705310000,12415
9705390000,12416
9706101000,12417
9706102000,12418
9706103000,12419
9706901000,12420
9706902000,12421
9706903000,12422