1046132,50003958
1046133,50003958
1046134,50003958
1046129,50003958
1046124,50003958
1046130,50003958
1046131,50003958
1046128,50003958
1046126,50003958
1046127,50003958
1046106,50003958
1046107,50003958
1046105,50003958
1048153,50003404
1048152,50003404
1048154,50003404
1048155,50003404
1048156,50003404
1048149,50003404
1048148,50003404
1048146,50003404
1048147,50003404
1048150,50003404
1048151,50003404
1048145,50003404
1048141,50003404
1048142,50003404
1048143,50003404
1048144,50003404
1048138,50003404
1031655,50002068
1034595,50003404
1034599,50015160
1034597,50015160
1034598,50015160
1034600,50015160
1034601,50015160
1041115,50015160
1034603,50015160
1034602,50015160
1034606,50015160
1034604,50015160
1034605,50015160
1034596,50015160
1046159,50003404
1046160,50003404
1046158,50003404
1046161,50003404
1046157,50003404
1046163,50003404
1046164,50003404
1046162,50003404
1046156,50003404
1036890,50003691
1046277,50003691
1034918,50003691
1034919,50003691
1034920,50003691
1034917,50003691
1036853,50003691
1034921,50003691
1034922,50003691
1036854,50003691
10388,50003691
1032599,50003288
1032598,50003288
1036781,50003459
1036846,50003459
1036731,50003288
1036732,50003459
1036847,50003459
1034926,50003288
1034925,50003288
1034924,50003376
1034923,50003459
1036870,50003459
1036865,50003459
201159702,50003288
201162605,50003288
201160205,50003288
10390,50003459
1042605,50003459
1045953,50003404
1045952,50003404
1045950,50003404
1045951,50003404
1045949,50003404
1045954,50003404
1045955,50003404
1045957,50003404
1045956,50003404
1045948,50003404
1046167,50003404
1046168,50003404
1046166,50003404
1046169,50003404
1046170,50003404
1046165,50003404
1034556,50003404
1037254,50003404
10393,50003404
1040323,50003404
1040336,50003404
1040299,50003404
1040315,50003404
1040353,50003404
1040355,50003404
1040354,50003404
1040359,50003404
201156206,50003404
201156703,50003404
201156307,50003404
201160206,50003404
201156005,50003404
1040298,50003404
1045971,50003404
1045970,50003404
1045972,50003404
1045975,50003404
1045973,50003404
1045974,50003404
1045976,50003404
201494101,50003404
1045968,50003404
1046188,50003404
1046190,50003404
1046186,50003404
1046087,50009380
1046088,50009380
1046089,50009380
1046085,50001796
1046086,50009380
1046084,50009380
1036595,50003404
1031641,50003532
1044107,50003532
1044105,50003532
1044099,50003532
1044095,50003532
201157105,50005482
201156506,50003127
201156306,50005482
201160306,50005482
201156305,50005482
1037250,50003288
201157407,50003288
201156606,50003288
201156705,50003288
201160804,50003288
201156904,50003288
201163104,50003288
201155906,50003288
201158202,50003288
201160507,50003288
201158306,50003793
201158609,50003793
201161305,50003793
201156704,50003288
201475601,50003288
201160606,50003404
201160106,50003404
201160006,50003404
201157606,50007629
201157008,50003404
201161105,50003376
201156604,50003376
201160304,50003376
201159803,50003376
201360736,50003404
201349349,50003404
201353859,50003404
201348962,50003404
201359554,50003404
201373405,50003404
1034591,50003404
201493901,50003404
1035661,50003404
201161111,50003404
201157009,50003404
201156103,50001796
201158105,50001034
201160805,50003404
10386,50003404
201155606,50003404
201163503,50003404
201157207,50003404
201160803,50003404
201161003,50003404
201158707,50003404
201157906,50003404
55,50003404
1034110,50001964
3416,50001964
1034112,50002082
1917,50004616
1913,50002082
1916,50004615
1914,50002082
1915,50002074
1901,50000267
1903,50000267
3417,50002082
1034119,50001032
1034122,50002979
1034113,50002979
1034117,50002979
1034118,50003443
3418,50003443
1034129,50001508
1036819,50001509
1034123,50003439
1034124,50003439
1034126,50003439
1034128,50003439
1034125,50003439
3419,50003439
1034101,50003767
1034102,50003443
1034103,50003514
1034104,50003767
94,50003767
1918,50000268
1919,50000378
1907,50002113
1902,50000267
19,50000267
1034141,50003439
1034139,50003439
1034140,50003439
1034142,50003439
503,50003439
2131,50003439
1034143,50003439
1034145,50003439
1034146,50003439
3422,50001498
1034133,50003439
1034134,50002146
1034136,50001968
3421,50003439
1034158,50000098
3423,50000098
53,50000098
1034589,50003404
1036888,50003404
10398,50003404
1045911,50003404
1045921,50003404
1045912,50003404
1045913,50003404
1045916,50003404
1045922,50003404
1045925,50003404
1045927,50003404
1045928,50003404
1045923,50003404
1045924,50003404
1045926,50003404
1048105,50003404
201466003,50003404
201471703,50003404
1045905,50003404
1031645,50003404
10395,50003404
1036790,50003404
1034934,50003404
1034935,50003404
1034938,50003404
1034939,50003404
1034936,50003404
1034937,50003404
1034932,50003404
1034931,50003404
1034933,50003404
1031644,50003404
1034900,50003404
1034904,50003404
1034901,50003404
1034902,50003404
1034905,50003404
1037228,50003404
1037229,50003404
1037230,50003404
1037231,50003404
1037232,50003404
1041111,50003404
1041112,50003404
1041113,50003404
1041108,50003404
1041109,50003404
1041110,50003404
1041114,50003404
1043452,50003404
1034899,50003404
1034894,50003404
1034893,50003404
1034897,50003404
1034898,50003404
1034896,50003404
1037227,50003404
1037225,50003404
1037226,50003404
1037224,50003404
1037223,50003404
1037222,50003404
1041107,50003404
1042775,50003404
1042774,50003404
1042772,50003404
1042773,50003404
1042771,50003404
1047924,50003404
1034891,50003404
1036942,50003404
1036943,50003404
1036946,50003404
1036947,50003404
1036945,50003404
1036944,50003404
1042768,50003404
1042769,50003404
1042767,50003404
1042770,50003404
1047917,50003404
1047918,50003404
1047919,50003404
1047920,50003404
1047922,50003404
1047923,50003404
1047921,50003404
1041126,50003404
1036444,50003404
1036445,50003404
1036446,50003404
1036729,50003404
1037040,50003404
1036451,50003404
1036447,50003404
1036452,50003404
1036450,50003404
1036448,50003404
1036449,50003404
1037253,50003404
1041762,50003404
1036941,50003404
1047912,50003404
1047910,50003404
1047911,50003404
1047913,50003404
1047914,50003404
1047915,50003404
1047916,50003404
1047909,50003404
1047908,50003404
1031642,50003404
1035768,50003404
1035769,50003404
1035770,50003404
1031643,50003404
1046928,50003404
1034887,50003404
1034889,50003404
1035771,50003404
1035772,50003404
10387,50003404
1031639,50003404
1034906,50003404
1034907,50003404
1045118,50003404
1045119,50003404
1045116,50003404
1045117,50003404
1045107,50003404
1034913,50003404
1034908,50003404
1034912,50003404
1034910,50003404
1034911,50003404
1034909,50003404
1034914,50003404
1034915,50003404
1034916,50003404
1045020,50003404
1045022,50003404
202028501,50003404
1031640,50003404
1046135,50003376
1046136,50003376
1036875,50003376
1036876,50003376
1036874,50003376
1036877,50003376
1036879,50003376
1036867,50003376
1036868,50003376
1036871,50003376
1036872,50003376
1036873,50003376
1036869,50003376
1036866,50003383
201163403,50003383
1032600,50003383
1037133,50003404
1034927,50003404
1034928,50003465
1034930,50003465
1034929,50003404
201160703,50003404
10396,50003404
10397,50003404
1046279,50003404
1047325,50003404
1047326,50003404
1047323,50003404
1047322,50003404
1034941,50004117
1034944,50004117
1034942,50004117
1034943,50004117
1034945,50004117
1034940,50004117
10113,50004117
1031783,50000849
1031784,50000849
424,50000849
429,50000849
1031771,50000849
1031768,50000849
1046642,50000849
410,50000849
1031762,50000849
1031763,50000849
1031765,50000849
1031766,50000849
1031767,50000849
412,50000849
1031777,50000849
1031775,50000849
1031779,50000849
1031776,50000849
1031773,50000849
1031774,50000849
1031772,50000849
1046639,50000849
411,50000849
4,50000849
1033955,50015160
1033956,50015160
1033957,50015160
1033958,50015160
1033959,50015160
10343,50015160
1034826,50015160
1035220,50001508
1035221,50002129
1035219,50001508
1035216,50001508
1035215,50001508
1035218,50001508
10235,50001508
1034827,50015160
10408,50015160
1032246,50015160
1032247,50015160
1031860,50015160
10183,50015160
1032339,50015160
1032340,50015160
1037160,50015160
1033947,50015160
1033946,50015160
1033948,50005260
1033949,50015160
1033950,50015160
1033954,50015160
1033952,50015160
1033953,50015160
1033951,50015160
1033273,50015160
1034824,50015160
1034825,50015160
1040642,50015160
200770003,50015160
200818002,50015160
200830001,50015160
200806003,50015160
200784003,50015160
200784004,50015160
200800002,50015160
200778007,50015160
200832001,50015160
200834001,50015160
200834002,50015160
200876002,50015160
200774004,50015160
1032243,50015160
200806006,50015160
200790006,50004130
200800008,50015160
200782005,50015160
200842003,50015160
200828004,50015160
1040247,50015160
202053708,50003443
202055212,50015160
202060914,50003443
201895101,50015160
202053613,50015160
1039748,50015160
1038333,50015160
1040193,50015160
202053507,50015160
202060611,50003138
202061004,50015160
202052313,50003963
202063409,50001617
202052907,50001511
202054108,50001579
202057507,50001504
202059609,50001511
202059610,50015160
201229709,50015160
50910,50015160
1033944,50001498
1033945,50001498
1033943,50001498
126566001,50001498
126568001,50001498
126570001,50001498
126566002,50001498
126562001,50001498
126564001,50001498
126570002,50001498
126572001,50001498
126574001,50001498
50916,50001498
202009602,50001498
126450002,50001498
202002403,50001498
202010401,50001498
202010501,50001498
126594004,50001498
1043726,50015160
202054209,50015160
202061907,50015160
202055209,50015160
202051512,50015160
202053410,50015160
202055110,50015160
202056708,50015160
202063608,50015160
202051113,50015160
202053010,50015160
202053106,50015160
202054512,50015160
202060209,50015160
202053911,50015160
202054009,50015160
202055509,50015160
202057609,50015160
126628001,50015160
1038219,50015160
127142007,50015160
127156002,50015160
127310004,50015160
127200002,50015160
127192002,50015160
127200001,50015160
127202002,50015160
127202003,50015160
127202001,50015160
127202004,50015160
127186003,50015160
127174004,50015160
127182005,50015160
127186004,50015160
127160005,50015160
127160006,50015160
127170003,50015160
127164002,50015160
127172004,50015160
127172005,50015160
127172007,50015160
127174001,50015160
127172001,50015160
127172006,50015160
127156004,50015160
127156003,50015160
127160004,50015160
127156005,50015160
127202005,50015160
127204001,50015160
127206001,50015160
127206002,50015160
127208001,50015160
127170001,50015160
1039392,50015160
127786006,50015160
127750005,50015160
127752007,50015160
127740009,50015160
127746007,50015160
127742007,50015160
127668043,50015160
127764007,50015160
127770008,50015160
127778008,50015160
127676048,50015160
200770002,50015160
200828001,50015160
200826001,50015160
1411,50015160
200794002,50015160
200804005,50015160
200778004,50015160
200798002,50015160
1035014,50015160
1035015,50015160
1035621,50015160
1034051,50015160
1034052,50015160
1034050,50015160
202009502,50015160
202006803,50015160
202004202,50015160
202006702,50015160
202014503,50015160
202053612,50015160
202003004,50015160
202014002,50015160
126510003,50015160
202002904,50015160
202012403,50015160
202012302,50015160
202007804,50015160
202007805,50015160
202008803,50015160
202033906,50015160
202052115,50015160
202002002,50015160
1040236,50015160
202054302,50015160
202057807,50015160
202058807,50015160
202056205,50015160
202058312,50001579
202051307,50015160
202063207,50015160
202052709,50015160
202055811,50015160
202028109,50015160
202058309,50015160
1039960,50015160
127878011,50015160
127896021,50015160
127898015,50015160
202028701,50015160
1032294,50003927
1032288,50003927
1032290,50003927
1033934,50001925
10225,50003927
1034965,50003927
123612010,50003927
121192026,50003927
126582001,50003927
126584002,50003927
201331327,50003927
126590001,50003927
126586001,50003927
201340127,50003927
126572002,50003927
126572003,50003927
201345719,50003927
1034964,50003927
1034962,50003927
1032298,50003927
10226,50003927
10223,50003446
1034968,50003446
1032284,50003451
1034967,50001119
1034895,50003927
1039216,50003927
122258004,50003927
122250002,50003927
122240007,50003146
122274001,50007247
122278001,50002136
123618005,50003335
122218012,50003335
122268002,50001579
123610008,50001579
123610007,50001579
123622009,50003340
123622010,50003340
122258003,50001579
123612008,50001119
124264006,50002656
124190018,50002656
124280001,50002656
123616018,50002656
124262008,50003924
124268006,50002656
124270006,50002656
124274002,50002656
124274003,50002656
124188004,50002656
124272006,50002656
124268005,50002656
1046922,50003340
123610006,50003340
1036911,50003927
121186013,50001853
121186014,50001853
1032338,50003927
1034976,50001119
1034977,50001119
1034979,50001119
1034978,50001119
1032348,50001119
123616011,50007247
123616012,50007247
1032346,50003334
1032344,50003341
1032347,50003340
1032342,50003924
121192032,50001119
121192033,50001119
10227,50001119
1035256,50001119
1035255,50001119
1035087,50001119
121192011,50000882
121192016,50007247
121192012,50007247
121192015,50007247
1046762,50007247
123616002,50007247
1046821,50007247
201339717,50003239
201340017,50007247
121192010,50007247
122280002,50002775
123618010,50002775
122242005,50002775
123612014,50002775
122198007,50002115
123616016,50003340
123612012,50003340
122222005,50003927
122280001,50003340
123610019,50003465
123616023,50003340
123622006,50003341
123622005,50001119
123620005,50001119
122196010,50001119
123608016,50001119
123608014,50001119
123608015,50001119
123616006,50001119
123620004,50001119
1034980,50001119
1034981,50001119
1035251,50001119
1035252,50005301
1035253,50001119
1032345,50005482
1035254,50001119
1035250,50001119
122220007,50001593
122254004,50001593
123620011,50001593
123620012,50001593
123608008,50001593
123610012,50007342
123622016,50007342
123622015,50007342
123612011,50007342
123616015,50007342
123620014,50007342
123616014,50007342
122276002,50001579
123622007,50001579
123608005,50001579
123620007,50001579
123620006,50001579
123620008,50001579
123616009,50001579
123616007,50001579
123616008,50001579
123616005,50001579
121190020,50003927
123618002,50003927
123612006,50003927
121188017,50003927
123616013,50003391
121188016,50003927
123616010,50003927
123622014,50003927
123622012,50003927
123622013,50003927
123622011,50003927
123610011,50003927
123610010,50003927
123612009,50003927
123608009,50003927
123608010,50003927
123608011,50003927
123620013,50003927
123618011,50003340
123862004,50003340
121192019,50003340
122938005,50003340
123610002,50003340
1046765,50003340
126580002,50003340
126576003,50003340
201270263,50003340
201303723,50003340
1032772,50003927
127926012,50003927
201334221,50003927
201348401,50003927
127902014,50003927
201772202,50003927
127872009,50003927
1330,50003927
1032767,50003341
1034963,50003341
121186009,50003341
121192017,50003341
201883804,50003341
201903201,50003341
10222,50003924
1032266,50003341
1032286,50003341
1032282,50003341
1032273,50003342
1032276,50003341
1032275,50003341
1032274,50003341
1032277,50003341
1036007,50003341
1037947,50003342
527,50003341
58,50003341
1036607,50005911
1035620,50005911
10457,50005911
1034224,50002107
1034223,50002107
1034217,50008288
1034218,50000951
1034216,50008288
1034222,50008288
1034220,50008288
1034219,50008288
1042576,50008288
1042930,50008288
1034215,50008288
1034212,50008288
1034214,50008288
1045002,50008288
2415,50008288
1034230,50002324
1034108,50007304
1034107,50002974
1034105,50002974
1034106,50002974
1036818,50002974
1034109,50002326
127868024,50003459
127868025,50003459
127888011,50003459
127926018,50003459
126722001,50003459
126724001,50003459
126730002,50003459
126734001,50003459
127866025,50003459
127866026,50003459
127886022,50003459
127886023,50003459
127886024,50003459
127924023,50003459
202026809,50003459
202031204,50003459
202038301,50003459
127880017,50003459
127902022,50003459
127902023,50003459
127902024,50003459
202036501,50003459
126698001,50003459
126712002,50003459
126698002,50003459
127864017,50003459
127884014,50003459
127882018,50003459
127914019,50003459
127914018,50003459
202063303,50003459
127878012,50003459
127878013,50003459
202034802,50003459
127890020,50003459
127870019,50003459
202027903,50003459
202057406,50003459
127874020,50003459
127894014,50003459
127894013,50003459
202028110,50003459
202033802,50003459
126696001,50003459
1032242,50003459
200768009,50003459
200804009,50003459
200804008,50003459
200776007,50003459
200776006,50003459
200800009,50003459
1038818,50003459
200768002,50003459
200822001,50003459
200820001,50003459
200812001,50003459
200814001,50003459
200818001,50003459
200816001,50003459
200806002,50003459
200804004,50003459
200778003,50003459
200804003,50003459
1039427,50003459
202052312,50003459
202062107,50003459
202053706,50003459
202057210,50003459
202057011,50003459
202058906,50003459
202026813,50003459
202051417,50003459
202053511,50003459
202060810,50003459
202063609,50003459
202058310,50003459
202058407,50003459
202063308,50003459
202054412,50003459
202059906,50003459
202062310,50003459
202051712,50003459
202055409,50003459
202059315,50003459
202064006,50003459
202059509,50003459
201549101,50003459
1040005,50001964
1032329,50002748
202061011,50001212
202063203,50001212
202061802,50001404
202058705,50000209
1034138,50002009
1034137,50001500
1033960,50001506
1033961,50001506
1033962,50001511
1033963,50001511
1033964,50001511
50901,50001506
202036504,50001511
50904,50001511
202032404,50001500
50909,50001511
50905,50001511
1039226,50002116
1039371,50002116
202053506,50002114
202063603,50002114
202054907,50002115
202054005,50002114
202051424,50002114
202061303,50002114
523,50001511
202009002,50003459
202010301,50003459
202003203,50003459
126606001,50003459
126608001,50003459
202001703,50003459
202010801,50003459
126586002,50003459
202010601,50003459
202010701,50003459
126478004,50003459
126574003,50003459
202008602,50003459
202008901,50003459
126574002,50003459
1039966,50003459
202063402,50003459
202058304,50003459
202060408,50003459
202058204,50015200
202057603,50015200
202057505,50015200
202054203,50003459
1038199,50003459
202055711,50003459
202004103,50003459
202063611,50003459
202053513,50003459
202053914,50003459
202061811,50003459
202059412,50003459
57,50003459
1032287,50003459
1032292,50003335
1032291,50001119
1036821,50001119
122272001,50001119
10221,50001119
1034969,50001119
1034971,50001119
1034970,50001119
1034974,50001119
1034975,50001119
1034972,50001119
1034973,50001119
121192020,50001119
121192021,50001119
1046770,50001119
1046771,50001119
1046772,50001119
1046793,50001119
121188013,50001119
126480002,50001119
126508003,50001119
126512002,50001119
201867202,50001119
126476004,50001119
10217,50001119
123610014,50001119
123612013,50001119
123608012,50001119
123616017,50001119
125064002,50001119
123610013,50001119
122276001,50001119
123610016,50001119
122268003,50001119
123622008,50001119
123612007,50001119
121192022,50001119
122196009,50001119
122264002,50001119
122198006,50001119
123618004,50001119
123618013,50001119
123622018,50001119
123610018,50001119
123616022,50001119
123616021,50001119
123618014,50001119
123612017,50001119
123608013,50001119
123620017,50001119
123616020,50001119
1035280,50003341
1035276,50003341
1035277,50003341
1035279,50003341
1035278,50003341
1035275,50003341
1032279,50003341
1032283,50003341
1032285,50003341
1035273,50003341
1035274,50003341
10219,50003341
122794008,50002656
1032766,50001119
123858002,50001119
123858003,50001119
123620001,50001119
1037949,50001119
201308616,50001119
10220,50001119
123618012,50001119
123644001,50001119
123642001,50001119
1032299,50001119
1032296,50001119
123622017,50001119
10130,50000849
10129,50000849
10128,50000849
1031692,50000849
1046619,50000849
10127,50000849
1031716,50000849
1031717,50000849
1034459,50000849
1034461,50000849
1034458,50000849
427,50000849
428,50000849
402,50000849
1031715,50000849
1031703,50001796
1031702,50001796
1043398,50001796
1043399,50001796
1046644,50001796
425,50001796
1031700,50001796
1031770,50000849
1046659,50000849
121494017,50000849
10126,50000849
10123,50000849
10124,50000849
10120,50000849
10125,50000849
122142002,50000849
10118,50000849
1031697,50000849
1031698,50000849
1036950,50000849
1046653,50000849
1046651,50000849
1046652,50000849
125312006,50000849
124680001,50000849
1031696,50000849
1031793,50000849
1034268,50000849
1034266,50000849
10238,50000849
1034273,50000849
1034271,50000849
1034274,50000849
1034269,50000849
10237,50000849
1046529,50000849
1046532,50000849
1046531,50000849
1046526,50000849
1046627,50000849
1046628,50000849
1046629,50000849
1046630,50000849
1046623,50000849
1046624,50000849
1046625,50000849
1046626,50000849
1046621,50000849
1031713,50000850
1042502,50000850
1046661,50000850
1046662,50000850
1042455,50000850
1041669,50000850
125312004,50000850
125312005,50000850
125316004,50000850
1031863,50000850
1031864,50000850
1036004,50000850
1036810,50000850
10159,50000850
10161,50000850
1036005,50000850
1042128,50000850
125374003,50000850
10157,50000850
10155,50000850
290304,50000850
1031761,50000849
1031755,50000849
1031757,50000849
1031758,50000849
1031756,50000849
1031759,50000849
1031760,50000849
1031752,50000849
1031753,50000849
1031754,50000849
41508,50000849
417,50000849
420,50000849
10008,50000849
1046237,50000849
1046229,50000849
1046235,50000849
1042886,50000849
1046355,50000849
41503,50000849
41509,50000849
415,50000849
127422002,50007210
127420003,50007210
201966703,50007210
201963801,50007210
127406002,50007210
422,50000849
1031781,50007210
1031780,50000849
1036951,50000849
1031782,50000849
125396001,50013262
125394001,50013262
125400001,50013262
125398001,50013262
10039,50013262
125392001,50013262
125390001,50013262
125394002,50012500
1042708,50002000
201337401,50012500
1042703,50012500
1032835,50001800
1046210,50001800
1046208,50001800
1046217,50001800
1046205,50001800
1046206,50001800
1046204,50001800
207,50002156
1032885,50012620
1032886,50012620
1032884,50012620
1046141,50012620
206,50012620
1046315,50001878
124018006,50001878
1032904,50001878
10030,50001878
213,50001878
216,50001878
1032875,50013480
1032878,50013480
1032879,50013480
1032877,50013480
10025,50013480
201161403,50013480
201163406,50013480
226,50013480
201160406,50013460
228,50013480
202006704,50001998
202003806,50012360
202013205,50001877
202001206,50000026
202000805,50000026
202011005,50000026
202011004,50000026
202002505,50004674
202002204,50004813
202012204,50004813
202012104,50004813
202007605,50004813
202010504,50004813
201330623,50000026
201306106,50000026
201900106,50001873
201161207,50000026
201909802,50000026
201906604,50004681
201904106,50004681
201904303,50004681
201900804,50000026
130822002,50000026
1031839,50003443
1031838,50003443
1031841,50003443
1031842,50003443
1031840,50003443
1031843,50003443
1031844,50003404
1033451,50003404
1033598,50003443
1031837,50003443
1033364,50003443
1034080,50003443
1034081,50003404
1034076,50000156
1034077,50003443
1034075,50003443
1034079,50003443
1034078,50003443
1034229,50003443
1034074,50003443
1034892,50003443
1031845,50003443
1031847,50003443
1031848,50003443
1031850,50003443
1031846,50003443
1033304,50003443
1031851,50003443
1031852,50003443
1031853,50003443
1031857,50003443
1031854,50003443
1031855,50003443
1031856,50003443
1031858,50003443
1031859,50003443
10456,50003443
1033572,50003443
2829,50003443
1034095,50002944
1031813,50002944
1036952,50003443
1042407,50003443
1034179,50003443
1035775,50003443
1036335,50003443
1036336,50003443
1036337,50003443
1034181,50003443
1034182,50003443
1034184,50003443
1034185,50003443
1034183,50003443
1034186,50003443
1036338,50003443
1034187,50003443
1034190,50003443
1034188,50003443
1034189,50003443
3409,50003443
1032524,50003443
2211,50003443
3405,50003443
1034082,50003443
1034084,50001207
1034083,50003443
10455,50003443
1036332,50003443
1036333,50003443
1036334,50003443
1032525,50003443
3406,50003443
1034090,50002951
1034088,50002951
1034089,50002951
1034094,50002951
1034092,50002951
1034093,50002951
1034091,50002951
3407,50002951
3408,50002951
3404,50002951
1034192,50002951
1034193,50002951
1034191,50002951
1034194,50002951
1034197,50002951
1034196,50002951
3401,50002951
3402,50002951
3428,50002951
72,50001207
1033588,50004095
125062023,50000055
201879305,50000055
201891502,50004089
201888003,50000055
201887505,50015020
201899902,50000055
201884512,50004093
201885306,50015040
201881608,50000055
201881906,50000055
201960106,50000055
201976002,50015060
201879906,50000055
201880806,50000055
201967003,50000055
201969005,50004091
201890206,50000055
201890803,50000055
201972302,50000055
125066013,50000055
10112,50000035
1036608,50000035
1216,50000948
1031806,50000055
1036679,50015041
1036680,50015041
123276002,50004130
123278003,50004130
1036925,50015160
1036924,50003148
1042661,50003442
123282003,50015041
1036676,50003148
1036677,50003148
10107,50003148
1032173,50004121
1032174,50004121
1032175,50004121
1032176,50004121
1032171,50004121
1032172,50004121
123272003,50004121
123272004,50004121
123286001,50004121
1036915,50004642
1041497,50002842
123282001,50003280
123284001,50003280
10106,50003280
123270004,50014960
123272001,50004120
123270001,50004120
123288002,50004053
123288001,50002547
123286003,50014900
1036914,50004237
123274001,50004120
123276001,50002826
123278004,50004053
1032133,50004130
1032132,50008888
1032134,50004053
1032135,50003370
1041492,50000214
1041493,50000214
1032140,50004130
1032141,50003404
1032136,50002845
1032138,50004083
1032139,50004123
1032150,50014960
1032151,50003441
1032153,50003404
1032152,50004053
123284004,50004280
1032145,50004280
1032148,50004053
1044093,50003404
201222211,50003071
201609504,50003404
201609704,50001060
201598107,50003315
201301108,50003316
10428,50003316
122744004,50003292
122800001,50004132
1035653,50004132
201900002,50001055
201357743,50001835
122796003,50001055
123618019,50003541
123620021,50003541
1032649,50003257
123608020,50003257
201693302,50003257
201693703,50003257
201699801,50003257
201699901,50003244
201700101,50004409
201774601,50003251
201774701,50003251
201357368,50000662
201693704,50003540
201696002,50004713
201691602,50002728
123610020,50003256
124740039,50007629
1323,50001026
1337,50001026
1038387,50005289
1032611,50005289
1032609,50005289
1032610,50005289
1032607,50005289
1036641,50005289
1036640,50005289
1047076,50005289
10438,50005289
122324010,50008828
122324009,50002274
122324011,50002274
122350007,50002307
122318006,50002270
122306012,50002274
122366006,50006697
122400003,50000385
1046402,50008648
1047896,50002350
122314009,50003237
122344008,50001948
122340006,50001840
122374011,50008828
122374012,50000381
122404005,50003302
201161208,50003302
201351665,50000899
122384004,50004526
122208004,50000593
122796001,50001334
122796002,50001340
122550001,50001340
122774002,50000593
122794002,50001337
122794003,50001334
123616026,50003299
122798001,50000420
122798002,50002471
122982004,50000587
122930002,50003673
1033129,50003305
121504007,50001333
122934003,50001307
122932003,50003215
122744003,50003292
122942002,50003262
201906401,50001342
122794001,50000589
1035374,50003314
1035372,50003309
1035373,50003309
1035371,50003309
1035367,50003309
1035368,50003309
124734013,50003309
124734014,50003309
124734015,50003309
124742008,50003309
10354,50003309
124736015,50003309
1032415,50003309
122320010,50001185
1035361,50003288
1035363,50002300
1035364,50002300
1035362,50001853
1035359,50000644
1035360,50003376
1035355,50003288
1035356,50003288
1035357,50003288
1035358,50003288
1035354,50003288
201302019,50002302
201157013,50002302
201155911,50002299
1032416,50003288
1032589,50003465
1032588,50001798
10400,50001798
10419,50004459
1032587,50001798
10404,50006727
10421,50001798
10420,50001797
1309,50001797
10375,50001798
1036632,50002710
1046303,50002710
1046304,50002710
1046305,50002710
1046319,50002710
1046306,50002710
1046302,50002710
1046219,50002710
1046262,50002710
1046226,50003314
124956002,50002358
1036639,50003335
125316002,50000113
1037207,50001072
1046211,50003314
1046218,50003314
1046216,50003314
1046203,50003314
124954002,50004059
201303405,50008848
201308206,50003314
10440,50003314
1045580,50003298
1045583,50002114
1045584,50003683
1045581,50003253
1046398,50003296
122816001,50003238
122932002,50001228
122936002,50001947
122936004,50003253
201352114,50005258
201352214,50005258
201350112,50003296
201355116,50001962
201348823,50015140
201469307,50001238
202062716,50001238
201348916,50001235
201348917,50003256
201353218,50001235
201170824,50001235
201306207,50005258
201306205,50003299
201355507,50003303
201309602,50003299
201351509,50003299
201355814,50003215
201355717,50000968
1045579,50003296
1047945,50003223
124960001,50001344
121498005,50001228
1043662,50001228
122934001,50001228
122934002,50003215
122932001,50001228
122938004,50003302
1032180,50002709
1032178,50002842
1032181,50002842
1036845,50002709
124908001,50002709
3010,50002709
290313,50003449
201135602,50001069
201135801,50000968
201135901,50000968
201135601,50000968
1035774,50006788
1036802,50009240
1353,50008131
3101,50001801
3106,50000106
3103,50000106
3102,50000106
3104,50000106
3105,50000106
3109,50000106
3107,50000106
31,50000106
1040691,50002307
1040692,50003404
1040693,50003404
1037204,50003404
1037205,50003404
1037206,50003404
1037202,50003404
1037203,50003404
202013301,50003404
201220717,50003404
1314,50003404
13,50001061
125068008,50013000
1033709,50002240
1033711,50001078
1033713,50002236
1033737,50001091
1033738,50002237
1033739,50002239
1033740,50002235
1033736,50001805
1033734,50002249
1033735,50002249
104,50001078
1032882,50001049
1032881,50001049
1032883,50001049
1032880,50001049
125066008,50004709
10005,50001049
10006,50001176
125066004,50004719
125070010,50004711
1032833,50000383
1046349,50000383
125086007,50001175
125064005,50004702
201156107,50004702
201163204,50000383
201163302,50004711
201157010,50004696
201158203,50007077
125068002,50000159
1036621,50001805
105,50002156
10022,50002152
10023,50002154
10021,50001052
10024,50002214
10026,50001078
1032824,50012900
1033710,50002151
1033712,50002151
1046202,50002236
201161306,50002247
201641701,50001078
201301612,50001078
201157708,50001078
201157810,50001078
10020,50000160
1033696,50001077
1033695,50001077
10029,50001077
1032836,50001077
10032,50001077
1032842,50001077
1032841,50001077
1032837,50001077
1032839,50001077
1032840,50001077
1032838,50002209
1032847,50002203
1032848,50002206
1032846,50002200
1032843,50012880
1032844,50012880
1032845,50012304
1036800,50002200
10028,50001077
1046298,50014640
1046299,50012520
1032863,50012461
1032865,50012520
1032866,50012520
1032867,50012520
124000006,50012520
124000003,50012520
10085,50012520
1032862,50014121
201306108,50012520
201162810,50012520
202052809,50012520
201159509,50012520
201307109,50012520
201305208,50012302
201168401,50012520
201304604,50012520
201346018,50013241
10082,50012520
1036891,50002205
1033714,50002205
1033715,50002205
1033720,50002205
1033716,50002205
1033721,50002205
1033718,50002205
1033719,50002205
1033717,50002205
1041847,50002205
1032850,50002205
1032851,50002205
1032849,50002205
1033722,50002205
1033723,50002205
1036599,50002205
1036598,50002205
1046191,50002205
106,50002205
1032900,50000213
124018007,50012303
124016007,50014021
10084,50011921
124022009,50014140
124016006,50014140
201156108,50014140
201,50014140
201159107,50001856
201163106,50013421
124000009,50001174
124016008,50011943
124016009,50011943
124016010,50011943
124000008,50011942
124022008,50011942
124960008,50002193
124960007,50002176
125070001,50002249
1036622,50002193
124958021,50002193
124958020,50002193
124958019,50002193
124958016,50002175
124958018,50002193
125068001,50002193
124954013,50002193
124954014,50002190
1036642,50002160
124960009,50002193
124960010,50002186
124960011,50002193
124960012,50002238
125012006,50002170
1032825,50002163
1032832,50002193
124734044,50002180
125012008,50002193
125012009,50002193
125062003,50002188
125062004,50002193
125012007,50002192
125062001,50002193
125062002,50007220
10036,50002193
10034,50002193
124952009,50002164
125062005,50002183
124954011,50002189
124954012,50002173
125064001,50002185
124954009,50002161
124954010,50002187
124952010,50002167
124952011,50000960
124952012,50000960
124952013,50000960
201308410,50002154
201162006,50012000
10037,50000960
125070004,50001172
125070005,50001170
1046320,50000215
125086002,50000280
125062011,50013600
125062010,50001171
1033724,50001171
1033729,50001171
125062012,50013600
201155608,50013600
201160907,50004674
201157809,50011943
201161510,50004674
201161509,50013262
201161906,50013320
10086,50004658
1043008,50004658
1043007,50004658
112,50004658
125064003,50004659
1043009,50004658
1043010,50004658
1043006,50004658
119,50000026
118,50000026
125070003,50004658
125086001,50004658
125062009,50004658
201162809,50004658
208,50004658
125062008,50004658
125400002,50013520
123862005,50003549
123864003,50001830
123860006,50001830
126152003,50001830
126178004,50001830
126180002,50001830
126184001,50001830
126144005,50001830
1610,50001830
126178001,50001830
123864004,50001830
123864005,50001830
126178003,50001830
126178002,50001830
126180001,50001830
126182001,50001830
126128004,50001830
126128005,50001830
126144004,50001830
126150002,50001830
123868002,50002759
126144003,50002759
130823000,50001830
10427,50006193
201608506,50001797
1339,50006193
1308,50006193
833,50006193
1313,50006193
1038388,50006193
10439,50001060
1039480,50001060
1039482,50001060
1039472,50001060
1039477,50001060
1039473,50001060
1039475,50001060
1039478,50001060
1031800,50001060
1039463,50001060
1039465,50001060
1039462,50001060
1039466,50001060
1039468,50001060
1039469,50001060
1039459,50001060
1039461,50001060
10437,50001060
1320,50001060
1325,50001060
1355,50001060
1357,50001060
1332,50001060
202105801,50001060
202105901,50001060
10435,50001060
1036636,50000106
1036634,50000106
1036638,50000106
1031701,50000106
1039470,50000106
1037201,50000106
124736014,50000106
1037200,50000106
1037198,50000106
1037199,50000106
1039452,50000106
1039455,50000106
1039454,50000106
1032653,50000106
201628343,50006193
201634147,50006193
201605608,50006193
127876013,50006194
127896014,50006194
127898011,50006194
127890014,50006194
127926011,50006194
127924015,50006194
127924016,50006194
127914013,50006194
127880007,50006194
127902011,50006194
127902012,50006194
127872008,50006194
127874015,50006194
127896013,50006194
1031602,50003686
1035773,50003686
1031603,50003686
201305109,50003686
201134801,50003686
1043666,50003302
122936001,50001228
122938002,50003227
122938003,50003302
201309905,50001229
201355941,50003302
201356055,50001229
201306004,50001229
201354946,50001228
201357047,50001319
201356347,50003236
201157707,50000004
201335610,50000004
127132001,50000004
127122003,50000004
201336105,50000004
201355847,50000004
201355848,50000004
201359954,50000004
122930001,50000004
123622019,50000004
123612020,50000004
123612019,50000004
121492007,50000004
123620020,50000004
1043669,50000004
1043667,50000004
123608017,50000004
123608018,50000004
123620018,50000004
123620019,50000004
201304909,50000004
201350367,50000004
201350241,50000004
201358840,50000004
201163105,50000004
201354345,50003242
201356348,50000004
201356649,50000004
201155907,50003247
201302803,50000004
201306208,50000004
201355441,50000004
201156106,50003242
201360150,50000004
1043661,50000004
122458001,50000968
1033756,50000968
1046739,50000968
1046743,50000968
1046741,50000968
1045485,50000968
1740,50000968
1354,50000968
1338,50000968
1046737,50000968
122548004,50003247
122540003,50003247
122540002,50003247
122570003,50003247
122570004,50003247
122582001,50003247
124272013,50003247
1043668,50003247
122936003,50003247
201359753,50003247
122512002,50003247
201306904,50001116
201232303,50001116
127124001,50001116
201232701,50001116
1038128,50001116
1043670,50001116
1043671,50001116
1038132,50001116
1032593,50001115
10407,50001115
201608505,50001115
201607706,50001115
10405,50001115
122388008,50003302
122330009,50003302
122330010,50003302
122398005,50003302
122374008,50003302
122930003,50003302
122312008,50003302
122940001,50003302
1032650,50003302
1032645,50003302
201162007,50003302
122380009,50003302
123608022,50003302
1037966,50003302
1037967,50000863
1037965,50001060
10425,50001060
1038386,50001060
1039483,50001060
10426,50001060
1032585,50001060
1032586,50001060
10423,50001060
10424,50001060
201134401,50001060
201134501,50001060
201134601,50001060
10422,50001060
122358005,50008228
122348008,50008228
122330011,50008228
122364007,50008228
1032644,50008228
1032648,50008228
122342008,50008649
122374010,50008649
202052214,50008649
201791901,50008649
202055714,50008649
122374009,50008649
201336218,50003253
201346413,50001239
201332116,50003302
201338220,50003227
201331914,50003302
201331717,50003302
201331913,50001239
201334916,50003253
201335117,50003253
201345120,50003227
201358040,50003302
201331415,50003253
201331416,50003253
201334520,50001239
201337119,50003227
201340324,50003253
201331325,50003253
201347602,50003227
201329920,50003253
201345620,50003253
201351057,50003302
201355442,50003302
201339022,50003302
201346019,50003253
201346115,50003302
201346213,50003253
201345303,50003253
1032626,50000968
1032629,50000968
1032630,50000968
1032628,50000968
1032627,50000968
1349,50000968
1036633,50003288
1032631,50003288
1032632,50003288
1032635,50003288
1032636,50003288
1032634,50003288
1350,50003288
1032637,50003540
1032638,50003540
1208,50003540
1351,50003540
127102002,50003314
127126002,50003314
1346,50003314
1032618,50001067
1032620,50001067
1032621,50001067
1032622,50001067
1032623,50001067
1032624,50001067
1032625,50001067
1348,50001067
1033167,50000584
1033162,50000584
1033163,50000584
1033164,50000584
1032177,50000584
1032179,50000584
1032144,50004130
1032142,50004130
1032146,50004130
1032147,50004130
123284003,50004130
10110,50004130
1036166,50004127
1036164,50007237
1036163,50000156
1036159,50000156
1036162,50000156
1036158,50000156
1036152,50000156
1036156,50004127
1036154,50004127
1036155,50004127
10109,50000156
1032170,50015160
123272002,50015160
1032162,50015160
1032163,50015160
1032166,50015160
1032167,50015160
1032169,50015160
1032165,50015160
1032164,50015160
123270002,50015160
1032161,50015160
1032160,50015160
123278002,50015160
123278001,50015160
123280001,50015160
1041495,50015160
1041496,50015160
123284002,50015160
10105,50015160
1034295,50000055
1034299,50000055
1034294,50000055
1034297,50000055
1034298,50000055
1034292,50000055
1034293,50000055
1036414,50000055
1036413,50000055
1034300,50000055
1034301,50000055
1034302,50000055
1034303,50000055
1041486,50000055
1041491,50000055
1041490,50000055
1041488,50000055
1041489,50000055
1041487,50000055
1045047,50000055
201884609,50000055
201881803,50000055
1209,50000055
1210,50000055
123610022,50007247
123622020,50007247
123646001,50007247
123610015,50007247
123618020,50007247
123618021,50007247
123618022,50007247
123612022,50007247
123612021,50007247
123608021,50007247
123620016,50007247
123620015,50007247
124734041,50000055
124744036,50000055
154,50000055
125066007,50003404
125070009,50003404
1036920,50003404
1036923,50003404
1036921,50003404
1036922,50003404
1032143,50003404
93,50003404
3318,50003404
1041484,50000055
1041485,50000055
1032082,50000055
1032083,50000055
1032084,50000055
1036412,50000055
1032085,50000055
3317,50000055
1041528,50001188
1032156,50001188
1032157,50001188
1032158,50001188
1032159,50001188
123280002,50001188
1032155,50001188
3316,50001188
1032220,50007248
1032221,50007248
1032217,50007248
1032218,50007248
1036932,50007248
178,50007248
78,50007248
151,50000055
1036020,50001506
1036919,50004130
1036916,50001946
1036917,50004059
1036918,50004122
1041498,50004060
1041499,50004130
1036674,50003170
1041500,50002789
1041501,50006194
3313,50003314
3321,50003439
71,50003439
1034731,50002346
1034732,50002346
1034734,50002346
1034730,50002346
10416,50002346
1041629,50003385
1041628,50003385
141912,50003385
141911,50003385
141916,50003385
141915,50003385
141913,50003385
141914,50003385
1041627,50003385
1032498,50001027
1032499,50001027
10448,50001027
10452,50001027
10451,50001027
1036820,50001027
1032500,50001027
1032501,50001027
1032502,50001027
1032504,50001027
1032505,50001027
1032503,50001027
1032506,50001027
10447,50001027
10449,50001027
10450,50001027
10446,50001027
10524,50003404
10063,50003404
1036390,50003404
1036388,50003404
1036391,50003404
1036392,50003404
1036389,50003404
10148,50003404
10153,50003404
10154,50003404
10152,50003404
10151,50003404
10149,50003404
10150,50003404
1036393,50003404
201958602,50003404
201350242,50003404
201958801,50003404
201955601,50003404
201958603,50003404
201958702,50003404
201958506,50003404
201958505,50003404
10062,50003404
1031663,50003404
1034331,50003404
1034332,50003404
1034333,50003404
10347,50003404
1036829,50003404
10411,50003404
1040928,50003404
1034958,50003404
1034959,50003404
1034954,50003404
1034955,50003404
1034957,50003404
1034960,50003404
1034956,50003404
1034953,50003404
1034949,50003404
1034952,50003404
1034948,50003404
1034950,50003404
1034951,50003404
1034946,50003404
1034947,50003404
10410,50003404
10269,50003404
1032539,50003404
1032538,50003404
1042428,50003404
1042427,50003404
121186011,50003404
121188014,50003404
121188015,50003404
201958502,50003404
121190004,50003404
121496009,50003404
121488006,50003404
121504006,50003404
1040435,50003404
121492008,50003404
121494014,50003404
1032438,50003404
1034245,50003404
1034246,50003404
1032565,50003404
1032564,50003404
1034247,50003404
1034248,50003404
1034251,50003404
1034252,50003404
1034249,50003404
1034250,50003404
1034244,50003404
1040197,50003404
1040211,50003404
1040201,50003404
141904,50003404
1040140,50003404
10412,50003404
1045779,50001411
1041694,50001411
1041695,50001411
1041696,50001411
1041693,50001411
1034719,50001430
1034720,50001430
1034721,50001430
1034722,50001430
1034723,50001430
1031664,50001430
1031658,50003443
1031659,50003443
1031660,50003443
1031662,50003443
1031798,50003443
1041572,50003443
1034026,50003443
1034027,50003443
1034025,50003443
1034032,50003443
1034028,50003443
1034029,50003443
1034031,50003443
1034030,50003443
202060412,50003443
202061105,50003443
1034024,50003443
1032555,50003443
1032556,50003443
10417,50003443
1045083,50003443
1035777,50003443
1034307,50003443
1034308,50003443
1034309,50003443
1034311,50003443
1034312,50003443
1034310,50003443
1032518,50003443
201425501,50003443
1103,50003443
1034291,50003443
1034290,50003443
1041454,50003443
1045763,50003443
1102,50003443
1041630,50003385
1041631,50003385
1041632,50003385
1041633,50003385
123924008,50003385
1032519,50003439
1036589,50003439
1036405,50003439
1036406,50003439
1036408,50003439
1036409,50003439
1032520,50003439
1032521,50003439
1036402,50003439
1036403,50003439
1045450,50003439
200938002,50003439
200928005,50003439
200928006,50003439
200930004,50003439
200930005,50003439
200928007,50003439
200930003,50003439
200976002,50003439
200978001,50003439
200980001,50003439
200966001,50003439
200968001,50003439
200970001,50003439
200970002,50003439
200970003,50003439
200974002,50003439
200972002,50003439
200976001,50003439
200974003,50003439
200970004,50003439
200972001,50003439
200974001,50003439
200946002,50003439
200950002,50003439
200938003,50003439
200954002,50003439
200958002,50003439
200958003,50003439
200928004,50003439
200918003,50003439
200922003,50003439
200922004,50003439
200918004,50003439
10095,50003439
1035213,50000098
1035211,50000098
1035212,50000098
1035205,50000098
1043499,50000391
1043502,50000392
1043500,50000392
201306409,50000392
201309210,50000392
201358949,50000392
201304511,50000392
1043498,50000392
1034761,50000445
1034762,50000438
1034766,50000437
1043436,50000190
1043434,50000190
1041750,50000190
122708002,50000190
1036807,50000190
201355849,50000190
201829522,50000190
201355051,50000190
201309108,50000190
201336914,50000190
201310409,50000190
201360455,50000190
1042634,50000190
1042950,50000190
124186007,50000196
1034781,50000402
1043165,50000407
1043166,50000406
1043164,50000406
124150002,50000402
124256002,50000402
201301310,50000402
126596001,50000402
1043162,50000196
1034770,50000332
121694002,50000323
122364006,50000202
121706001,50000328
121708001,50000321
121712001,50000325
121710001,50000322
121710002,50000330
121714001,50000202
122310013,50000334
121702001,50000202
123646004,50000437
123650004,50000437
123666003,50000437
202028601,50000437
201305210,50000437
202025201,50000437
202024902,50000437
201302512,50000437
202017902,50000437
202061506,50000437
123650003,50000437
124824007,50000437
125070014,50000002
1044067,50000002
125062022,50000002
201309831,50000002
201309020,50000002
201305507,50000002
201301632,50000002
201306522,50000002
201310022,50000002
201309512,50000002
201304821,50000002
125070013,50000002
1043144,50001997
1043145,50001990
1048041,50004586
1043175,50001992
1043185,50004387
1043179,50004389
1043181,50004387
126578002,50004586
201307407,50001992
201345519,50001992
201270664,50001992
201306711,50001992
201836002,50001992
201331624,50001992
201310003,50001992
201331227,50001992
202021301,50001992
1043171,50001992
82105,50000312
201305309,50000314
201308508,50000313
201302810,50000200
201309513,50000200
121708002,50009080
201308904,50009080
201309708,50009080
201955803,50002068
201964601,50002068
201962902,50002068
201964701,50002068
202025403,50002068
202025801,50002068
201962701,50002068
1040900,50002068
121552003,50001038
124256014,50001038
2330,50001038
126376002,50001038
1036312,50001038
1036304,50001038
126448001,50001038
126450001,50001038
202043701,50001038
202043802,50001038
202043901,50001038
126440001,50001038
126442001,50001038
202043501,50001038
126476003,50001038
126390001,50001038
126454002,50001038
126442002,50001038
126476001,50001038
126480001,50001038
126478001,50001038
126390002,50001038
1036314,50001038
122174001,50001038
121542005,50001038
121192030,50001038
126484001,50001038
126452002,50001038
2328,50001038
126476002,50001038
126392001,50001038
126514001,50001038
126484004,50001038
126510002,50001038
1036324,50001038
1042918,50001038
122346003,50001038
122380007,50001038
126454005,50001038
126454006,50001038
126512001,50001038
1036315,50001038
126452001,50001038
126454004,50001038
126454001,50001038
126508001,50001038
126506001,50001038
201364302,50001038
201365402,50001038
201368601,50001038
201366602,50001038
201368101,50001038
201368201,50001038
201368002,50001038
201368001,50001038
201924102,50001038
201913003,50001038
201913206,50000662
201925101,50003548
202049501,50003548
202043801,50003548
126510001,50003548
202043201,50003548
202043401,50003548
202043301,50003548
126478003,50003548
1032983,50000662
1032984,50003734
1032986,50000662
84,50000662
68,50000066
1033302,50000066
10529,50000066
10532,50000066
10535,50000066
125070011,50000066
1036559,50004570
1036556,50002068
1036557,50003443
1036558,50001589
1036555,50003443
1036553,50003443
1036554,50003443
1036551,50003443
1036549,50003443
1036550,50003443
1033351,50003443
1033349,50003443
1033350,50003443
1033354,50003443
1033352,50003443
1033353,50003443
1615,50002068
159,50001950
157,50002501
201888604,50003443
201876506,50003443
121430004,50003443
1033336,50003443
1033339,50003443
202052317,50003443
202057709,50003443
202060912,50003443
202063614,50002374
202056804,50003443
202051114,50003443
202058208,50003443
202058313,50003443
202060403,50003443
202058614,50003443
202058108,50003443
202051718,50003443
202061609,50003443
202058703,50003443
1602,50000066
1605,50000066
1606,50000066
1033337,50000066
1033338,50000066
1613,50000066
1033318,50000066
1033321,50000066
1033325,50000066
1033333,50000066
1033329,50000066
1033332,50000066
1033330,50000066
1033331,50000066
1607,50000066
1611,50000066
1037351,50000066
124960003,50000066
1032297,50000066
1033319,50000066
123648003,50000066
1033322,50000066
1033323,50000066
1033324,50000066
1033326,50000066
1033327,50000066
1033328,50000129
124906002,50000066
124906003,50000066
1033334,50002068
1033335,50002068
1044995,50002068
122708007,50000066
123660001,50003429
124954006,50000066
123758006,50003429
202055613,50000066
202062210,50000903
202051314,50000066
202056413,50000066
202056312,50000066
126594002,50003429
200898002,50000066
202051620,50000066
202063907,50000066
1612,50000066
1614,50000232
66,50001026
1031648,50003443
1031647,50003443
1031649,50003443
1031650,50003443
1031651,50003443
1034592,50003443
1034593,50003443
1034594,50003443
10409,50003443
1036684,50003443
1031652,50003443
1031653,50003443
1031657,50003443
1036397,50003443
1036398,50003443
1036395,50003443
1036396,50003443
1036394,50003443
1031646,50003443
1031722,50003443
1031720,50003443
1031721,50000232
1031719,50003443
1031724,50003443
1031725,50003443
1031723,50003443
10147,50003443
1036054,50003443
1045765,50003443
1031718,50003443
10356,50003441
1034753,50003288
1034754,50003439
1034752,50001304
1034751,50001304
1034750,50001304
202038903,50001304
202037104,50001304
202027803,50001304
10414,50001304
1045081,50002346
1045773,50002346
1034727,50002346
1034728,50003404
1034725,50003404
1034724,50003404
1034726,50002346
1034735,50001718
1034736,50003381
1034737,50002663
1036671,50001427
1034729,50002346
1034733,50002346
1046942,50000453
1040898,50005289
1043094,50005289
1043093,50000470
1043095,50000347
1034778,50005289
1034784,50000391
1034785,50004389
201222619,50001376
201775001,50000307
201304512,50000331
202017001,50000400
82101,50000195
201305009,50002057
201306109,50001369
201309107,50001369
201308710,50001369
123696002,50004395
201302408,50000317
201307015,50001374
1034780,50000397
1036812,50001371
201916905,50000396
201307604,50000396
202028402,50000317
202030901,50001141
202030701,50003661
202029401,50003664
202028901,50003663
202029101,50000317
202027801,50001141
1043504,50000395
201310505,50000393
201308311,50000393
201304705,50000391
1043433,50000439
201840008,50000443
201307708,50000439
201301111,50000439
201308310,50000439
1041576,50000439
124774001,50000439
123854001,50000439
123666002,50000439
201924302,50000439
201304311,50000439
201306907,50000439
201309707,50000439
97,50000190
1033878,50003439
1033876,50003439
1035916,50003439
1035917,50003439
1035918,50003439
1035919,50003439
1033872,50003439
10210,50003439
1033891,50003439
1033889,50003439
1033890,50003439
1033893,50003439
1036114,50003439
1036113,50003439
1033894,50003439
1033895,50003439
1033899,50003439
1033896,50003429
1033900,50003439
1033901,50003439
1033902,50003439
1033903,50003439
1035920,50003439
1035921,50003439
1031861,50003439
1035923,50003439
1035925,50003439
1035924,50003439
10211,50003439
10215,50003439
1033838,50003439
1033837,50003439
1033844,50003439
1033839,50003439
1033843,50003439
1033842,50003439
1033840,50003439
1033841,50003439
1033615,50003439
1032372,50003439
1032373,50003439
1032374,50003439
1032375,50003439
1032376,50003439
1032378,50003439
1032379,50003439
1032377,50003439
1033809,50003439
1032371,50003439
1036230,50003439
1036231,50003439
1036232,50003439
1036233,50003439
1036229,50003439
1036171,50003443
1036172,50003443
1036170,50003443
1036168,50003443
1036167,50003443
1036175,50003439
1036176,50003439
1036174,50003439
1043467,50003439
1036177,50003439
1036178,50003439
1035915,50003439
1033908,50003439
1033877,50003439
1036548,50003439
1037346,50003439
1033817,50003439
1033818,50003439
1033819,50003439
1032381,50003439
1032380,50003439
1036249,50003439
1036250,50003439
1036252,50003439
1036254,50003439
1036253,50003439
1036255,50003439
1036256,50003439
1033897,50003439
1036825,50003439
1036180,50003439
1036182,50003439
1036181,50003439
1036183,50003439
1036184,50003439
1033870,50003439
1033866,50003439
1036179,50003439
121500001,50015160
1032386,50015160
1032387,50015160
1032388,50015160
121488003,50015160
1032389,50015160
1032392,50015160
1032390,50015160
1032391,50015160
121494003,50015160
121486001,50015160
1036151,50003439
1033859,50003439
1036150,50003439
1033861,50003439
1033862,50003439
1033863,50003439
1033860,50003439
1033864,50003439
1035932,50003439
201896701,50003439
1032382,50003439
1033868,50003439
1033869,50003439
1033871,50003439
1036145,50003439
1036146,50003439
1036147,50003439
1036144,50003439
1033865,50003439
1032383,50003439
1033834,50003439
1033832,50003439
1033833,50003439
1033835,50003439
1033836,50003439
1043134,50003439
1033830,50003439
1033831,50003439
1033826,50003439
1033827,50003439
1033828,50003439
1033829,50003439
1036651,50003439
1035931,50003439
201204304,50003439
1032384,50003439
121498003,50003439
121494006,50003439
121494007,50003439
121502002,50003439
1036187,50003439
1036188,50003439
1036189,50003439
1036186,50003439
121504001,50003439
121502003,50003439
1036190,50003439
1036193,50003439
1036191,50003439
1036192,50003439
1036195,50003439
121490006,50003439
1033867,50003439
121494004,50003439
121492003,50003439
121492002,50003439
121492004,50003439
1036185,50003439
1036656,50003439
1032393,50003439
1033904,50003439
1033905,50003439
1033906,50003439
1036142,50003439
1036143,50003439
1032394,50003439
1036655,50003439
1036132,50003439
1036133,50003439
1036134,50003439
1036135,50003439
1036136,50003439
1036139,50003439
1036140,50003439
1036138,50003439
1036137,50003439
1036141,50003439
1032395,50003439
1036226,50003439
1036227,50003439
1036225,50003439
121496005,50003439
121496006,50003439
121492006,50003439
121492005,50003439
1033858,50003439
1033816,50003439
1033814,50003439
1033815,50003439
1036213,50003439
1036214,50003439
1036212,50003439
1036208,50003439
1036209,50003439
1036210,50003439
1036211,50003439
121490010,50003439
1036206,50003439
1033928,50003439
1033929,50003429
1033931,50003429
121504003,50003429
1033922,50003429
1033923,50003429
1033926,50003429
1033927,50003429
201896601,50003429
1032398,50003429
1033911,50003439
1033909,50003439
1033910,50003439
1036131,50003439
1036130,50003439
1033914,50003439
1032396,50003439
1036128,50003439
1036129,50003439
1033921,50003439
1033915,50003439
1033916,50003439
1033917,50003439
1032397,50003439
1032195,50003439
1032196,50003439
1032197,50003439
1032198,50003439
1035606,50003439
1036115,50003439
1036116,50003439
1031661,50003439
1033851,50003439
1033852,50003439
1033857,50003439
1033853,50003439
1033854,50003439
1033856,50003439
1033855,50003439
1035927,50003439
1035928,50003439
1035926,50003439
1046824,50003439
1035648,50003439
1035929,50003439
1035930,50003439
10214,50003439
1033888,50003439
1033887,50003439
1036112,50003439
1033884,50003439
1033885,50003439
1033886,50003439
1033883,50003439
1033881,50003439
1033882,50003439
1033880,50003439
1033873,50003439
1033874,50003439
1033875,50003439
1033879,50003439
1036524,50007346
1036525,50007346
2504,50007346
2843,50007346
69,50007346
1033299,50003548
1032974,50003548
1032973,50003548
1032972,50003548
1032969,50003548
1032970,50003548
1032965,50003548
1032966,50003548
1032967,50003548
1032968,50003548
1032962,50003548
1032963,50003548
1032961,50003548
1032960,50003548
1042931,50003548
202036601,50003548
10359,50003548
121590004,50001038
1036284,50001038
1036283,50001038
121190002,50001038
121192002,50001038
122150001,50001038
201356956,50001038
121186001,50001038
1032997,50001038
1032994,50001038
1032993,50001038
1032996,50001038
10363,50001038
121572001,50001038
121564002,50001038
121592001,50001038
121562002,50001038
121582002,50001038
1033001,50001038
121564003,50001038
122184002,50001038
122186001,50001038
122188001,50001038
122238006,50001038
1032987,50001038
1032988,50001038
122148002,50001038
122152003,50001038
10361,50001038
1033763,50001038
122360002,50001038
1047300,50001038
1047294,50001038
1047298,50001038
1047296,50001038
1047297,50001038
1047299,50001038
122330003,50001038
122372006,50001038
1047293,50001038
1032932,50001038
1032933,50001038
1033023,50001038
1033016,50001038
1036061,50001038
10365,50001038
10543,50001038
124596002,50001038
124596004,50001038
124600003,50001038
124598001,50001038
201353860,50001038
124594001,50001038
1034257,50001038
1034258,50001038
1034256,50001038
1034255,50001038
10240,50001038
1033000,50001038
10360,50001038
121574003,50001038
121552004,50001038
121500004,50001038
121488008,50001038
121488009,50001038
121504011,50001038
121542006,50001038
121542007,50001038
122154001,50001038
126562003,50001038
126584003,50001038
126594001,50001038
126570003,50001038
121504010,50001038
1032957,50001038
1032958,50001038
1032959,50001038
1043578,50001038
1032950,50001038
1032952,50001038
1032956,50001038
1032954,50001038
1032955,50001038
1032948,50001038
10358,50001038
1033031,50001038
1033029,50001038
1036289,50001038
1042780,50001038
10366,50001038
1033030,50001038
1033017,50001038
1032999,50001038
1033012,50001038
1042727,50001038
1031809,50001038
1036288,50001038
1036281,50001038
1036282,50001038
1036287,50001038
1036285,50001038
1036286,50001038
1033003,50001038
1036259,50001038
1036260,50001038
1036263,50001038
1036262,50001038
1036261,50001038
10362,50001038
122156001,50001038
1033005,50001038
1033006,50001038
1035647,50001038
10364,50001038
1033015,50001038
1033014,50001038
1033011,50001038
1033013,50001038
201377301,50001038
10368,50001038
127134003,50001038
127134002,50001038
202021602,50001038
202023301,50001038
202023401,50001038
202022403,50001038
202023201,50001038
202022901,50001038
202028801,50001038
202025401,50001038
202026402,50001038
202023501,50001038
202023601,50001038
202020402,50001038
202019102,50001038
202019802,50001038
202021701,50001038
1036275,50001038
1036277,50001038
1036278,50001038
1036280,50001038
1036279,50001038
1036276,50001038
1036274,50001038
85,50001038
201915002,50001038
201915202,50001038
201900010,50001038
1032935,50001038
1032939,50001038
1032940,50001038
1032941,50001038
1032934,50001038
1032937,50001038
1032943,50001038
2318,50001038
1032944,50001038
1032947,50001038
1032945,50001038
1032946,50001038
202034001,50001038
202025804,50001038
202029303,50001038
202029703,50001038
202036701,50001038
202036801,50001038
202028102,50001038
202033901,50001038
202033702,50001038
83,50001038
73,50001511
1032873,50014640
1032874,50014640
10072,50014640
10073,50014640
10075,50014640
10076,50014640
1046149,50014640
124734008,50014640
201449212,50014640
201689002,50014640
10071,50014640
124020007,50000854
124744010,50000854
124018005,50000854
121444002,50000854
121446001,50001757
124000007,50000115
124742007,50002397
124742006,50000854
125070015,50001759
124740010,50000854
1047210,50005467
1047209,50002397
124740009,50000854
124744009,50000854
124734022,50001999
124736022,50001999
124746013,50001999
124740018,50001999
1032907,50001999
124744020,50001999
1047087,50001999
201333301,50001999
202051517,50001999
124734017,50001999
124734025,50001764
1032913,50001763
124734018,50001763
121442001,50013360
124744015,50013360
124736013,50013360
124746009,50013360
124736021,50002001
124742014,50002001
124742013,50002001
201302702,50002001
201752401,50002001
124746011,50002001
124734021,50002249
124734020,50002240
124734019,50002249
124746012,50002237
124736017,50002246
124736018,50002249
124736020,50002236
124740017,50002249
124740022,50002244
124744018,50002242
124744017,50002249
124744019,50002245
1032911,50002249
124742012,50002240
124740015,50002235
124740016,50002249
201337301,50011981
201452428,50002249
124734016,50002249
124734024,50000149
124744024,50000149
124742018,50000149
202059006,50000149
218,50000149
124736016,50000149
1046296,50012741
1032871,50001079
201163408,50002268
201164003,50012701
202057004,50002268
202051411,50012701
202058708,50000148
202058803,50012701
202060703,50012701
201162811,50012741
202053303,50012701
202060606,50012701
202052710,50001080
202054403,50012701
202054505,50000148
202060105,50012701
201338812,50012701
201351408,50012701
202063903,50012701
201156010,50012701
201355815,50012701
201545814,50012701
202052203,50012701
201164102,50000148
1042707,50002266
1042704,50002266
201158410,50002606
201333201,50001081
201159708,50001081
126642001,50001081
201157015,50001081
201461127,50009600
202021401,50002605
201330404,50001081
2,50010360
51,50007342
1047438,50007342
1047457,50007342
1047458,50007342
1047447,50007342
1047443,50007342
1047459,50007342
1047454,50007342
1047452,50007342
1032067,50007342
1031818,50007342
1031821,50007342
1031822,50007342
1031820,50007342
1031819,50007342
1031817,50007342
1032073,50007342
1032074,50007342
1036080,50007342
177,50007342
2837,50007342
1036079,50007342
1031816,50007342
1031815,50007342
202059707,50007342
290307,50007342
2418,50005832
2420,50005832
2421,50005832
2419,50005832
24,50005832
1033298,50007346
1033295,50007346
1033297,50007346
1036513,50007346
1036514,50007346
1036515,50007346
1036520,50007346
1036518,50007346
1036519,50007346
1036517,50007346
1036516,50007346
1036521,50007346
1036522,50007346
1036523,50007346
2823,50007346
2825,50007346
174,50001517
1036501,50010220
1036499,50010220
1036500,50010220
1033802,50010220
1033803,50010220
1033808,50010220
1033805,50010220
1033806,50010220
1033807,50010220
2815,50010220
1036109,50005549
1036110,50005549
1036108,50005549
1036106,50005549
1036107,50005549
1036105,50005549
1036104,50005549
1036102,50005549
1036103,50005549
1036101,50005549
1036100,50005549
1036647,50005549
1036648,50005549
1036498,50005549
1033801,50005549
1033800,50005549
1033799,50005549
1033797,50005549
2816,50005549
2702,50005549
1036083,50005549
1036081,50005549
1036082,50005549
1036085,50005549
1036084,50005549
2701,50005549
1033792,50005549
1033796,50005549
2723,50005549
2803,50005549
290332,50005549
290328,50005549
2907,50005549
280507,50005549
1032655,50005549
1032654,50005549
1032651,50005549
1327,50005549
171,50005549
201896801,50005549
201894402,50005549
123736011,50001515
123736009,50001515
123736010,50001515
123736012,50001515
1032227,50001515
1032225,50001515
1032226,50001515
10263,50001515
10267,50001515
123752007,50001515
1033237,50001515
123754007,50001515
123756004,50001515
123760006,50001515
123760008,50001515
123760007,50001515
1037197,50001515
123758007,50001515
734,50001515
167,50007268
166,50007268
2519,50007268
2521,50007268
2522,50007268
2515,50007268
2517,50007268
2518,50007268
2520,50007268
2530,50007268
2531,50007268
168,50007268
2523,50007268
2524,50007268
2527,50007268
2525,50007268
2526,50007268
2529,50007268
2506,50007268
2511,50007268
2513,50007268
2514,50007268
2509,50007268
2507,50007268
2508,50007268
2510,50007268
75,50007268
1047440,50005825
173,50005825
170,50005825
169,50005825
2834,50005825
76,50005825
1033595,50010584
1033597,50010584
1033594,50010584
1033596,50010584
1035815,50010584
1032076,50010584
1032079,50010584
1032081,50010584
1032080,50010584
2814,50010584
2830,50010584
89,50010584
1035671,50007342
1035669,50007342
1035670,50007342
88,50007342
202007201,50007342
1047355,50006313
1036542,50006313
1036543,50006313
2833,50006313
1047415,50006788
1032066,50006788
1033788,50006788
1033789,50006788
1033790,50006788
1036531,50006788
1036529,50006788
1036540,50006788
1036541,50006788
1036527,50006788
1036528,50006788
280513,50006788
2828,50006788
2901,50007342
1036600,50007342
1036601,50007342
2845,50007342
281901,50007342
281902,50007342
281903,50007342
2840,50007342
1036602,50007342
1036603,50007342
1036604,50007342
1036605,50007342
2910,50007342
2827,50007342
2831,50007342
3110,50007342
2841,50007342
1032872,50001082
10078,50001082
124022006,50001082
10079,50001080
10080,50001082
10081,50001082
126638001,50002033
10077,50001082
1031791,50001080
1032906,50002000
1032905,50014001
124744005,50014540
124744003,50014540
124744004,50014540
124742003,50014540
124742002,50014540
124740002,50014540
125374001,50014540
125372001,50014540
1048286,50014540
125272009,50014540
124734003,50014540
124736005,50014540
124736006,50014540
124736004,50014540
124740003,50014540
124742025,50014540
201336221,50014540
201466001,50014540
202014702,50014540
201337818,50014540
201466901,50014540
201467001,50014540
201837722,50014540
202012002,50014540
201466501,50014540
201464302,50014540
202020202,50014540
1048224,50014540
124744013,50005467
124744014,50005467
124746007,50005467
124740013,50005467
124740012,50005467
124742005,50005467
124734026,50002193
124734027,50002193
124734028,50002193
124736029,50002193
124746019,50002193
124746020,50002193
124746016,50002193
124746017,50002193
124746018,50002193
124736025,50002193
124736026,50002193
124736028,50002193
124736027,50002193
124736024,50002193
124740026,50002193
124740025,50002193
124740024,50002193
124740023,50002193
1032912,50002193
124744025,50002193
124744026,50002193
124744027,50002193
124744028,50002193
124742019,50002193
124742024,50002193
124742023,50002193
124742020,50002193
124742021,50002193
124742022,50002193
202052316,50002193
201337615,50002193
201331226,50002193
201555608,50002193
124744016,50002193
1032068,50000148
124746015,50001872
124740020,50001872
201329802,50001872
201333401,50001872
201330302,50001872
124742011,50001872
124734023,50000280
124740019,50007302
1032909,50001170
124742016,50001170
124742017,50013600
124742015,50001171
201333102,50000231
124742009,50001170
124746014,50014001
1032908,50014001
124744023,50014001
124744022,50014001
201273855,50014001
201274755,50014001
201267969,50014001
201276231,50004696
124742010,50014001
124744011,50012741
124018004,50012741
124022007,50012742
1047208,50012741
1047204,50012741
122092001,50012241
124744001,50012241
124742001,50012241
124746001,50012241
124734002,50012241
124736002,50012241
124736003,50012241
201308507,50001090
202057707,50001090
202057708,50001090
201275640,50001090
202059104,50001090
202063404,50001090
202063606,50001090
202056103,50001090
202058206,50001090
202060409,50001090
202052504,50001090
202057906,50001090
202058004,50001090
202060205,50001090
201275932,50001090
202031916,50001090
202057405,50001090
202057407,50001090
202057408,50001090
202061012,50001090
202063904,50001090
202064001,50001090
202054204,50001090
202059506,50001090
124740001,50012241
1048285,50012241
124734012,50001763
124746008,50001905
124742004,50001905
124740014,50001905
210,50001905
124734006,50001905
124744012,50005467
124734011,50005467
124740011,50005467
1047211,50005467
124734007,50005467
124740021,50001082
1032853,50001082
1032855,50013040
1032852,50001082
1032854,50002380
10044,50013100
10046,50001082
10042,50002268
10043,50002380
10045,50001082
201347603,50001082
202025701,50001082
10041,50001082
124734010,50012241
124746006,50012241
122698003,50012241
124734009,50012241
201545701,50012241
124740008,50012241
290302,50000148
124744002,50002437
201156212,50002437
201156110,50002437
201158208,50002437
201465802,50002437
201466302,50002437
201466301,50002437
201466101,50002437
202009604,50002437
201163904,50002437
202004003,50002437
202014502,50002437
202014203,50002437
202014204,50002437
202014302,50002437
201309106,50002437
201309007,50002437
202003904,50002437
202003804,50002437
202003704,50002437
202004002,50002437
202013603,50002437
202013704,50002437
202013304,50002437
202013303,50002437
201159206,50002437
201301807,50002437
201466801,50002437
202001303,50002437
202010803,50002437
202011504,50002437
201301909,50002437
202002807,50002437
202002405,50002437
202002304,50002437
202012202,50002437
201160513,50002437
201466401,50002437
201466601,50002437
201466701,50002437
202000003,50002437
202000204,50002437
202000206,50001805
202000102,50002437
202010307,50002437
202010603,50002437
201999703,50002437
202015001,50002437
202015802,50002437
202016901,50002437
201158011,50002437
201463802,50002437
201464202,50002437
202008505,50002437
202008703,50002437
202008605,50002437
202008506,50002437
201164002,50002437
201271344,50012241
201273059,50012241
201268067,50012241
201275639,50012241
1046297,50014580
201556510,50012960
1033391,50000188
1033393,50000188
1033394,50000188
1033392,50000188
10511,50000188
1035821,50000188
1035824,50000188
1035818,50000188
1035819,50000188
1035820,50000188
1035822,50000188
1035823,50000188
10510,50000188
1036937,50000188
10507,50000188
1033366,50000188
1033365,50000188
1031810,50000188
1033438,50000188
1033436,50000188
1033437,50000188
926,50000188
1045891,50000188
1035895,50000188
1035893,50000188
1035894,50000188
1035892,50000188
10502,50000188
10505,50000188
10503,50000188
10504,50000188
1035885,50000188
1035886,50000188
1035891,50000188
1035889,50000188
1035890,50000188
1048321,50000188
1035834,50000188
1035833,50000188
1033396,50000188
1035876,50000188
1035878,50000188
1035882,50000188
1035883,50000188
1033397,50000188
1033402,50000188
1033398,50000188
1033399,50000188
1033401,50000188
935,50000188
1035887,50000188
1035888,50000188
1036816,50000188
936,50000188
1033435,50000188
1033433,50000188
1033434,50000188
911,50000188
10523,50000188
1033355,50000188
1033356,50000188
909,50000188
1033375,50000188
1033371,50000188
1033372,50000188
1033373,50000188
1033369,50000188
1033370,50000188
1034149,50000188
1034156,50000188
1034155,50000188
1034153,50000188
1034154,50000188
1033367,50000188
1033379,50000188
1033377,50000188
1033378,50000188
1033381,50000188
1033382,50000188
1033380,50000188
1042705,50000188
202059106,50000188
908,50000188
913,50000188
1035817,50000188
1035816,50000188
1034282,50000188
1034280,50000188
1034281,50000188
1042737,50000188
1036779,50000188
1034275,50000188
1034277,50000188
1034279,50000188
912,50000188
918,50000188
290309,50000188
1033442,50000188
1033443,50000188
1033444,50000188
1033439,50000188
1033440,50000188
1033441,50000188
124518001,50000188
124516002,50000188
1036940,50000188
1046018,50000188
903,50000188
1033385,50000188
1033386,50000188
1033387,50000188
1033388,50000188
1033389,50000188
1033390,50000188
904,50000188
1035826,50000188
1035827,50000188
1036860,50000188
1033408,50000188
1033410,50000188
1033411,50000188
1033409,50000188
1035873,50000188
1036815,50000188
1033403,50000188
1033406,50000188
906,50000188
9,50000188
1036635,50001114
10434,50001114
1032594,50001114
10433,50001114
1035605,50001114
10429,50001114
10430,50001114
1038127,50001114
806,50005673
1031672,50005673
1034288,50005673
1034289,50005673
1034287,50005673
1034286,50005673
1034284,50005673
1034285,50005673
1034283,50005673
10380,50005673
1037042,50005673
1037043,50005673
1037044,50005673
1037041,50005673
1037243,50005673
1037244,50005673
1037045,50005673
1037050,50005673
1037051,50005673
1037049,50005673
1037048,50005673
1037046,50005673
1037047,50005673
1037053,50005673
1037054,50005673
1037052,50005673
80310,50005673
1035963,50005673
1035964,50005673
1035965,50005673
1036775,50005673
1041587,50005673
1035966,50005673
1035968,50005673
1035969,50005673
1035967,50005673
1035971,50005673
1035972,50005673
1035974,50005673
1035975,50005673
1036460,50005673
1036461,50005673
1036463,50005673
1036464,50005673
1036465,50005673
1036459,50005673
80312,50005673
1034672,50005673
1034673,50005673
1034671,50005673
1034674,50005673
80313,50005673
1034668,50005673
1034669,50005673
1034666,50005673
1034667,50005673
1034670,50005673
80307,50005673
1037129,50005673
1037130,50005673
1037131,50005673
1037128,50005673
1037121,50005673
1037122,50005673
1037125,50005673
1037126,50005673
1037124,50005673
1037123,50005673
1037127,50005673
1037117,50005673
1037118,50005673
1037119,50005673
1037120,50005673
80308,50005673
1037083,50005673
1037084,50005673
1037085,50005673
1037088,50005673
1037086,50005673
1037087,50005673
1037089,50005673
1037092,50005673
1037094,50005673
1037095,50005673
1037090,50005673
1037091,50005673
1037093,50005673
1037097,50005673
1037098,50005673
1037099,50005673
1037096,50005673
80309,50005673
1037081,50005673
1037234,50005673
1037079,50005673
1037078,50005673
1037075,50005673
1037076,50005673
1037077,50005673
1037074,50005673
1037068,50005673
1037069,50005673
1037067,50005673
1037071,50005673
1037070,50005673
1037072,50005673
1037073,50005673
1037387,50005673
1037060,50005673
1037061,50005673
1037063,50005673
1037064,50005673
1037065,50005673
1037066,50005673
1037062,50005673
1037058,50005673
1037056,50005673
1037057,50005673
80311,50005673
1036963,50005673
1036959,50005673
1036960,50005673
1036961,50005673
1036962,50005673
1036957,50005673
1036958,50005673
1036955,50005673
1036954,50005673
848,50005673
845,50005673
847,50005673
846,50005673
201331206,50005673
201333304,50005673
201335205,50005673
201335403,50005673
201345401,50005673
201337902,50005673
201337103,50005673
201333305,50005673
201336604,50005673
201332403,50005673
824,50005673
125742007,50005673
125742008,50005673
125744005,50005673
1037221,50005673
125742006,50005673
125740011,50005673
1037216,50005673
1037215,50005673
1037219,50005673
1037217,50005673
1037218,50005673
1037220,50005673
125740010,50005673
125740008,50005673
125740009,50005673
125896002,50005673
125898001,50005673
125746002,50005673
125748009,50005673
125748010,50005673
125748011,50005673
125748008,50005673
125748007,50005673
125728005,50005673
125750006,50005673
125750007,50005673
1033142,50005673
1033140,50005673
1033141,50005673
1033144,50005673
1033143,50005673
125730007,50005673
125730008,50005673
125730009,50005673
125730010,50005673
125894003,50005673
125894004,50005673
125896001,50005673
125894002,50005673
125892002,50005673
125892003,50005673
125892004,50005673
1033138,50005673
1033139,50005673
1033136,50005673
1033137,50005673
125728006,50005673
125730005,50005673
125730006,50005673
125752004,50005673
125754002,50005673
201346304,50005673
125908001,50005673
201335106,50005673
201337908,50005673
125900001,50005673
125902001,50005673
125902002,50005673
125900002,50005673
125900003,50005673
201331407,50005673
125906004,50005673
125906003,50005673
125904001,50005673
125906001,50005673
125906002,50005673
201334710,50005673
201340115,50005673
826,50005673
1036964,50005673
1035970,50002499
1036965,50005673
1036966,50005673
1036968,50005673
1036967,50005673
1036971,50005673
1036969,50005673
1036970,50005673
1036972,50005673
1036462,50005673
1036466,50005673
201163202,50005673
832,50005673
830,50005673
828,50005673
1033707,50005673
1033705,50000914
1033706,50000914
1033704,50000914
201158608,50000914
141,50000914
201821604,50005673
201230103,50005673
201823803,50005673
201836001,50005673
1034657,50005673
1034658,50005673
1034656,50005673
1034659,50005673
1034661,50005673
1034662,50005673
1034660,50005673
1036973,50005673
1036974,50005673
1036975,50005673
1036976,50005673
1036977,50005673
1036978,50005673
1036981,50005673
1036980,50005673
1036983,50005673
1036979,50005673
1036982,50005673
1035939,50005673
1035940,50005673
201964706,50005673
80201,50005673
1034647,50005673
1034651,50005673
1034649,50005673
1034650,50005673
1034652,50005673
1034648,50005673
1034653,50005673
1034654,50005673
1034655,50005673
1036984,50005673
1035936,50005673
1035937,50005673
1035938,50005673
1036993,50005673
1035935,50005673
1035934,50005673
1036988,50005673
1036989,50005673
1036985,50005673
1036987,50005673
1036990,50005673
1036991,50005673
1036992,50005673
80202,50005673
80320,50005673
80216,50005673
80219,50005673
80220,50005673
80221,50005673
80222,50005673
80217,50005673
80218,50005673
80213,50005673
80214,50005673
80212,50005673
80209,50005673
80210,50005673
80211,50005673
80215,50005673
80207,50005673
80208,50005673
80203,50005673
80223,50005673
80229,50005673
80225,50005673
80227,50005673
80224,50005673
80228,50005673
802,50005673
810,50005673
1034645,50005673
1034646,50005673
1034643,50005673
1034644,50005673
1034641,50005673
1034642,50005673
1034640,50005673
1034633,50005673
1034634,50005673
1034635,50005673
1034639,50005673
1034637,50005673
1034638,50005673
1034636,50005673
1034630,50005673
1034631,50005673
1034632,50005673
80204,50005673
1034607,50005673
1034609,50005673
1034611,50005673
1034612,50005673
80205,50005673
1034614,50006384
1034616,50006384
1034618,50006384
1034613,50006384
1036855,50006384
1034628,50006384
1034627,50006384
1034629,50006384
1034619,50006384
1034623,50006384
1034622,50006384
1034624,50006384
1034625,50006384
1034620,50006384
1034621,50006384
80206,50006384
1034886,50005673
1034885,50005673
1034882,50005673
1034883,50005673
1034884,50005673
201340404,50005673
201333406,50005673
817,50005673
1034878,50003575
1034879,50003575
1034880,50003575
1034881,50003575
1034875,50003575
1034876,50003575
1034877,50003575
1036863,50003575
1036864,50003575
1037258,50003575
813,50003575
1036727,50000911
834,50000911
201834402,50000911
290308,50000911
1037233,50005673
1037235,50005673
1037237,50005673
1037238,50005673
1037236,50005673
1037240,50005673
1037239,50005673
1037241,50005673
1037242,50005673
1037107,50005673
1037106,50005673
1037115,50005673
1037116,50005673
1037109,50005673
1037110,50005673
1037111,50005673
1037108,50005673
1037112,50005673
1037113,50005673
1037114,50005673
80316,50005673
1035283,50005673
1035282,50005673
1034675,50005673
1034676,50005673
1034677,50005673
1034680,50005673
1034681,50005673
1034679,50005673
1034682,50005673
1034678,50005673
80317,50005673
201866101,50003475
201827202,50003475
838,50005673
839,50005673
1034558,50005673
1034559,50005673
1036735,50005673
1034560,50005673
80314,50005673
80315,50005673
80318,50005673
836,50005673
837,50005673
816,50005673
201828801,50005673
1043118,50005673
1043120,50005673
1037100,50005673
1037103,50005673
1037101,50005673
1037102,50005673
80304,50005673
1034683,50012581
1034686,50012581
1034687,50012581
1034688,50012581
1034689,50012581
1034684,50012581
1034685,50012581
80305,50012581
80322,50005673
80321,50005673
80323,50005673
80319,50005673
80306,50005673
80302,50005673
80301,50005673
80303,50005673
803,50005673
1033693,50000941
1035956,50000941
1035957,50000941
1035952,50000941
1035955,50000941
1035954,50000941
1035953,50000941
1035947,50000941
1035946,50000941
1035951,50000941
1035948,50000941
1035949,50000941
1035945,50000941
843,50000941
1035959,50005673
1035960,50012520
1035961,50003882
1035962,50005673
1035958,50005673
1604,50005673
844,50005673
840,50005673
1035941,50005673
842,50005673
8,50005673
201218627,50001032
10228,50001032
1031797,50001032
1035021,50001032
1035024,50001032
1035020,50001032
1035022,50001032
1035023,50001032
1035025,50001032
1035017,50001032
1035018,50001032
1035019,50001032
1035016,50001032
1035026,50001032
1035027,50001032
1035029,50001032
1035028,50001032
1035032,50001032
1035030,50001032
1035031,50001032
1035033,50001032
10233,50001032
1033912,50001032
1036197,50001032
1033924,50001032
1036205,50001032
1033918,50001032
1033919,50001032
1036203,50001032
1036198,50001032
1036202,50001032
1036200,50001032
1036201,50001032
1036196,50001032
125068006,50001032
125070012,50001032
125062019,50001032
127782004,50001032
202059107,50001032
127746004,50001032
127894002,50001032
125064006,50001032
1035223,50000165
1035222,50000165
1035224,50000165
1035225,50007588
1035226,50000165
1035227,50000165
1032260,50000165
1032990,50007588
201936002,50000165
1324,50000165
290305,50001032
1033940,50005301
1033942,50005301
1033939,50005301
50918,50005301
515,50001032
1035241,50003459
1035243,50003459
1035240,50003459
202058709,50003459
201228012,50003459
1406,50003459
1035900,50003459
1035899,50003459
1035898,50003459
1032312,50003459
1032315,50003459
1032311,50003459
1032313,50003459
1032314,50003459
1032319,50003459
1032322,50003459
1032323,50003459
1032316,50003459
1032317,50003459
1032318,50003459
1032320,50003459
1032325,50003459
1032324,50003459
1034982,50003459
1036657,50003459
1034992,50003459
1034993,50003459
1034990,50003459
1034991,50003459
1034984,50003459
1034985,50003459
1034983,50003459
1034987,50003459
1034986,50003459
1034988,50003459
1034989,50003459
127752005,50003459
201218927,50003459
127766004,50003459
201220927,50003459
201232216,50003459
1407,50003459
201219526,50001624
201228337,50001624
1035813,50003459
1035234,50003459
1035236,50003459
1035235,50003459
1035239,50003459
1035238,50003459
201068002,50003459
201076001,50003459
201090001,50003459
202031404,50003459
127886004,50003459
202063106,50003459
127894006,50003459
202052112,50003459
504,50003459
1042665,50004098
1032350,50003929
1032352,50004098
1032351,50003929
1033573,50003929
629,50003929
1032249,50003459
127878003,50003459
127878002,50003459
127864002,50003459
127884002,50003459
201605802,50003459
1038209,50001032
127876003,50001032
127890002,50001032
127894005,50001032
127874003,50001032
127880002,50001032
201217934,50003459
201227527,50003459
201223340,50003459
127782005,50003459
127786002,50003459
127756005,50003459
127762003,50003459
127740008,50003459
127746005,50003459
127780003,50003459
127778006,50003459
127764004,50003459
124194007,50003459
1035013,50003459
1036546,50003459
1036547,50003459
125274014,50003459
1032251,50003459
1032252,50003459
1032248,50003459
1032250,50003459
1032265,50003459
124256003,50003459
10191,50003459
10190,50003459
124190004,50003459
124954008,50003459
127900001,50003459
127898001,50003459
201575317,50003459
201575122,50003459
201575224,50003459
201576823,50003459
126566003,50003459
127090001,50003459
127090002,50003459
127092001,50003459
127094001,50003459
127094002,50003459
126558001,50003459
127868005,50003459
127888003,50003459
127866002,50003459
127886002,50003459
127914001,50003459
127912002,50003459
201228823,50003459
201606402,50003459
201604501,50003459
201600202,50003459
127902001,50003459
201206403,50003459
201579518,50003459
201580821,50003459
201578724,50003459
201578725,50003459
201579414,50003459
126570004,50003459
127096001,50003459
127098001,50003459
127104001,50003459
127100001,50003459
127102001,50003459
201568930,50003459
201568221,50003459
201569417,50003459
202051711,50003459
126578001,50003459
126576001,50003459
127778005,50003459
127876002,50003459
127874002,50003459
127896002,50003459
201571025,50003459
201573122,50003459
201571323,50003459
524,50003459
1036544,50003459
1036545,50003459
1032254,50003459
1032256,50003459
1032257,50003459
1032258,50003459
1032259,50003459
1032264,50003459
127106001,50003459
127108001,50003459
525,50003459
125070002,50003459
1035244,50003459
1035246,50003459
1035247,50003459
1036075,50003459
1036077,50003459
1036078,50003459
1036076,50003459
1036073,50003459
201810701,50000165
1031656,50000165
1034243,50000937
1034241,50000937
1034242,50000937
1034240,50000937
1036948,50006193
1036572,50006193
1036576,50006193
1036573,50006193
1036574,50006193
1036577,50006193
1036578,50006193
1036575,50006193
1036730,50006193
1036938,50006193
1036934,50006193
201155905,50006193
1036571,50006193
1036778,50003794
1034840,50000911
1036433,50000911
1036437,50000911
1036435,50000911
1036436,50000911
1036434,50000911
1036438,50003794
1036439,50000911
10374,50000911
1032369,50012421
1042551,50012421
1042549,50012421
1042555,50012520
1042553,50012520
1031608,50012520
1031609,50012520
1031611,50012520
1031615,50012520
1031614,50012421
1031610,50012520
1031612,50012520
1031613,50012520
1036738,50012421
1031616,50012520
1044091,50012520
1044100,50012520
1044102,50012520
819,50012421
1031607,50012520
1031799,50000941
1036755,50000941
1036756,50000941
1032191,50000941
1042649,50000941
1036748,50000941
1036753,50000941
1036749,50000941
1036743,50000941
1036745,50000941
1036746,50000941
1036747,50000941
1036744,50000941
1032190,50000941
1034850,50004051
1034849,50004051
1037135,50004051
100103,50004051
1031638,50004051
1034857,50004051
1034851,50004051
1034852,50004051
1034855,50004051
1034856,50004051
1034854,50004051
1034853,50004051
10376,50004051
1034859,50004051
1034858,50004051
1036850,50004051
10378,50004051
1036798,50004051
10379,50004051
1036799,50004051
10371,50004051
1034834,50000911
1034833,50000911
1034828,50000911
1034832,50000911
1034830,50000911
1034831,50000911
1034829,50000911
1036440,50000911
1036441,50000911
1036442,50000911
1036733,50000911
1036734,50000911
10377,50000911
1036887,50003686
10401,50003686
1036791,50003686
1036736,50003686
10403,50003686
10402,50003686
1034259,50005673
1034261,50005673
1034263,50005673
1034260,50005673
1034265,50005673
1036862,50005673
10239,50005673
1034557,50005673
1036564,50001035
1037137,50001035
123752001,50001035
1036883,50001035
1036882,50001035
123736001,50001035
1034575,50001035
1034576,50001035
1036468,50001035
1036467,50001035
1036880,50001035
123694003,50001035
1036780,50001035
1036792,50001035
1036848,50001035
1037245,50001035
1032642,50001035
1032643,50001035
1032641,50001035
1032640,50001035
1036737,50001035
1036797,50001035
1036795,50001035
1036796,50001035
1036794,50001035
1036793,50001035
1037256,50001035
1037257,50001035
1031628,50001035
1031627,50001035
1031625,50001035
1031626,50001035
1036939,50001035
1036006,50001035
201229804,50001035
201551014,50001035
201228406,50001035
811,50001035
1031624,50001035
1036560,50003882
1036561,50003882
1034864,50003882
1034865,50003882
1034866,50003882
1031631,50003882
814,50003882
1031630,50003882
1031685,50003882
1031686,50003882
1034574,50003882
1035624,50003882
1036453,50003882
1031682,50003882
1031683,50003882
1031684,50003882
1034571,50003882
1034572,50003882
1034573,50003882
1036454,50003882
815,50003882
1031681,50003882
1036859,50004576
1036858,50004576
1036857,50004576
1036856,50004576
1031680,50004576
100110,50004051
1035627,50004051
1035626,50004051
1037255,50004051
1036455,50004051
1036458,50004051
1036456,50004051
1036457,50004051
1034567,50004051
1034815,50003738
1034814,50003738
1034816,50003738
1034817,50003738
1034818,50003738
10381,50003738
1034568,50006630
1031618,50006630
1031619,50006630
818,50006630
1031617,50006630
1037139,50003465
1042491,50003465
1042493,50003465
1042499,50003465
1042488,50003465
1042487,50003465
1042485,50003465
1042486,50003465
1042484,50003465
1042481,50003465
1036565,50003465
1036569,50003465
1036568,50003465
1036567,50003465
1032189,50003465
1034570,50003465
822,50003465
201159105,50003465
1031620,50003465
1034860,50003465
1034862,50003465
1034863,50003465
1034861,50003465
1031622,50003465
1031623,50003465
1037136,50003910
1031604,50003910
1031605,50003910
1031606,50003910
1031678,50003910
1031679,50003910
1031674,50003910
1031675,50003910
1031677,50003910
1031673,50003910
1031676,50003910
831,50003910
1036432,50004833
1043116,50004833
1043112,50004833
1031805,50004833
1107,50004833
1034304,50004833
1034305,50004833
1046396,50004833
1032517,50004833
10241,50004833
127742004,50004833
150,50004833
290311,50004833
64,50004833
17,50000375
1036074,50004094
126580001,50004094
202051413,50004094
202058507,50004094
202054407,50004094
127894003,50004094
528,50004094
1035904,50004094
1035902,50004094
1043447,50004094
1042959,50004094
1042956,50004094
124952008,50004094
126568002,50004094
522,50004094
127894004,50004094
529,50004094
10216,50015160
1035001,50015160
1034998,50015160
1034996,50015160
1034997,50015160
1034999,50015160
1032261,50015160
1032262,50015160
1032263,50015160
127302003,50015160
127868004,50015160
1412,50015160
202051414,50015160
202036011,50015160
526,50015160
201339425,50001379
201339311,50001379
201338521,50001379
201345518,50001379
201347604,50001379
201337616,50001379
201347104,50001379
201330115,50001379
201332814,50001379
201335426,50001379
201345621,50001379
202008502,50001379
201332918,50001379
1035907,50001032
127754004,50001032
127770005,50001032
127772007,50001032
530,50001032
5,50001032
10069,50001804
1034587,50001804
1034588,50001804
1036476,50003758
1036477,50003758
1036475,50003758
1036474,50003758
1037134,50003758
1036469,50003758
1036470,50003758
1036472,50003758
1036473,50003758
1036471,50003758
1036570,50003758
1034809,50003758
1034810,50003758
1034811,50003758
1034808,50003758
1034813,50003758
1034812,50003758
10384,50003758
10385,50001036
1033445,50001036
1035836,50001036
1035837,50001036
1035835,50001036
1035842,50001036
1035839,50001036
1035843,50001036
1035840,50001036
1035841,50001036
1035838,50001036
1035844,50001036
1035845,50001036
1035850,50001036
1035846,50001036
1035848,50001036
1035849,50001036
1035847,50001036
1035851,50001036
10522,50001036
100104,50004051
10067,50001804
10068,50001804
10070,50001804
1005402,50001804
1005401,50001804
10052,50001804
10053,50001804
143,50001804
10054,50001804
10065,50002501
10066,50002501
10064,50002501
10056,50002501
1033702,50002501
1033703,50002501
10055,50002501
1033374,50003882
1036482,50003882
1036483,50003882
1036486,50003882
1036484,50003882
1036485,50003882
1036480,50003882
1036481,50003882
1036478,50003882
1036479,50003882
1036881,50003882
1037132,50003882
1033376,50003882
1036491,50003882
1036487,50003882
1036490,50003882
1036488,50003882
1036489,50003882
1033383,50003882
1033384,50003882
1037247,50003882
1037246,50003882
1034869,50003882
1034870,50003882
1034867,50003882
1034868,50003882
1037105,50003882
1037104,50003882
1034871,50003882
1034872,50003882
1034874,50003882
1034873,50003882
1031632,50003882
1036563,50012421
1036562,50012421
1031634,50012421
1031635,50012421
1031636,50012421
1031637,50012421
1034577,50012421
82102,50012421
1031633,50012421
1034846,50005673
1034847,50005673
1034848,50005673
1031688,50005673
1031689,50005673
10372,50005673
1031687,50005673
1036772,50000941
1036773,50000941
1036770,50000941
1036771,50000941
1036769,50000941
1036768,50000941
1036763,50000941
1036767,50000941
1036762,50000941
1036886,50000941
1036759,50000941
1036758,50000941
1036760,50000941
1036761,50000941
1036851,50000941
1036852,50000941
1036849,50000941
1041707,50000941
1042645,50000941
1036750,50000941
1036751,50000941
1036752,50000941
1033682,50000941
1034585,50004051
1034586,50004051
1034583,50004051
1034584,50004051
1034582,50004051
1034581,50004051
1034579,50004051
1034580,50004051
1034578,50004051
1036694,50003946
1036695,50003946
1036696,50003946
1036693,50003946
1036692,50003946
1036689,50003946
1036690,50003946
1036691,50003946
1036688,50003946
1036687,50003946
1036686,50003946
1036774,50003464
1034835,50003464
1034837,50003464
1034838,50003464
1034839,50003464
1034836,50003464
1036885,50003464
1036884,50003464
10373,50003464
10383,50015160
1034468,50000911
1034470,50000911
1034471,50000911
1034469,50000911
1034472,50000911
1034476,50000911
1034473,50000911
1034474,50000911
1034475,50000911
10382,50000911
1036720,50004056
1036718,50004056
1036719,50004056
1036717,50000165
1036777,50004051
1036042,50004051
1036721,50004056
1036724,50004056
1036722,50004056
1036723,50000165
1036726,50000165
1036725,50000165
1036728,50000165
1042691,50000165
1224,50004281
1033612,50001021
1033610,50001021
1033613,50001021
152,50001021
1229,50001021
1033617,50003309
1033614,50003309
1033616,50003309
1230,50002964
1225,50002964
1033574,50003441
1033575,50001110
1222,50003441
1033625,50015260
1033624,50015260
10103,50015260
1031814,50015260
1207,50015260
153,50015260
290312,50015260
12,50015260
1044437,50000165
1044455,50000165
1044409,50000165
1044394,50000165
123374003,50000165
1033427,50000165
10518,50000165
1033432,50000165
1042709,50000165
123282008,50000165
123282009,50000165
123290006,50000165
123290010,50003359
1033431,50003359
123286010,50003359
123286011,50003359
123292006,50003359
123292007,50003359
123284012,50003359
123282011,50003359
123290007,50003359
121046021,50005301
121018023,50005301
121022029,50005301
121022027,50005301
121012033,50005301
121046015,50003311
121046016,50003311
121018019,50003311
121018020,50003311
121022024,50003311
121012029,50003311
125464003,50003311
125470002,50000107
125468001,50000107
121012031,50001113
121012032,50000107
121012030,50000107
121046013,50001117
121046014,50000107
125420002,50000107
121018018,50001113
125472002,50001113
121012028,50000107
125470001,50000107
121012023,50000107
121012022,50001117
121022021,50000107
121012021,50000107
1035766,50001113
1035767,50001113
123292003,50001113
123284009,50001113
123284007,50001113
123374001,50001113
1045209,50001113
121018004,50001113
121046002,50001113
121046005,50001113
125474001,50001113
121022006,50001113
121022007,50001113
121022009,50001113
121012011,50001113
121012008,50001113
121012012,50001113
121022016,50001113
121022004,50001113
121018002,50001113
125464002,50001113
121022003,50001113
121022002,50001113
121018006,50001113
121018007,50001113
121018005,50001113
121046003,50001113
121046004,50001113
121022014,50001113
121022012,50001113
121022013,50001113
121022011,50001113
121012013,50001113
121022010,50001113
121046006,50001113
121018017,50001113
121022022,50001113
121012014,50001113
121018009,50001113
121046009,50001113
121046008,50001113
125460002,50001113
125464001,50001113
121012016,50001113
121012017,50001113
121046007,50001113
125470003,50001113
121022017,50001113
121012015,50001113
123272006,50001113
123292002,50001113
123286006,50001113
123374002,50001113
1033429,50001113
123282010,50001113
123284006,50001113
121046001,50001113
125472001,50003311
121012009,50001113
121012007,50001113
121012006,50001113
121012035,50003359
121046020,50003359
121046022,50003359
121046019,50003359
121012034,50003359
121018022,50003359
121018021,50003359
121018026,50003359
121018027,50003359
121022028,50003359
121022030,50003359
121022031,50003359
121022033,50003359
121022034,50003359
201214501,50003359
121022026,50003359
202059905,50003359
202060411,50001021
202057413,50001021
202053805,50001021
1035859,50001021
1036936,50001021
1046021,50001021
1046020,50001021
1035852,50001021
1035853,50001021
1035857,50001021
1035858,50001021
1035856,50001021
1035855,50001021
1046019,50001021
201214601,50001021
933,50001021
1035762,50000165
1035759,50000165
1035760,50000165
1035758,50000165
1035761,50000165
1035755,50000165
1035753,50000165
1035754,50000165
121046011,50000165
1035749,50000165
121012018,50000165
1036861,50000165
927,50000165
1035765,50001021
1045162,50001021
1033360,50001021
1033361,50001021
920,50000165
123614001,50001030
1032495,50001030
1032497,50001030
1032496,50001030
1032488,50001030
1032489,50001030
1032490,50001030
1032492,50001030
1032493,50001030
1032494,50001030
1032491,50001030
1038374,50001030
1032481,50001030
1032482,50001030
1032483,50001030
1032485,50001030
1032486,50001030
1032484,50001030
1032487,50001030
1032475,50001030
1032479,50001030
1032480,50001030
1032477,50001030
1032478,50001030
124014011,50001030
1426,50001030
10115,50015003
1218,50015003
1033607,50015003
1033608,50015003
1228,50015003
1033593,50015003
1033591,50015003
1033592,50015003
1033589,50000214
1032194,50000214
1032200,50000214
1032199,50000214
91,50000214
1033160,50002009
121496007,50000207
1033157,50002013
1033158,50002013
1033156,50000207
121494009,50002013
121494008,50002013
1035912,50002013
1035911,50002013
1036117,50002013
1036119,50000207
1036120,50002013
121502004,50001232
121504004,50002013
121504005,50002013
1033810,50002013
1033811,50002013
1033812,50002013
1033813,50002013
1035646,50002013
1036008,50000207
121490008,50002013
121490009,50002013
1912,50002012
1911,50002009
126144001,50002013
1904,50002013
10208,50001805
10015,50001805
1031790,50000155
1046333,50000155
1046331,50000155
1046332,50000232
1046334,50000155
1046335,50000155
1046330,50000155
1046356,50001805
1046556,50001805
1046352,50001805
1033742,50001805
10049,50000380
10050,50000380
10051,50000380
10048,50000380
290301,50003371
1033760,50003371
1033761,50003371
1033762,50003371
1046601,50003371
142,50003371
128,50003371
135,50003371
136,50003371
133,50003371
201138101,50003371
1,50003371
1013,50014900
100114,50014900
100113,50014900
100111,50014900
100112,50014900
100115,50014900
100116,50014900
100101,50014900
10528,50014900
1001,50014900
100107,50014900
1012,50014900
1032357,50014900
1033686,50001792
1033687,50001792
1033688,50001792
1033685,50001792
1002,50001792
1003,50001792
1014,50000098
1033692,50001792
1033694,50003439
1033691,50003439
1005,50003439
1011,50000098
1032533,50001026
1031812,50000098
100105,50006131
1035950,50006131
1043036,50003439
290310,50003439
10,50003439
121814003,50000229
121862004,50000233
121864001,50000229
121828002,50000233
121836004,50000233
121774004,50000233
121774005,50000231
121844002,50000229
121784005,50000229
121782004,50000233
121852001,50000231
121854001,50000232
121854002,50000232
121856001,50000231
121860001,50000229
121778007,50000233
121778006,50000233
121850002,50000229
121814002,50000233
121810003,50006721
121802003,50006673
121842001,50006673
122584001,50006704
121778004,50006704
201309806,50000233
201220511,50006673
201304507,50006673
201229809,50000233
201898101,50006723
121828001,50000233
121804002,50006705
121834001,50006655
201864207,50006630
200518003,50006630
201860302,50006655
200544002,50006706
200544001,50006655
200542001,50006655
201156105,50000231
201863904,50006706
125278008,50006673
121830001,50006655
121844001,50006704
121792003,50006704
1045514,50001785
1033744,50001800
1033745,50001787
1033747,50001800
1033748,50001800
1033749,50001800
1033741,50001800
1033743,50001800
1045489,50001800
1045488,50001784
126018001,50001800
124,50000080
1033758,50000080
1033755,50001798
124744038,50001804
201330213,50001787
125,50001800
10016,50001800
125500001,50001800
125502001,50001805
125504001,50001805
201157611,50001805
125484002,50001805
1045515,50001783
1033701,50001783
1045497,50001807
1045493,50001783
1046605,50001783
125492002,50000079
124190012,50001801
1045490,50001801
1045491,50001801
1045487,50001801
125492001,50001801
124268001,50001801
122332004,50001801
125496001,50001801
121814005,50000233
121786004,50000233
121800002,50000155
121862002,50000233
121860002,50000155
121862001,50000233
121862003,50000233
125276005,50000233
125274012,50000233
121830002,50000233
121772002,50000233
121774006,50000155
121846003,50000233
122534002,50000233
125272008,50000233
125274010,50000233
125274011,50000233
121850003,50000155
121850004,50000233
122592001,50000233
125264017,50000233
125270019,50000233
125270018,50000233
121786003,50000233
1046647,50000079
1046648,50000079
117,50000079
122,50000079
1045486,50000079
123290004,50000233
124264003,50000233
124744030,50000233
201304913,50000233
201159805,50000233
121776006,50006662
121802005,50006657
121830003,50006657
121832004,50006657
121838001,50006663
121848001,50006663
201301507,50006657
201220215,50006657
201302508,50006657
201305908,50006657
201217710,50006657
201305504,50006724
201868702,50006657
201309004,50006657
201227806,50006657
201308609,50006657
201308610,50006657
201309705,50006657
201863702,50006657
201863104,50006657
121850001,50006657
121804004,50000231
121786005,50006654
121836001,50006654
121782003,50006704
200518002,50006654
200524002,50006654
200532002,50006654
200540001,50006654
125270017,50006654
121810004,50006728
122586001,50007163
201306406,50006728
201309405,50007164
201304306,50006728
201304209,50007161
201309909,50006728
201301109,50007162
201304806,50007163
201625901,50007154
201305503,50006728
200550001,50006636
123736008,50008469
201864105,50006701
201872801,50008389
201232602,50008469
121824002,50006679
121832001,50006633
121846001,50006680
121780002,50006631
201872901,50006685
202055518,50000155
121812002,50006642
121832002,50006691
201859003,50006643
201353806,50006693
201859504,50006685
202055517,50000155
122916001,50008469
202058904,50003443
202053313,50003443
1032360,50003443
202051615,50003442
202051308,50003443
202060417,50003442
202054111,50003442
202064010,50003442
202055111,50003442
202057810,50003443
202051612,50003443
202055211,50003443
202060913,50003443
202052911,50003443
1032361,50003442
1004,50003443
202055611,50003443
202026817,50003443
202056509,50003443
202053108,50003443
202063012,50003443
202062505,50003443
202059214,50003443
202054012,50003443
202060416,50003443
202052814,50003443
10325,50000213
1033449,50001032
1036776,50000054
124380002,50000000
124382001,50000000
124448001,50000000
124734029,50000000
124746021,50000007
1031835,50001032
1031830,50000055
1031831,50001032
1031834,50000055
1038366,50000850
1031824,50000158
1031826,50000158
1031827,50000007
1031829,50001032
1034058,50000000
1034062,50000156
1034059,50001038
1034063,50006038
1034064,50001032
1034392,50000175
1045797,50001207
1045796,50001207
1045794,50001207
1045795,50001207
1045793,50001207
1045791,50001207
1045788,50001207
1045787,50001207
123616019,50000000
1033303,50001092
1034015,50007201
1034019,50007210
1034018,50007209
1034017,50007212
1034020,50007210
1034021,50007209
1034022,50007209
1034023,50007337
1034016,50007337
1031828,50001031
1031804,50001031
1041441,50001031
1032929,50001060
1036650,50001119
1034034,50003314
1034036,50003314
1034037,50003314
1034035,50003314
1034033,50003314
1039449,50001060
124744029,50000000
124776001,50000000
1031823,50001060
1034053,50001060
1034054,50001060
1034056,50003462
1034055,50003314
124774004,50000858
124774008,50001136
124774005,50000110
124774006,50001124
124774007,50008530
124806004,50000004
1034049,50001029
1034038,50003686
1034039,50003686
1039450,50003686
125062021,50001092
280523,50001038
280509,50001038
280502,50000006
280503,50000000
280501,50001032
280505,50001032
280504,50007209
280508,50007206
1031825,50001512
1031801,50001512
736,50001512
2805,50001512
1033937,50007233
1033938,50007233
10344,50007233
1031807,50007233
10345,50007233
50919,50007233
1033993,50007233
1033994,50007233
1033995,50007233
1033996,50007233
10305,50007233
1033992,50007233
10342,50007233
50915,50007233
50914,50001415
1042831,50002368
1033967,50002369
1033968,50001415
1033969,50001415
1033966,50001415
1033965,50001415
1033977,50001415
1033978,50002369
1033976,50001415
1033973,50002369
1033974,50001415
1033970,50002369
1033975,50002369
1033971,50002369
50902,50001415
50907,50001415
509,50001415
124958014,50001512
125062007,50001512
124960005,50001512
1032306,50003457
1032303,50003458
10207,50003458
10205,50003458
1032300,50003459
1032301,50003458
1009,50003458
201857804,50003459
10204,50003459
125294002,50003458
125276008,50003459
125276009,50003459
125270021,50003459
125264019,50003459
125278011,50003459
1035812,50003459
1036826,50003459
10198,50003459
10199,50003459
10200,50003459
10201,50003126
10202,50001222
124278004,50003459
1036652,50003459
1036653,50003459
1036067,50003127
1036064,50001222
1036063,50001222
1036065,50003118
1036066,50003127
1034995,50003127
1036069,50003127
1036068,50003127
1036070,50003127
127156001,50003127
127756004,50003127
202056805,50003127
50912,50003127
127766005,50003127
201232213,50003127
10197,50001222
125296001,50001030
125294001,50001030
125278010,50001030
125264018,50001030
125276006,50001030
1035000,50000098
1048231,50000098
1048234,50000098
1048236,50000098
1048240,50000098
1048251,50000098
1048252,50000098
1048250,50000098
1048241,50000098
1048260,50000098
1048259,50000098
1048253,50000098
1048258,50000098
1048254,50000098
1048261,50000098
1048263,50000098
1048264,50000098
1048262,50000098
1048265,50000098
1048266,50000098
1048267,50000098
127786001,50000098
127744002,50000098
1048230,50000098
1032362,50003442
1032355,50003442
1032356,50003442
1032358,50003442
1033684,50003442
1033683,50003442
1008,50003442
1032308,50003441
10203,50003441
1032309,50003441
1032310,50003441
10232,50003441
10229,50003441
10230,50003441
10231,50003441
1036654,50003441
1035651,50003441
201219902,50005857
201219202,50005857
3410,50005649
201558912,50005549
201549807,50010661
201561110,50005645
201222901,50005549
201222801,50005549
201553910,50010661
201221702,50010661
1045647,50005549
124902003,50004297
10453,50004297
121542012,50000376
1739,50004297
201305220,50000376
201305825,50000376
201301125,50000376
125064004,50000056
124736035,50010661
124736036,50006396
124734034,50006396
2116,50006396
201155705,50006396
1045707,50006396
122224002,50004297
1031960,50000376
121558001,50000376
121556001,50000376
122226002,50000376
201466201,50003771
201649601,50003771
201309611,50003771
122198001,50003771
201162304,50001806
201356127,50001806
201161505,50001806
201162803,50001806
201382918,50001806
201158804,50001806
201160303,50001806
201170509,50001806
201158006,50001806
201161803,50001806
201173907,50001806
201172503,50001806
201162103,50001806
1037891,50000060
201301522,50000243
201330712,50000243
201333115,50000245
201339711,50000245
201346408,50000243
201352624,50000243
201361009,50000060
201335312,50000060
201335419,50000060
201338516,50000060
201338615,50000243
201331818,50000060
201335112,50000060
201335013,50000243
201345014,50000243
201334120,50000060
201334121,50000060
201334310,50000060
201337012,50000060
201340316,50000243
201340317,50000060
201340318,50000060
1731,50000243
201331712,50000060
201331614,50000245
201334716,50000060
201334812,50000243
201337311,50000060
201340516,50000060
201340517,50000060
201472905,50000060
201331220,50000060
201331314,50000245
201336513,50000243
201340120,50000060
201466308,50000060
201466706,50000060
201330015,50000060
201332414,50000060
201335420,50000060
201338916,50000060
201330420,50000060
201335913,50000060
201335615,50000060
201335912,50000060
201335814,50000060
201339113,50000060
201465009,50000060
201464006,50000060
201330711,50000060
10337,50001048
124736023,50001044
10261,50001048
1036614,50001207
124746003,50001207
1037146,50001207
124734031,50001397
1033118,50001048
1033120,50001044
10542,50001044
1031802,50001044
1032527,50001044
1032530,50001044
1033268,50002940
122702001,50001048
124736009,50001048
124736010,50001048
124736011,50000094
1032526,50001209
1033266,50001207
1033267,50002941
1033264,50001207
1033569,50000094
1037195,50000094
122700003,50001044
124740005,50000094
124744040,50001397
201148501,50001397
201148601,50001397
201148701,50001397
201148901,50001397
201148401,50001397
201148801,50001397
201194501,50000094
201649101,50000094
201648901,50001397
127850003,50001397
127844005,50001397
201149501,50002940
201149601,50001207
201149901,50002935
201149402,50001207
201149701,50001207
201149801,50001048
290401,50001048
201150001,50001048
50908,50003759
201149001,50000094
201149201,50000094
201149301,50001048
201149401,50001048
201149101,50001048
201160509,50005482
2104,50001209
2105,50002138
2109,50002138
2106,50003757
2108,50002138
126136001,50002138
201148301,50002138
201148201,50001397
201147901,50002138
201148101,50002138
201148001,50002138
732,50000094
201303211,50004133
201309717,50007086
201305916,50007086
201306614,50007086
201306311,50007084
201304320,50007086
202059711,50000850
201876101,50000850
201876201,50000850
201876301,50000850
201887304,50000850
201900102,50000850
201304308,50000850
201875801,50000850
127840005,50000850
201896201,50000850
201305706,50000850
201838517,50000850
201872103,50000850
202026003,50000850
201878412,50000850
201857705,50000850
201670904,50000156
201674605,50000959
201681503,50000156
201681502,50004311
201673403,50004349
201673004,50000156
201673203,50000868
201677003,50000868
201677204,50000868
201680402,50000870
201680403,50000868
201680502,50000868
201683501,50000868
201683301,50000868
201683401,50000868
201672703,50000156
201676803,50000868
201682801,50004322
201683201,50004349
201683101,50000959
201682901,50000870
201683001,50004349
201671603,50000868
201671604,50004340
201675703,50004349
201681903,50000868
201682301,50000872
201682201,50000868
201682002,50004349
201672503,50000868
201672403,50004351
201672002,50000156
201676405,50004349
201675806,50004311
201679602,50004338
201679803,50000871
201682601,50000868
201682701,50004322
201682702,50004322
1035210,50001030
1035206,50000868
1035209,50001030
1035207,50001030
1035208,50001030
1035180,50001030
1035181,50001030
1035182,50001030
1045447,50001030
1035197,50001030
1035201,50001030
1035202,50001030
1035203,50001030
1035204,50001030
1035200,50001030
1045459,50001030
1045747,50001030
201958802,50001030
201958604,50001030
10236,50001030
1031665,50001030
1034703,50001030
1034701,50001030
1034699,50001030
1034700,50001030
1034698,50001863
1044135,50001863
1031669,50001863
1034696,50009180
1034697,50009180
1036828,50009180
1034690,50009180
1034691,50009180
1034695,50001224
1034693,50009180
1045777,50009180
1031668,50009180
1034711,50001030
1034712,50001030
1034714,50001030
1034713,50001030
1034715,50001030
1034716,50001030
1034717,50001030
1031670,50001030
1034706,50001030
1034705,50001030
1034707,50001030
1034708,50001030
1034704,50001030
1045771,50001030
1034709,50001030
1034710,50001030
1031671,50001030
1036836,50001037
1034748,50001037
1034746,50001037
1034745,50001037
1036842,50001037
1045769,50001037
201958107,50001037
202031305,50001037
201955001,50001037
201958402,50001037
202061407,50001037
1031666,50001037
1034743,50004561
1034744,50004561
1034742,50004561
1045775,50001030
1034738,50001030
1034739,50001030
1034740,50001030
1034741,50001030
10415,50001030
1036832,50001978
1034395,50000210
1034394,50001978
1034477,50001978
1036052,50000210
1036053,50000210
1036051,50001978
1034478,50000210
1034480,50000210
1034479,50001978
1034482,50000210
1034483,50000210
1034484,50000210
1034481,50000210
1034485,50000210
1034486,50000210
10179,50001978
1035487,50003405
1035486,50003405
1035482,50003405
1035485,50003405
1035481,50003405
1035483,50003405
1035484,50003405
1035474,50003405
1035475,50003405
1035476,50003405
1035480,50003405
1035479,50003466
1035478,50003405
1035477,50003441
1036059,50003404
1040240,50003403
1035400,50002841
1035398,50003309
1036060,50003469
1044050,50001926
1044051,50003443
1035469,50003459
1035470,50006969
1035471,50003441
1035472,50015002
1035473,50001319
1042228,50003309
1042267,50004119
1035401,50003426
1035402,50003365
1032476,50003417
1034086,50003440
1034085,50008328
1034087,50002469
10370,50000165
1045512,50003417
1045509,50003363
1045510,50003363
1045508,50003391
1045507,50003360
1045505,50001034
1045506,50003451
1045500,50003421
1045503,50007669
1045501,50003529
1045502,50003364
1045504,50003364
1045499,50003364
202051508,50003361
202056412,50003529
202052007,50003361
1045498,50003404
1046879,50004121
1046871,50004122
1046878,50004122
1046869,50004122
1046870,50004122
1046875,50004122
1046877,50004122
1046874,50004122
1046868,50003439
1036831,50004120
1045085,50004123
1045275,50003442
1035393,50003280
1035394,50003437
1035395,50003437
123924009,50001706
1035396,50003427
123928003,50003437
1032471,50001408
1035455,50003464
1035451,50007508
1035456,50002343
1035457,50007508
1035454,50004094
1035452,50003464
1035453,50007508
1032468,50001408
1035443,50003311
1035446,50003623
1035444,50003466
1035445,50003467
1035448,50003468
1035449,50003469
1035450,50003528
1035447,50003529
1036588,50003623
1036587,50003528
1036586,50003623
1032469,50003623
1034563,50003448
1034564,50003454
1031667,50006969
10418,50003446
1034562,50001038
1034561,50003543
835,50003542
10413,50001038
1423,50006969
1424,50002525
1035324,50003385
1035326,50003440
124000010,50003440
1032462,50003440
1032460,50003440
1032461,50003440
1032456,50003440
1032459,50003385
1032458,50003440
201958508,50003386
201958509,50003386
201958510,50003386
201958511,50003386
201958101,50003386
201958108,50003386
202039201,50003386
201958803,50003386
201958804,50003386
202036305,50003386
202029503,50003386
202030402,50003385
201958605,50003385
201958606,50003385
201958703,50003385
201958407,50003385
201958406,50003386
202027906,50003386
201958408,50003386
1425,50006837
162,50006838
1032583,50006969
1032581,50006969
1032582,50006969
1032584,50001038
1036399,50001706
201958507,50001706
1032561,50002502
1032562,50008940
1034253,50002723
1034254,50002502
1045760,50002306
77,50002306
1032428,50002302
1032429,50003126
1032431,50003126
1032434,50001624
1032432,50003126
1032430,50001624
1032433,50001624
1034460,50004096
1035310,50015041
1032422,50001624
1032423,50001624
1032426,50001624
1032427,50004096
1032424,50003126
1032425,50004096
1032417,50015041
1032418,50002764
1032420,50004096
1032421,50004096
1032419,50003918
1043287,50014900
1032435,50002302
1035311,50003441
1035315,50015041
1035312,50004096
1035314,50003469
1035317,50003469
1035318,50015041
1035316,50003469
1035320,50003126
1035319,50004096
1035656,50003466
1043090,50002764
141907,50002302
201965106,50003426
201979601,50003365
201979701,50003418
201958403,50002938
1035663,50004120
1042435,50001419
1034313,50003145
1034319,50002514
1034314,50006971
1034320,50002519
1034316,50007231
1034317,50001984
1034315,50008981
1034321,50003410
1034322,50003410
1422,50001419
1036834,50009020
1035804,50002536
1035805,50002535
1035799,50009020
1035800,50009040
1035801,50001424
1035802,50002537
1035803,50009020
1043092,50008848
202029705,50009020
202035904,50002537
1421,50001026
161,50001028
201977002,50003424
202026905,50003419
202027505,50003422
201976602,50003422
202038702,50001028
201975803,50001028
201969004,50003422
201979801,50003424
201979901,50003425
201980001,50003418
201958503,50001028
841,50002012
65,50003401
1045524,50001729
1045526,50001728
1045527,50001731
1045523,50000087
201346407,50000067
201351917,50001950
201332112,50001810
201350415,50001950
2826,50001950
201338015,50001950
201344911,50001950
201345209,50001950
201354509,50001950
201334623,50003370
201349320,50000067
201354508,50000067
201334119,50004577
201336422,50000067
201359513,50001950
201339213,50001950
201339112,50002660
1044217,50000067
1033113,50007588
1036910,50002940
1038560,50003155
1033117,50000927
1033114,50002949
1033115,50007629
1033116,50002949
1033240,50001403
1908,50000917
10260,50001208
1032016,50007208
1032018,50007201
1032014,50007204
121566001,50007204
1038370,50007199
121564001,50007208
121562001,50007204
121558002,50007208
1032034,50007201
10339,50007204
124514001,50007201
10544,50007199
201302432,50007210
201309327,50000375
201403003,50007208
1742,50007204
1711,50007208
1713,50007208
201469905,50000375
1718,50007204
201309922,50007199
1758,50007204
1757,50007337
1756,50007210
201412601,50007337
1044181,50007337
122772002,50003734
1033083,50001729
1033081,50001729
1033076,50001729
1033078,50008069
1045653,50001042
202054917,50001729
127836005,50003556
127824005,50001047
10336,50001047
1031967,50003354
122208001,50009060
1031962,50004658
1044218,50003547
122354011,50004420
122348005,50003775
124736045,50003353
121490002,50003547
1037281,50000201
156,50003353
201354941,50005890
1738,50007344
201772801,50000391
201156006,50000968
201376626,50000968
201760401,50004266
122192001,50001122
122212001,50000413
122396001,50001835
122214001,50001808
121346001,50008149
201304917,50001228
201306112,50001495
201304314,50000882
201307214,50004016
201304606,50000113
122194001,50003831
121348001,50001729
124902002,50008308
1038778,50009401
124904003,50008308
1037279,50008130
121344001,50008148
2120,50008268
124904001,50008248
122224001,50000922
122222001,50003774
122226001,50003775
122200002,50003767
201649801,50007344
201649901,50000922
201649701,50000820
201162307,50000968
122196001,50000968
125070008,50003967
125492003,50000939
1034096,50011360
1034098,50005571
1042687,50005714
124740007,50003759
201160104,50005689
201532005,50005558
3413,50005867
201219602,50006125
1033112,50003573
1033123,50003569
124256007,50003568
201236105,50003567
201157104,50003564
201162806,50003565
201161603,50003763
81,50001041
1032024,50007212
1032027,50007199
1032029,50007199
1032033,50007212
201355117,50007212
201357814,50007203
201358214,50007201
201355414,50007204
201359514,50007209
201359813,50007212
1725,50007212
201346311,50008328
201230205,50003590
201228316,50000343
201218626,50000158
201217816,50008110
201372626,50009402
201332914,50001780
201229008,50000158
201475801,50000967
201475901,50000967
201475501,50000967
201678802,50002974
201681602,50004371
201677205,50002974
201683502,50002146
201672606,50004373
201675603,50002974
201681904,50002974
201678903,50004320
201677604,50001204
201678105,50004320
201681202,50004320
201646101,50000095
1045067,50007728
1033049,50004101
1033050,50004101
1033051,50001325
1033055,50003302
1033053,50007728
1045652,50007689
123088002,50003302
123086002,50007689
123098001,50008068
123084003,50008049
1033080,50003582
1034111,50003581
123104002,50007689
123102001,50007689
123104001,50007689
201161709,50008068
201161904,50007968
2122,50007689
1033048,50007748
1033044,50004295
1033045,50003743
1033046,50003735
1033047,50008049
1033043,50008028
1032978,50003732
1036808,50003735
2121,50003735
1033106,50000928
1033102,50000927
1033103,50000928
1033101,50000929
1033100,50003787
1033094,50000931
1033096,50000926
1033097,50000932
125460001,50003885
1033093,50000930
1035634,50003786
201220115,50003796
2119,50000054
1733,50000927
201161103,50003900
201222708,50003792
201220811,50003898
201179401,50003901
201221216,50003788
2127,50000054
124734033,50003587
1033122,50003588
1033128,50003589
1033127,50003587
1033126,50003591
1033124,50007908
1033125,50001043
124190005,50007588
123106001,50007849
201160506,50003351
201330014,50003585
201752501,50003586
2129,50001043
122204001,50003771
122202001,50003768
1037284,50003774
201158404,50001780
201160502,50000922
201308316,50003775
1702,50000820
1033529,50000156
1033534,50000872
1033535,50000870
1033532,50004329
126026003,50004310
1805,50000874
201220613,50000968
201228810,50001069
201305816,50001070
201308615,50001070
201232601,50001311
201303322,50005701
201301725,50001402
201304525,50007298
201303011,50000879
1037288,50004296
201330618,50000376
201330917,50004298
201333117,50004295
201336211,50000955
201339616,50002469
201329912,50004296
201332311,50004297
201344716,50004295
201331617,50004295
201334814,50000378
201333416,50000955
201339811,50000378
201346510,50004297
201346511,50000955
201346711,50000955
201332916,50000955
201335914,50000955
201339214,50004296
201333016,50000056
201412501,50000056
201345114,50000056
201358111,50000056
201337210,50000056
201381015,50000373
201308925,50000056
201334813,50000056
201303520,50000955
201306621,50004296
201336815,50000056
201340121,50001067
201466307,50000056
201335712,50000373
201345914,50000056
67,50001514
1033689,50000098
1033690,50001306
1007,50000098
125754003,50003121
202009302,50003121
202014602,50003121
202055210,50003358
127740007,50006193
202055905,50003362
202007103,50003358
202053915,50003121
202059213,50003464
202064009,50003121
202054307,50003458
202054308,50001022
202057614,50006194
202062209,50000153
202051613,50001022
202063705,50001022
202011503,50001591
202051808,50001022
202028118,50003440
202061608,50001387
202055610,50001022
1032304,50003458
202061909,50003458
202053614,50003458
202057207,50003362
202058714,50003686
202054814,50003686
202055812,50001022
202062713,50003686
202008004,50003465
202059611,50001022
202062808,50003442
202060210,50003458
202059111,50000096
202059215,50000096
202051614,50000096
1032359,50003442
202001802,50003442
202052004,50003442
127754005,50003442
1042667,50004098
202011905,50004098
202052815,50004098
127770004,50004098
202014901,50004098
202014802,50004098
202061109,50003458
202053411,50003458
87,50001706
1036838,50001033
124190011,50003419
124194013,50003422
1032928,50002937
1045327,50001838
1032573,50001409
1032574,50002354
1032572,50003418
1032568,50001706
1032571,50003442
1032569,50006969
1032579,50003932
1032580,50003932
1032577,50001706
1032575,50002944
1033570,50002953
1036400,50006969
1036401,50003285
201958404,50004803
201958405,50002568
86,50001706
1032436,50003363
1032437,50003363
1032439,50003364
1032440,50003364
1032441,50003404
1036782,50003404
1042529,50003404
1032442,50003404
1032443,50003404
1032446,50003404
1032447,50003404
1032444,50003404
1032445,50003404
141905,50003404
1042787,50001034
1036788,50001034
1035467,50003466
1035468,50003469
1035465,50007508
1035458,50003469
1035459,50003399
1035463,50003467
1035464,50003528
141906,50002859
1036431,50014900
1034820,50002723
1034819,50003442
1034821,50014900
1034822,50003442
1415,50003442
123612001,50001225
123612004,50001225
123612005,50001225
123612003,50001225
121190010,50001224
121190006,50001224
123622004,50001224
121186005,50003140
121186004,50000097
121192006,50001224
1042627,50000097
123608004,50000097
123608003,50000097
123620003,50000097
1032451,50000097
121188003,50003143
123616003,50003143
123616004,50003143
123610004,50003143
123622001,50003143
123622003,50003143
141903,50000097
1033767,50001573
1033766,50001582
1033768,50003755
1033769,50003755
1033764,50003755
1033765,50003746
510,50003746
1036827,50001511
1033770,50001509
1033771,50002713
1033774,50002702
1033772,50003742
1033773,50003542
1033777,50003302
1033778,50001709
1033782,50003743
1032528,50003794
1032529,50003755
1429,50001315
201958601,50001114
511,50003746
1035307,50003372
10059,50004761
10057,50003374
10058,50006194
1032507,50003375
1032508,50003376
1032509,50003376
1032511,50006194
1032512,50006194
1032513,50003372
1032510,50006194
1032514,50003372
1032515,50001024
10098,50001024
137,50003373
129,50003375
138,50003371
1735,50001024
227,50002560
1032549,50003355
1032552,50003426
1032546,50001029
1032547,50002660
1033363,50003434
1045091,50002660
201958102,50003433
201958401,50000063
924,50001029
1035337,50001110
1036058,50002850
1035341,50002851
1035340,50002856
1035342,50002856
1035343,50002856
1035338,50002861
1044047,50002862
141901,50002851
141902,50002861
1455,50002862
1458,50002354
1036784,50004817
1036786,50003379
1036787,50003403
1036785,50003403
1459,50004817
1460,50004121
632,50003404
126450004,50006129
126440004,50006129
126510004,50006129
126454008,50006129
126476005,50006129
126478006,50003426
126552001,50003426
1352,50003426
1033933,50005481
1034175,50002951
1034178,50002945
1034176,50002947
1034177,50007228
1041147,50002947
1033265,50002941
163,50002943
201376628,50005482
201390001,50005481
201381517,50002951
3403,50005481
1032548,50001506
1032551,50002573
1032550,50003464
1032553,50003393
1032554,50003393
1032545,50003419
1033362,50003419
1036410,50002012
1045767,50003419
914,50002012
1032540,50003359
1032534,50003359
1032535,50002108
1032536,50002108
1032537,50003419
1042993,50003359
1032531,50003419
1045753,50003432
915,50003419
1032542,50001029
1032544,50003358
1033357,50002108
1032532,50000875
921,50003358
1032543,50003405
1033359,50002642
1033358,50003405
1032557,50003358
922,50001303
1034236,50014900
1034237,50003145
1034238,50014960
1034233,50014960
1034234,50003145
1034239,50004053
1036837,50004053
1034231,50014880
1034232,50014960
1454,50014880
1449,50001578
1452,50003437
1431,50003404
181314,50003404
201360039,50003180
201356551,50003403
290314,50001026
1035809,50003661
1035810,50003663
1035806,50001978
1035808,50003443
1035807,50002346
201958105,50001978
201958106,50003443
201955701,50001978
201958701,50003403
201958504,50001978
329,50001978
1032560,50003438
1032559,50003427
1032558,50001027
201682401,50004353
201682501,50004353
201682302,50004353
201675405,50004353
201675307,50004353
201679103,50004353
201679104,50004350
201681802,50004332
201681702,50004332
201673704,50004332
201673606,50004348
201677603,50004371
201680702,50004368
201674503,50004348
201678103,50004348
201678104,50000874
201681102,50000874
201681303,50000874
201648502,50000874
201670903,50000871
201671204,50004354
201674604,50004374
201674802,50004351
201675003,50000875
201678902,50004354
201681601,50004349
201681402,50004351
201681501,50004354
201673003,50004351
201672903,50004329
201677002,50004329
201680401,50004329
201680601,50000871
201680701,50000871
201680501,50000875
201672804,50004329
201672702,50004329
201672803,50000871
201676704,50004354
201676504,50004329
201676703,50004329
201680301,50000875
201680302,50000871
201680201,50000871
201680303,50004354
201671803,50004354
201671804,50000875
201671903,50004329
201671805,50004354
201671902,50000871
201675702,50000871
201679202,50004329
201679502,50000871
201682001,50004351
201682101,50004351
201671904,50000871
201672502,50000875
201672402,50000875
201676403,50004354
201676404,50004354
201676303,50004329
201676302,50004334
201679802,50004338
201679702,50004351
201671205,50004351
201671302,50000875
201671503,50004354
201675305,50000871
201675404,50004374
201675403,50000871
201675306,50000875
201679002,50000875
201681701,50004354
201681801,50004354
201681902,50004374
201681901,50004354
201673505,50000875
201673605,50000875
201677302,50000875
201677602,50000871
201677803,50004329
201680802,50004354
201681001,50004329
201680801,50000871
201681101,50000875
201680901,50000875
201674303,50000875
201674203,50004354
201674603,50000871
201678302,50000875
201681201,50004354
201681302,50004354
201681301,50004354
201681401,50004354
201649201,50000875
201671203,50004312
201675002,50004322
201675304,50004351
201675104,50004342
201678601,50000872
201678701,50000872
201678901,50000875
201678801,50004328
201673002,50004311
201677202,50004354
201677203,50004341
201672802,50004354
201676503,50004316
201676702,50004352
201676502,50004319
201680101,50004329
201679901,50004307
201680001,50004307
201675602,50000875
201675804,50004333
201675803,50000872
201679301,50004327
201679401,50004336
201679201,50004327
201679601,50000871
201679501,50004303
201672605,50004335
201675805,50004344
201679801,50004320
201679701,50004304
201675502,50004376
201679001,50004354
201679102,50004354
201679101,50004324
201673504,50004305
201673604,50004482
201673902,50004338
201677402,50000872
201677702,50004329
201674002,50004335
201674602,50004376
201678401,50000872
201678501,50000872
201678102,50004315
201649001,50000156
1034097,50001213
1034099,50000208
1034207,50002116
1034208,50000237
1034209,50001971
1034210,50003088
1034205,50002325
1034206,50000059
82,50001397
122344005,50006717
122344006,50005245
201308506,50006878
201833102,50004566
201230312,50004568
201304410,50000388
201329618,50001808
201219106,50005672
201220614,50004281
201231604,50003350
201332720,50000078
201303012,50000384
201304810,50002363
201330316,50001780
201305307,50001780
1032977,50003798
1032975,50003762
1032981,50003737
1032979,50003799
1032980,50003739
1905,50003736
201150201,50003734
201150101,50002946
2112,50001047
124746005,50007629
1033057,50007648
1033064,50007848
1033065,50007848
1033071,50007968
1033070,50007968
1033066,50007828
1033068,50007750
1033069,50007968
124256006,50004093
1033072,50007770
1033075,50007770
201162207,50007968
201891503,50001729
2113,50000087
1032786,50001964
1035980,50001730
1035981,50001007
1035982,50005258
1035983,50006396
1035984,50006394
1035985,50004431
1033133,50006398
1033134,50006922
201160705,50001279
2117,50000240
1033095,50002641
1033092,50003575
1033089,50007969
1036616,50001731
1033063,50002767
1033062,50002767
1033087,50002769
1040573,50002768
127840004,50004428
2111,50001041
1033107,50003566
1033104,50003568
1033105,50003570
122646002,50003576
122626002,50003575
1033110,50007568
1033108,50001041